site,SampleID,init_green_wt,Species.Code,block,termite_treatment_abbreviation,harvest,deployment_date,harvest_date,insect_present,termite_present,fungi_present,soil_present,root_present,fire_present_2021,fire_present_2019,Termite_Class,Fungi_Class,Fire_Class,Field_fresh_wt,Collar,fresh_volume,FW_Wood,Lab_As.,FW_Excess,FW_Carton,FW_Soil,Sawdust_FW,Post_drill_FW,DW_Wood,DW_Excess,DW_Carton,DW_Soil,damage_bag,init_drywt_fraction,termite.attack,season_condition,months,date_diff,station,dry.wet,init_dry_wt,harvest_dry_wt,mass.loss,pro.mass.loss,pct.mass.rem,FW_tot,DW_tot,wood_por,resp_dry_wt,deltaCO2,CO2.p,adj_r_CO2,deltaCH4,CH4.p,adj_r_CH4,mean_Tcham,mean_Pressure,CO2_resp_rate,CH4_resp_rate,CO2_resp_outlier,CH4_resp_outlier,FMC
DRO,3,NA,PIRA,A,TI,2,2018-06-11,2019-06-17,NA,NA,NA,NA,NA,NA,NA,NA,NA,NA,411.24,5,0.401,411.24,NA,NA,NA,NA,NA,NA,145.32,NA,NA,NA,NA,NA,0,WET,12,371,DRO.PIRA.A,NA,166.8253,145.32,21.505300000000005,0.128909104314513,87.1090895685487,NA,145.32,1,145.32,0.36650534235726134,6.172132089016477e-224,0.9976265846688759,4.1142558859534335e-6,0.022491117763993384,0.024694259508908467,20.907602339181288,1007.426326601258,0.01798327007608315,7.357540335147558e-8,No,No,182.98926507018996
MLRF,83,NA,PIRA,K,TI,2,2018-06-04,2019-06-20,NA,NA,NA,NA,NA,NA,NA,NA,NA,NA,471.14,5,0.405,471.14,NA,NA,NA,NA,NA,NA,159.4,NA,NA,NA,NA,NA,0,WET,12,381,MLRF.PIRA.K,NA,170.7332,159.4,11.333200000000005,0.0663795910812895,93.362040891871,NA,159.4,1,159.4,0.10314624499003977,5.802592356808923e-212,0.9967109843183573,3.5666546667608285e-6,0.014924853814167761,0.028840832405801153,18.12982456140351,906.3333333333331,0.004186327613013396,5.275867102192018e-8,No,No,195.57089084065245
MLRF,99,NA,PIRA,L,TI,2,2018-06-04,2019-06-20,NA,NA,NA,NA,NA,NA,NA,NA,NA,NA,473.14,5,0.411,473.14,NA,NA,NA,NA,NA,NA,163,NA,NA,NA,NA,NA,0,WET,12,381,MLRF.PIRA.L,NA,170.9579,163,7.957899999999995,0.0465488871821659,95.3451112817834,NA,163,1,163,0.08537075167398533,8.997444705271291e-160,0.9863642628560144,5.071044231646361e-6,0.008577302287901422,0.03449249305970836,17.688713450292397,906.3333333333331,0.0033883127992551058,7.335416621773369e-8,No,No,190.26993865030676
MLRF,115,NA,PIRA,M,TI,2,2018-06-04,2019-06-20,NA,NA,NA,NA,NA,NA,NA,NA,NA,NA,484.31,5,0.413,484.31,NA,NA,NA,NA,NA,NA,185.58,NA,NA,NA,NA,NA,0,WET,12,381,MLRF.PIRA.M,NA,193.6587,185.58,8.078699999999998,0.0417161738667048,95.8283826133295,NA,185.58,1,185.58,0.10161783233734112,4.054452578970117e-180,0.992167324205109,4.7683824129408425e-5,2.416185842749012e-53,0.7525358315053159,19.088830409356724,906.3333333333331,0.0035236550435110985,6.026255376083263e-7,No,No,160.97100980709126
MLRF,116,NA,PIRA,M,TE,2,2018-06-04,2019-06-20,NA,NA,NA,NA,NA,NA,NA,NA,NA,NA,500.71,5,0.411,500.71,NA,NA,NA,NA,NA,NA,226.04,NA,NA,NA,NA,NA,0,WET,12,381,MLRF.PIRA.M,NA,234.06,226.04,8.02000000000001,0.0342647184482611,96.5735281551739,NA,226.04,1,226.04,0.09653077951376327,1.2966010077956938e-214,0.9969401796790173,8.208006335950251e-6,6.989208606939659e-7,0.13081201680084142,17.778654970760236,906.3333333333331,0.0027619017533736076,8.559198352007014e-8,No,No,121.51389134666431
MLRF,132,NA,PIRA,N,TE,2,2018-06-04,2019-06-20,NA,NA,NA,NA,NA,NA,NA,NA,NA,NA,462.26,5,0.423,462.26,NA,NA,NA,NA,NA,NA,179.94,NA,NA,NA,NA,NA,0,WET,12,381,MLRF.PIRA.N,NA,187.5397,179.94,7.599700000000013,0.0405231532310226,95.9476846768977,NA,179.94,1,179.94,0.07770381932944508,1.3215353538866857e-175,0.9911423694875936,-4.612273501814008e-6,0.007671303713287559,0.03563696353138568,18.519298245614035,906.3333333333331,0.0027771957034652787,-6.008031024440604e-8,No,No,156.8967433588974
PNW,164,NA,PIRA,U,TE,2,2018-06-05,2019-06-21,NA,NA,NA,NA,NA,NA,NA,NA,NA,NA,167.91,5,0.395,167.91,NA,NA,NA,NA,NA,NA,152.52,NA,NA,NA,NA,NA,0,WET,12,381,PNW.PIRA.U,NA,163.5013,152.52,10.981299999999976,0.0671633803523273,93.2836619647673,NA,152.52,1,152.52,0.00696681258549952,1.0167501840891025e-33,0.5782154994483873,1.8479552163583875e-5,8.356566444763652e-23,0.43305299221229565,27.443801169590643,979,3.101026494804033e-4,2.997890643795369e-7,No,No,10.090479937057426
PNW,180,NA,PIRA,V,TE,2,2018-06-05,2019-06-21,NA,NA,NA,NA,NA,NA,NA,NA,NA,NA,186.31,5,0.397,186.31,NA,NA,NA,NA,NA,NA,170.15,NA,NA,NA,NA,NA,0,WET,12,381,PNW.PIRA.V,NA,174.6373,170.15,4.487300000000005,0.0256949689442061,97.4305031055794,NA,170.15,1,170.15,0.004220294717642608,7.098363324813866e-18,0.35230895813988705,-1.1818379052963914e-5,1.0196944319882323e-10,0.21498797111868317,22.903918128654972,979,1.7088243402277534e-4,-1.7440765851855186e-7,No,No,9.4975022039377
PNW,195,NA,PIRA,W,TI,2,2018-06-05,2019-06-21,NA,NA,NA,NA,NA,NA,NA,NA,NA,NA,199.98,5,0.416,199.98,NA,NA,NA,NA,NA,NA,182.82,NA,NA,NA,NA,NA,0,WET,12,381,PNW.PIRA.W,NA,192.3541,182.82,9.534099999999995,0.0495653588875932,95.0434641112407,NA,182.82,1,182.82,0.003134778361773078,5.110707306584674e-10,0.20018213251133776,-1.0259118727051852e-5,0.014318603268764121,0.029262131426849747,25.934152046783627,979,1.1637088098577555e-4,-1.388035370311723e-7,No,No,9.386281588447652
PNW,211,NA,PIRA,X,TI,2,2018-06-05,2019-06-21,NA,NA,NA,NA,NA,NA,NA,NA,NA,NA,170.18,5,0.407,170.18,NA,NA,NA,NA,NA,NA,154.43,NA,NA,NA,NA,NA,0,WET,12,381,PNW.PIRA.X,NA,162.4426,154.43,8.012599999999992,0.0493257310582322,95.0674268941768,NA,154.43,1,154.43,0.00990249262005864,3.400814982871792e-46,0.699443674445899,1.3169964240287022e-5,3.731723995617254e-12,0.2445879398104287,28.12654970760234,979,4.330115258000397e-4,2.0989037340304124e-7,No,No,10.19879557080878
PNW,212,NA,PIRA,X,TE,2,2018-06-05,2019-06-21,NA,NA,NA,NA,NA,NA,NA,NA,NA,NA,179.76,5,0.408,179.76,NA,NA,NA,NA,NA,NA,165.62,NA,NA,NA,NA,NA,0,WET,12,381,PNW.PIRA.X,NA,167.8035,165.62,2.1835000000000093,0.0130122434871741,98.6987756512826,NA,165.62,1,165.62,0.008692157342740536,5.2610768136732356e-24,0.4511782164061159,4.607197542417909e-6,0.04260877977590759,0.018326781636392897,22.412865497076023,979.6666666666669,3.6141135791307815e-4,6.981746032155014e-8,No,No,8.537616229923914
PNW,228,NA,PIRA,Y,TE,2,2018-06-05,2019-06-21,NA,NA,NA,NA,NA,NA,NA,NA,NA,NA,246.75,5,0.408,246.75,NA,NA,NA,NA,NA,NA,226.01,NA,NA,NA,NA,NA,0,WET,12,381,PNW.PIRA.Y,NA,230.42,226.01,4.409999999999997,0.0191389636316291,98.0861036368371,NA,226.01,1,226.01,0.010494699402404734,1.1792999569025695e-42,0.6690908905889701,1.5335298917611334e-5,1.7407132465424987e-6,0.12170597498892588,28.113684210526316,979,3.13499456563464e-4,1.6695984380421336e-7,No,No,9.176585106853684
MLES,275,NA,PIRA,H,TI,2,2018-06-04,2019-06-20,NA,NA,NA,NA,NA,NA,NA,NA,NA,NA,375.21,5,0.41,375.21,NA,NA,NA,NA,NA,NA,166.15,NA,NA,NA,NA,NA,0,WET,12,381,MLES.PIRA.H,NA,171.1236,166.15,4.973600000000005,0.0290643721847834,97.0935627815217,NA,166.15,1,166.15,0.022241340149278557,3.8317744085845883e-87,0.9013789796320066,5.329061367509238e-6,0.0030294405824818323,0.04520964042284081,14.542397660818713,912,8.811789295429698e-4,7.694968895433167e-8,No,No,125.82606078844417
MLES,308,NA,PIRA,J,TE,2,2018-06-04,2019-06-20,NA,NA,NA,NA,NA,NA,NA,NA,NA,NA,311.25,5,0.405,311.25,NA,NA,NA,NA,NA,NA,119.84,NA,NA,NA,NA,NA,0,WET,12,381,MLES.PIRA.J,NA,161.7152,119.84,41.87520000000001,0.25894411904385,74.105588095615,NA,119.84,1,119.84,0.32180634506923955,5.709456826178739e-196,0.9949145739973654,1.3911188710489746e-5,1.0237682445709781e-10,0.21495165576699582,14.059824561403508,912,0.017728782323722842,2.793196841540156e-7,No,No,159.7212950600801
STCK,323,NA,PIRA,P,TI,2,2018-06-05,2019-06-20,NA,NA,NA,NA,NA,NA,NA,NA,NA,NA,246.56,5,0.397,246.56,NA,NA,NA,NA,NA,NA,169.2,NA,NA,NA,NA,NA,0,WET,12,380,STCK.PIRA.P,NA,175.1554,169.2,5.955399999999997,0.0340006645527342,96.5999335447266,NA,169.2,1,169.2,0.04528796145630857,1.0690247810441066e-159,0.986336417975866,4.718155854753846e-6,0.04960299851239395,0.016834064657411885,20.90105263157895,966,0.001831941147188505,6.955911108509394e-8,No,No,45.721040189125304
STCK,339,NA,PIRA,Q,TI,2,2018-06-05,2019-06-20,NA,NA,NA,NA,NA,NA,NA,NA,NA,NA,317.55,5,0.41,317.55,NA,NA,NA,NA,NA,NA,217.53,NA,NA,NA,NA,NA,0,WET,12,380,STCK.PIRA.Q,NA,223.72,217.53,6.189999999999998,0.0276685142141964,97.2331485785804,NA,217.53,1,217.53,0.05424696450428456,2.411744998866213e-151,0.9828441692564962,7.282129742963514e-6,0.029910764410156047,0.02183672712573792,19.74245614035088,966,0.001707899324815989,8.355996187496578e-8,No,No,45.97986484622811
STCK,371,NA,PIRA,S,TI,2,2018-06-05,2019-06-20,NA,NA,NA,NA,NA,NA,NA,NA,NA,NA,172.5,5,0.386,172.5,NA,NA,NA,NA,NA,NA,143.23,NA,NA,NA,NA,NA,0,WET,12,380,STCK.PIRA.S,NA,173.3333,143.23,30.10330000000002,0.173672918014023,82.6327081985977,NA,143.23,1,143.23,0.011106510667914052,7.359555977148595e-46,0.6966921362866294,1.3245151558787365e-4,2.0173430090601492e-113,0.9517922218095409,20.79923976608187,966,5.323974072138962e-4,2.3140259301770003e-6,No,No,20.435662919779386
STCK,387,NA,PIRA,T,TI,2,2018-06-05,2019-06-20,NA,NA,NA,NA,NA,NA,NA,NA,NA,NA,219.45,5,0.403,219.45,NA,NA,NA,NA,NA,NA,153.83,NA,NA,NA,NA,NA,0,WET,12,380,STCK.PIRA.T,NA,159.4277,153.83,5.597699999999975,0.0351112134215069,96.4888786578493,NA,153.83,1,153.83,0.08183872873016955,9.221758994240285e-198,0.995156899904567,-4.51477668178668e-6,0.014283212429006287,0.029287283993268964,21.61824561403509,966,0.0036268202421413922,-7.292163963583404e-8,No,No,42.65747903529869
STCK,388,NA,PIRA,T,TE,2,2018-06-05,2019-06-20,NA,NA,NA,NA,NA,NA,NA,NA,NA,NA,292.25,5,0.395,292.25,NA,NA,NA,NA,NA,NA,166.08,NA,NA,NA,NA,NA,0,WET,12,380,STCK.PIRA.T,NA,171.8589,166.08,5.778899999999993,0.0336258407332992,96.6374159266701,NA,166.08,1,166.08,0.08569448004416004,2.0951975417019267e-193,0.9945464781416593,-5.816569467441781e-6,0.002960001624804828,0.045449343415823074,21.45619883040936,966,0.0035266814369855426,-8.724354387081172e-8,No,No,75.96941233140655
PNW,181,NA,PIRA,V,TI,3,2018-06-05,2019-12-05,NA,NA,NA,NA,NA,NA,NA,NA,NA,NA,131.69,5,0.42,131.69,NA,NA,NA,NA,NA,NA,127.12,NA,NA,NA,NA,NA,0,DRY,18,548,PNW.PIRA.V,NA,160.3281,127.12,33.2081,0.207125887476993,79.2874112523007,NA,127.12,1,127.12,0.005455088199293981,5.900774222400582e-26,0.47940175690567977,4.120572635421993e-6,0.01009993539001477,0.03282018606491155,38.846959064327486,972.4092952583428,2.7702217164073334e-4,7.626465714214699e-8,No,No,3.5950283196979176
PNW,182,NA,PIRA,V,TE,3,2018-06-05,2019-12-05,0,0,1,NA,1,NA,0,NA,NA,0,193.69,5,0.44,193.69,NA,NA,NA,NA,NA,NA,187.41,NA,NA,NA,NA,NA,0,DRY,18,548,PNW.PIRA.V,NA,189.6507,187.41,2.240700000000004,0.0118148786163194,98.8185121383681,NA,187.41,1,187.41,-0.006172529579762836,1.424885883065864e-30,0.5406320800325946,-3.901778385774152e-6,0.008855973217691045,0.03416500042859383,39.167719298245615,971.5815875715138,-2.1113203599716233e-4,-4.864145415770712e-8,No,No,3.3509417853903214
PNW,229,NA,PIRA,Y,TI,3,2018-06-05,2019-12-05,0,0,1,NA,0,NA,0,NA,NA,0,177.92,5,0.42,177.92,NA,NA,NA,NA,NA,NA,171.33,NA,NA,NA,NA,NA,0,DRY,18,548,PNW.PIRA.Y,NA,173.8515,171.33,2.5214999999999748,0.0145037575171914,98.5496242482809,NA,171.33,1,171.33,0.003937354501164857,1.1425945800590713e-14,0.29388503833562263,7.136064511484768e-6,7.471897831782973e-5,0.08350458721424592,38.50912280701755,971.5815875715138,1.4838788058450786e-4,9.801796379792545e-8,No,No,3.846378334208822
MLES,294,NA,PIRA,I,TE,3,2018-06-04,2019-12-04,1,0,1,NA,0,NA,NA,NA,NA,NA,263.93,5,0.47,263.93,NA,NA,NA,NA,NA,NA,228.51,NA,NA,NA,NA,NA,0,DRY,18,548,MLES.PIRA.I,NA,234.13,228.51,5.6200000000000045,0.0240037585956521,97.5996241404348,NA,228.51,1,228.51,0.02460340173278635,1.464965325437958e-99,0.9296775663726483,9.160071519426939e-6,1.2020599998484498e-6,0.1254093839780024,28.849941520467837,907.2436647173488,6.613727472295496e-4,8.974349879282299e-8,No,No,15.500415736729254
MLES,310,NA,PIRA,J,TE,3,2018-06-04,2019-12-04,0,0,1,NA,1,NA,NA,NA,NA,NA,192.45,5,0.43,192.45,NA,NA,NA,NA,NA,NA,168.88,NA,NA,NA,NA,NA,0,DRY,18,548,MLES.PIRA.J,NA,182.1958,168.88,13.315799999999996,0.0730851095360046,92.6914890463995,NA,168.88,1,168.88,-0.0028469282645738193,6.208088356799529e-10,0.19837840454167688,-7.0464012287945565e-6,1.5042135463729878e-4,0.07629429601742055,28.068070175438596,907,-1.0486739435520233e-4,-9.459851460530083e-8,No,No,13.956655613453336
DRO,7,NA,PIRA,A,TI,4,2018-06-11,2020-07-06,0,1,1,1,0,NA,NA,NA,NA,NA,179.52,5,0.315,179.52,NA,NA,NA,NA,NA,NA,42.24,NA,NA,NA,NA,NA,1,WET,24,756,DRO.PIRA.A,NA,161.9986,42.24,119.7586,0.739257005924743,26.0742994075257,NA,42.24,1,42.24,0.13982519787841713,6.487943837046196e-222,0.9974921675704927,-4.65043079655576e-6,0.002467016500514802,0.047333497349866804,21.017368421052634,1009.819,0.024168272640753,-2.929586666224598e-7,No,No,325
DRO,39,NA,PIRA,C,TI,4,2018-06-11,2020-07-06,0,1,0,1,0,NA,NA,NA,NA,NA,79.98,5,0.155,79.98,NA,NA,NA,NA,NA,NA,30.6,NA,NA,NA,NA,NA,1,WET,24,756,DRO.PIRA.C,NA,166.1532,30.6,135.5532,0.815832617126844,18.4167382873156,NA,30.6,1,30.6,0.16439245590035229,4.080611564188033e-234,0.9982015214699557,-9.628444572443717e-6,1.6758477781749708e-7,0.1449162655592171,20.45093567251462,1009.819,0.04086487430366588,-8.723231818128927e-7,No,No,161.37254901960785
DRO,55,NA,PIRA,D,TI,4,2018-06-11,2020-07-06,0,0,1,1,1,NA,NA,NA,NA,NA,168.35,5,0.45,168.35,NA,NA,NA,NA,NA,NA,51.46,NA,NA,NA,NA,NA,0,WET,24,756,DRO.PIRA.D,NA,170.646,51.46,119.18599999999998,0.698440045474257,30.1559954525743,NA,51.46,1,51.46,0.43455016559867526,4.103988500004219e-299,0.9996940097277274,4.299265605874558e-6,0.0017177257609305393,0.05108125408261799,20.699415204678363,1008.7865,0.059583762246940716,2.1484995845323174e-7,No,No,227.147298872911
DRO,56,NA,PIRA,D,TE,4,2018-06-11,2020-07-06,0,0,1,1,0,NA,NA,NA,NA,NA,294.46,5,0.44,294.46,NA,NA,NA,NA,NA,NA,79.99,NA,NA,NA,NA,NA,0,WET,24,756,DRO.PIRA.D,NA,165.5841,79.99,85.59410000000001,0.516922216565479,48.307778343452,NA,79.99,1,79.99,0.26858349173206625,1.4589781924132226e-268,0.9992965146627268,1.015054119566918e-5,1.6897890501340247e-9,0.18903532152896307,21.193801169590646,1009.819,0.023737409815847516,3.2696119023422185e-7,No,No,268.1210151268909
MLRF,103,NA,PIRA,L,TI,4,2018-06-04,2020-06-04,0,0,1,1,0,NA,0,NA,NA,0,431.52,5,0.47,431.52,NA,NA,NA,NA,NA,NA,168.98,NA,NA,NA,NA,NA,0,WET,24,731,MLRF.PIRA.L,NA,187.8605,168.98,18.880500000000012,0.100502766680595,89.9497233319405,NA,168.98,1,168.98,0.11167180238558214,2.1151314959024015e-238,0.9983997379378318,4.4628506971955895e-6,0.02099328356015483,0.025388365500301102,13.959999999999999,911,0.004287632359655215,6.245099578010824e-8,No,No,155.36749911232098
MLRF,119,NA,PIRA,M,TI,4,2018-06-04,2020-06-04,0,0,1,1,1,NA,0,NA,NA,0,384.9,5,0.44,384.9,NA,NA,NA,NA,NA,NA,137.27,NA,NA,NA,1,NA,0,WET,24,731,MLRF.PIRA.M,NA,170.6989,137.27,33.4289,0.195835474042305,80.4164525957695,NA,137.27,1,137.27,0.13086909232726168,4.64322321427579e-241,0.9985115657909356,5.069897040820336e-6,0.0012940448211902764,0.0540157398656127,14.96280701754386,910.8070175438597,0.0062104965692133885,8.76882435778044e-8,No,No,180.39629926422376
MLRF,120,NA,PIRA,M,TE,4,2018-06-04,2020-06-04,0,0,1,1,1,NA,0,NA,NA,0,414.21,5,0.44,414.21,NA,NA,NA,NA,NA,NA,130.81,NA,NA,NA,NA,NA,0,WET,24,731,MLRF.PIRA.M,NA,162.6947,130.81,31.88470000000001,0.19597872579746,80.402127420254,NA,130.81,1,130.81,0.14585568483452066,8.70772816979173e-250,0.9988265803885814,5.316487868095049e-6,3.6617833916930185e-4,0.06709658788920791,14.374736842105262,911,0.007279920600673578,9.671216476797806e-8,No,No,216.650103203119
MLRF,135,NA,PIRA,N,TI,4,2018-06-04,2020-06-04,0,0,1,1,1,NA,0,NA,NA,0,459.81,5,0.47,459.81,NA,NA,NA,NA,NA,NA,173.47,NA,NA,NA,NA,NA,0,WET,24,731,MLRF.PIRA.N,NA,193.7123,173.47,20.2423,0.104496720135996,89.5503279864004,NA,173.47,1,173.47,0.12535058703530338,4.571225704031819e-250,0.9988354952406552,-6.257071543427532e-6,6.82521175643378e-4,0.06064632304623785,14.289824561403508,911,0.004682876384977992,-8.519428015368772e-8,No,No,165.06600564939185
MLRF,136,NA,PIRA,N,TE,4,2018-06-04,2020-06-04,0,0,1,1,1,NA,0,NA,NA,0,427.48,5,0.44,427.48,NA,NA,NA,NA,NA,NA,147.21,NA,NA,NA,NA,NA,0,WET,24,731,MLRF.PIRA.N,NA,171.1426,147.21,23.93259999999998,0.139840109943404,86.0159890056596,NA,147.21,1,147.21,0.1086644171646629,1.4202302808580592e-232,0.998124361036082,6.020354237165058e-6,5.915148041898628e-4,0.062129333298082234,14.18327485380117,910.6666666666669,0.004820861171163942,9.734470007210633e-8,No,No,190.3878812580667
MLRF,151,NA,PIRA,O,TI,4,2018-06-04,2020-06-04,0,0,1,1,1,NA,0,NA,NA,0,390.71,5,0.5,390.71,NA,NA,NA,NA,NA,NA,136.69,NA,NA,NA,NA,NA,0,WET,24,731,MLRF.PIRA.O,NA,169.1251,136.69,32.435100000000006,0.191781704785393,80.8218295214607,NA,136.69,1,136.69,0.11315914824681376,1.156033050857619e-235,0.9982757953253455,-6.272541819663431e-6,2.419684118980554e-4,0.07138330345965627,13.319415204678362,911,0.005341266835705569,-1.079073844190969e-7,No,No,185.83656448898967
MLRF,152,NA,PIRA,O,TE,4,2018-06-04,2020-06-04,0,0,1,1,1,NA,0,NA,NA,0,430.23,5,0.46,430.23,NA,NA,NA,NA,NA,NA,162.9,NA,NA,NA,NA,NA,0,WET,24,731,MLRF.PIRA.O,NA,187.9724,162.9,25.072399999999988,0.133383411607236,86.6616588392764,NA,162.9,1,162.9,0.08047357429140563,7.622364055906854e-210,0.9965155352787484,4.7441068471475175e-06,0.004161646945917369,0.04193035838605086,15.487777777777778,910.6666666666669,0.0031952234302353175,6.865234842976477e-8,No,No,164.10681399631676
PNW,183,NA,PIRA,V,TI,4,2018-06-05,2020-06-18,1,1,0,1,1,NA,3,NA,NA,3,119.88,5,0.335,119.88,NA,NA,NA,NA,NA,NA,108.09,NA,NA,NA,NA,NA,1,WET,24,744,PNW.PIRA.V,NA,170.123,108.09,62.03299999999999,0.364636175002792,63.5363824997208,NA,108.09,1,108.09,0.005492250461996937,3.212341845382718e-30,0.5362133425244282,4.417068663450447e-6,0.010433713938793306,0.032487906856905946,29.06690058479532,980.3759817440704,3.4882315913438433e-4,1.022450102339025e-7,No,No,10.9075770191507
PNW,184,NA,PIRA,V,TE,4,2018-06-05,2020-06-18,0,0,1,1,0,NA,2,NA,NA,2,165.15,5,0.41,165.15,NA,NA,NA,NA,NA,NA,151.19,NA,NA,NA,NA,NA,0,WET,24,744,PNW.PIRA.V,NA,158.1831,151.19,6.993099999999998,0.0442088946290723,95.5791105370928,NA,151.19,1,151.19,0.0022364115487080636,3.7001211556820167e-6,0.11412837033387069,6.517935056522892e-6,2.9091292727440895e-4,0.06947794278573594,30.878888888888888,980.3759817440704,9.9047499183317907e-05,1.0520946512653749e-7,No,No,9.233414908393419
PNW,199,NA,PIRA,W,TI,4,2018-06-05,2020-06-18,0,1,1,1,0,NA,0,NA,NA,0,156.42,5,0.44,156.42,NA,NA,NA,NA,NA,NA,141.84,NA,NA,NA,NA,NA,1,WET,24,744,PNW.PIRA.W,NA,159.5351,141.84,17.695099999999996,0.110916657212112,88.9083342787888,NA,141.84,1,141.84,0.004277671778625534,5.92194713566344e-18,0.3536821811036054,1.0081568147457089e-5,8.041791677674304e-12,0.23781112872273513,29.402280701754385,979.8604795882386,2.0126748133344457e-4,1.7288098918958483e-7,No,No,10.279187817258872
PNW,200,NA,PIRA,W,TE,4,2018-06-05,2020-06-18,0,0,1,1,0,NA,2,NA,NA,2,192.44,5,0.425,192.44,NA,NA,NA,NA,NA,NA,174.95,NA,NA,NA,NA,NA,0,WET,24,744,PNW.PIRA.W,NA,194.0456,174.95,19.09560000000002,0.0984077969302061,90.1592203069794,NA,174.95,1,174.95,0.0018094542679320824,2.884549012408676e-6,0.11728960116232279,5.431808731433179e-6,7.79036952932229e-4,0.05961879326421171,31.103411764705882,979.755200978949,6.889505373950622e-5,7.537683471322375e-8,No,No,9.997142040583029
PNW,216,NA,PIRA,X,TE,4,2018-06-05,2020-06-18,0,0,1,1,0,NA,2,NA,NA,2,163.32,5,0.4,163.32,NA,NA,NA,NA,NA,NA,147.67,NA,NA,NA,NA,NA,0,WET,24,744,PNW.PIRA.X,NA,163.9384,147.67,16.268400000000014,0.0992348345476107,90.0765165452389,NA,147.67,1,147.67,0.003984512683898578,1.227225826981715e-16,0.33033352038547936,5.753711570306906e-6,8.129906318352888e-5,0.08263617076647412,24.373625730994153,980.3759817440704,1.8509620375275912e-4,9.741444949134957e-8,No,No,10.59795489943794
MLES,264,NA,PIRA,G,TE,4,2018-06-04,2020-07-01,0,0,0,1,0,NA,NA,NA,NA,NA,435.35,5,0.48,435.35,NA,NA,NA,NA,NA,NA,113.58,NA,NA,NA,NA,NA,0,WET,24,758,MLES.PIRA.G,NA,198.3256,113.58,84.74560000000001,0.427305400815628,57.2694599184372,NA,113.58,1,113.58,0.07888074567403376,4.13521558572685e-200,0.9954570967357541,-3.6217318261452416e-6,0.045968545371413976,0.017580148603986268,16.108830409356724,910,0.004455913616262828,-7.456500311774717e-8,No,No,283.2981158654693
MLES,280,NA,PIRA,H,TE,4,2018-06-04,2020-07-01,0,0,1,1,0,NA,NA,NA,NA,NA,472.03,5,0.47,472.03,NA,NA,NA,NA,NA,NA,178.73,NA,NA,NA,NA,NA,0,WET,24,758,MLES.PIRA.H,NA,188.2952,178.73,9.565200000000004,0.0507989582315428,94.9201041768457,NA,178.73,1,178.73,0.029122152062783603,4.0611328075365794e-133,0.9718110235727991,-1.2904422924616579e-4,2.724820589544216e-97,0.9251934175928693,16.26801169590643,909.3333333333331,0.0010467978639660481,-1.6905613894295213e-6,No,No,164.10227717786603
MLES,296,NA,PIRA,I,TE,4,2018-06-04,2020-07-01,0,0,1,1,0,NA,NA,NA,NA,NA,451.08,5,0.44,451.08,NA,NA,NA,NA,NA,NA,123.4,NA,NA,NA,NA,NA,0,WET,24,758,MLES.PIRA.I,NA,195.1802,123.4,71.78020000000001,0.367763738330015,63.2236261669985,NA,123.4,1,123.4,0.04133415076679386,1.0351599315444884e-162,0.9874136757031288,1.8141078071375914e-5,2.898106120682553e-16,0.32356741850678516,16.330526315789474,909.3333333333331,0.002168196716892864,3.468212913666238e-7,No,No,265.5429497568881
MLES,311,NA,PIRA,J,TI,4,2018-06-04,2020-07-01,0,0,1,1,0,NA,NA,NA,NA,NA,172.31,5,0.44,172.31,NA,NA,NA,NA,NA,NA,117.53,NA,NA,NA,NA,NA,0,WET,24,758,MLES.PIRA.J,NA,166.3488,117.53,48.81880000000001,0.293472510772545,70.6527489227455,NA,117.53,1,117.53,0.07030909616723019,9.71532691050864e-191,0.9941355260502952,-4.365877312981564e-5,1.1897404318694328e-45,0.6949675061215452,16.322573099415205,909.3333333333331,0.003872393958197396,-8.763801686325709e-7,No,No,46.6093763294478
STCK,327,NA,PIRA,P,TI,4,2018-06-05,2020-06-11,0,1,1,1,0,NA,0,NA,NA,0,142.03,5,0.33,142.03,NA,NA,NA,NA,NA,NA,100.99,NA,NA,NA,NA,NA,1,WET,24,737,STCK.PIRA.P,NA,187.5423,100.99,86.55230000000002,0.46150815042793,53.849184957207,NA,100.99,1,100.99,0.18863112751097938,7.743247541453286e-225,0.9976841783631835,3.2738877288980194e-5,2.7592652504994562e-52,0.745314135620091,25.037134502923976,967,0.012834597972856117,8.11868490579856e-7,No,No,40.63768689969305
STCK,328,NA,PIRA,P,TE,4,2018-06-05,2020-06-11,0,0,1,1,0,NA,0,NA,NA,0,165,5,0.44,165,NA,NA,NA,NA,NA,NA,137.46,NA,NA,NA,NA,NA,0,WET,24,737,STCK.PIRA.P,NA,159.0259,137.46,21.5659,0.135612500856779,86.4387499143221,NA,137.46,1,137.46,0.008830461516307803,6.644145134898466e-43,0.6713238983093724,6.688974488204817e-6,2.1826772182756022e-4,0.07244900609513194,27.13502923976608,966.6666666666669,4.261389094442246e-4,1.1764685526940718e-7,No,No,20.034919249236136
STCK,343,NA,PIRA,Q,TI,4,2018-06-05,2020-06-11,0,1,1,1,0,NA,0,NA,NA,0,241.2,5,0.45,241.2,NA,NA,NA,NA,NA,NA,181.76,NA,NA,NA,NA,NA,1,WET,24,737,STCK.PIRA.Q,NA,231.04,181.76,49.28,0.213296398891967,78.6703601108033,NA,181.76,1,181.76,0.06631966472268272,5.9769472417814765e-189,0.9938425601872642,1.0726994984039618e-5,2.801692645885584e-10,0.20573313453273934,22.42479532163743,966.6822612085772,0.00245269594418242,1.4458807106110852e-7,No,No,32.70246478873239
STCK,359,NA,PIRA,R,TI,4,2018-06-05,2020-06-11,1,1,1,1,1,NA,0,NA,NA,0,136.92,5,0.33,136.92,NA,NA,NA,NA,NA,NA,106.16,NA,NA,NA,NA,NA,1,WET,24,737,STCK.PIRA.R,NA,165.5891,106.16,59.429100000000005,0.358894999731262,64.1105000268738,NA,106.16,1,106.16,0.04809188734490152,2.0427193951072064e-172,0.9903382300232372,2.387713778289777e-5,9.823253163270955e-31,0.5426398175481655,25.46251461988304,966.6666666666669,0.003107344168440656,5.622802095855486e-7,No,No,28.975131876412952
STCK,376,NA,PIRA,S,TE,4,2018-06-05,2020-06-11,0,0,1,1,0,NA,0,NA,NA,0,220.93,5,0.47,220.93,NA,NA,NA,NA,NA,NA,188.1,NA,NA,NA,NA,NA,0,WET,24,737,STCK.PIRA.S,NA,195.6554,188.1,7.555399999999992,0.0386158521563932,96.1384147843607,NA,188.1,1,188.1,0.005983360453116408,2.8004852340758366e-37,0.6170668425971073,8.280269757844084e-6,9.166053082717721e-7,0.12811374662954333,26.056900584795322,966.6666666666669,2.1013615000979707e-4,1.0598711860588304e-7,No,No,17.4534821903243
STCK,391,NA,PIRA,T,TI,4,2018-06-05,2020-06-11,0,1,1,1,0,NA,1,NA,NA,1,213.14,5,0.45,213.14,NA,NA,NA,NA,NA,NA,171.58,NA,NA,NA,NA,NA,1,WET,24,737,STCK.PIRA.T,NA,199.1235,171.58,27.543499999999995,0.138323703631164,86.1676296368836,NA,171.58,1,171.58,0.027241054551563882,2.4887378254910326e-129,0.968746991204459,-4.5164806681536844e-6,0.005099275757341761,0.03983565201219186,25.369590643274854,966.6666666666669,0.001056682491193393,-6.385188849186578e-8,No,No,24.221937288728274
DRO,10,NA,PIRA,A,TE,5,2018-06-11,2020-12-05,0,0,1,1,1,NA,0,NA,NA,0,253,5,0.47,253,NA,NA,NA,NA,NA,NA,162.83,NA,NA,NA,NA,NA,0,DRY,30,908,DRO.PIRA.A,NA,200.0901,162.83,37.260099999999994,0.186216609417457,81.3783390582543,NA,162.83,1,162.83,0.6366023354213161,7.491678072163443e-307,0.999752185689431,3.979952960377746e-6,0.026976321190709484,0.022868965209403957,26.493391812865497,1000.157437712172,0.026683127500241998,6.079942028996535e-8,No,No,55.37677332186942
DRO,57,NA,PIRA,D,TI,5,2018-06-11,2020-12-05,0,0,1,1,0,NA,0,NA,NA,0,133.62,5,0.47,133.62,NA,NA,NA,NA,NA,NA,86.4,NA,NA,NA,NA,NA,0,DRY,30,908,DRO.PIRA.D,NA,158.3657,86.4,71.9657,0.454427316016031,54.5572683983969,NA,86.4,1,86.4,0.22417421748626054,1.6886251734867404e-227,0.9978461781478717,5.271973024215277e-6,0.01078406202073349,0.03215054105567705,26.966374269005847,999.7944837460502,0.017673893244817118,1.5148608425467583e-7,No,No,54.65277777777777
DRO,73,NA,PIRA,E,TI,5,2018-06-11,2020-12-05,1,0,1,1,1,NA,0,NA,NA,0,342.05,5,0.47,342.05,NA,NA,NA,NA,NA,NA,178.21,NA,NA,NA,NA,NA,0,DRY,30,908,DRO.PIRA.E,NA,198.3024,178.21,20.092399999999998,0.101322021316938,89.8677978683062,NA,178.21,1,178.21,0.18382192118463028,3.426087409660878e-238,0.9983905780673225,5.943058055534459e-6,0.0014333445008908418,0.05295630927488759,26.549473684210525,1000.157437712172,0.007038609664115113,8.293780720273616e-8,No,No,91.93647943437517
DRO,74,NA,PIRA,E,TE,5,2018-06-11,2020-12-05,0,0,0,1,0,NA,0,NA,NA,0,305.43,5,0.48,305.43,NA,NA,NA,NA,NA,NA,172.84,NA,NA,NA,NA,NA,0,DRY,30,908,DRO.PIRA.E,NA,191.797,172.84,18.956999999999994,0.0988388765204878,90.1161123479512,NA,172.84,1,172.84,0.27506349461204344,5.861027329428707e-263,0.9991804538865992,6.074723402212826e-6,5.639449142104303e-4,0.06262390106901128,26.51169590643275,1000.157437712172,0.010832749185592759,8.719372572728527e-8,No,No,76.71256653552419
MLRF,106,NA,PIRA,L,TE,5,2018-06-04,2020-12-04,1,0,1,1,0,NA,0,NA,NA,0,439.87,5,0.46,439.87,NA,NA,NA,NA,NA,NA,142.28,NA,NA,NA,NA,NA,0,DRY,30,914,MLRF.PIRA.L,NA,167.3414,142.28,25.061399999999992,0.149762103101803,85.0237896898197,NA,142.28,1,142.28,0.11639908560731467,5.595222366840181e-228,0.9978741494083258,5.6225286197709694e-5,6.568282549753272e-76,0.8660890025231935,18.21842105263158,903.3333333333334,0.0051996489665872584,9.153962447219736e-7,No,No,209.15799831318526
MLRF,121,NA,PIRA,M,TI,5,2018-06-04,2020-12-04,1,0,1,1,1,NA,0,NA,NA,0,366.86,5,0.45,366.86,NA,NA,NA,NA,NA,NA,135.36,NA,NA,NA,NA,NA,0,DRY,30,914,MLRF.PIRA.M,NA,175.851,135.36,40.490999999999985,0.230257433850248,76.9742566149752,NA,135.36,1,135.36,0.3403823637410893,1.0142633642293421e-279,0.9994809497734807,4.54692922456732e-6,0.020172925954506725,0.025790368337397118,18.35684210526316,903.6666666666669,0.016022104776249303,7.800522739673465e-8,No,No,171.0254137115839
MLRF,138,NA,PIRA,N,TE,5,2018-06-04,2020-12-04,1,0,1,1,1,NA,0,NA,NA,0,325.48,5,0.46,325.48,NA,NA,NA,NA,NA,NA,168.19,NA,NA,NA,NA,NA,0,DRY,30,914,MLRF.PIRA.N,NA,195.6726,168.19,27.48259999999999,0.140451959037699,85.9548040962301,NA,168.19,1,168.19,0.31758228670170646,4.132864976886931e-291,0.9996194444812238,5.924410204715836e-6,0.0035779766940874902,0.04349018301065777,18.012573099415206,903.6666666666669,0.012014109120567213,8.168332681267406e-8,No,No,93.51923419941734
MLRF,154,NA,PIRA,O,TE,5,2018-06-04,2020-12-04,1,0,1,1,1,NA,0,NA,NA,0,340.44,5,0.47,340.44,NA,NA,NA,NA,NA,NA,166.18,NA,NA,NA,NA,NA,0,DRY,30,914,MLRF.PIRA.O,NA,230.05,166.18,63.870000000000005,0.277635296674636,72.2364703325364,NA,166.18,1,166.18,0.3937514090287277,5.21664656019125e-310,0.9997726142389141,5.754313965489825e-6,0.0019343595345244157,0.049851160783090154,18.200701754385967,903.6666666666669,0.015027087764961727,8.003855722401339e-8,No,No,104.86219761704174
PNW,169,NA,PIRA,U,TI,5,2018-06-05,2020-12-04,0,1,0,1,0,NA,1,NA,NA,1,99.42,5,0.32,99.42,NA,NA,NA,NA,NA,NA,89.61,6.19,NA,NA,NA,NA,1,DRY,30,913,PNW.PIRA.U,NA,167.8244,89.61,78.2144,0.429165246531494,57.0834753468506,NA,95.8,0.9353862212943633,89.61,0.005632689178486164,1.5764593821964284e-25,0.4733503564452126,4.924314205485791e-6,0.003461095106364427,0.04383320709629668,36.63122807017544,975,4.202452020765046e-4,1.3390158831953777e-7,No,No,10.94743890190827
PNW,185,NA,PIRA,V,TI,5,2018-06-05,2020-12-04,0,1,0,1,0,NA,1,NA,NA,1,143.1,5,0.44,143.1,NA,NA,NA,NA,NA,NA,134.66,NA,NA,NA,NA,NA,1,DRY,30,913,PNW.PIRA.V,NA,165.3739,134.66,30.713899999999995,0.185723986675044,81.4276013324956,NA,134.66,1,134.66,0.005629177046583266,1.0693992519621398e-35,0.6002625728798041,2.5627186982504337e-6,0.04289315350370639,0.018261248405697317,34.645964912280704,975,2.72865768981045e-4,4.5274960670103243e-8,No,No,6.267637011733253
PNW,202,NA,PIRA,W,TE,5,2018-06-05,2020-12-04,0,0,1,1,0,NA,1,NA,NA,1,168.84,5,0.43,168.84,NA,NA,NA,NA,NA,NA,161.02,NA,NA,NA,NA,NA,0,DRY,30,913,PNW.PIRA.W,NA,171.3013,161.02,10.281299999999987,0.0600188089640884,93.9981191035912,NA,161.02,1,161.02,0.0024343466052265594,3.1468959444882223e-13,0.2660342222719132,3.7874649002820907e-6,0.028676838758187335,0.022257475182797526,33.57421052631579,975,9.92830379973687e-5,5.629816717302234e-8,No,No,4.856539560303064
PNW,217,NA,PIRA,X,TI,5,2018-06-05,2020-12-04,0,1,1,1,0,NA,1,NA,NA,1,114.2,5,0.4,114.2,NA,NA,NA,NA,NA,NA,108.88,1.78,NA,NA,NA,NA,1,DRY,30,913,PNW.PIRA.X,NA,165.471,108.88,56.59100000000001,0.331242332493307,66.8757667506693,NA,110.66,0.9839146936562443,108.88,0.004604546523627775,2.389095067595908e-23,0.44133197602290586,4.741447668416965e-6,0.001747422200964568,0.05090371609812128,37.27777777777778,975,2.7651975327116606e-4,1.0377751146508507e-7,No,No,4.8861131520940555
PNW,233,NA,PIRA,Y,TI,5,2018-06-05,2020-12-04,0,1,0,1,0,NA,0,NA,NA,0,161.72,5,0.43,161.72,NA,NA,NA,NA,NA,NA,150.67,NA,NA,NA,NA,NA,1,DRY,30,913,PNW.PIRA.Y,NA,172.6735,150.67,22.003500000000003,0.127428354669362,87.2571645330638,NA,150.67,1,150.67,0.0074437345168344585,1.2100600609487241e-33,0.5795160636898786,4.083178795584373e-5,2.418345543542348e-53,0.7545864629588885,31.78929411764706,975.5,3.265080388511689e-4,6.527612954557646e-7,No,No,7.333908541846427
MLES,266,NA,PIRA,G,TE,5,2018-06-04,2020-12-04,1,0,1,1,0,NA,0,NA,NA,0,223.79,5,0.44,223.79,NA,NA,NA,NA,NA,NA,81.69,NA,NA,NA,NA,NA,0,DRY,30,914,MLES.PIRA.G,NA,166.1999,81.69,84.50990000000002,0.508483458774644,49.1516541225356,NA,81.69,1,81.69,0.37814384620923086,1.284528059967157e-289,0.9996036483995259,-5.517248662009768e-6,0.021494363292471525,0.025150661932717533,18.908304093567253,907.6485419313624,0.029644038025292252,-1.5763617121818198e-7,No,No,173.9502999143102
MLES,281,NA,PIRA,H,TI,5,2018-06-04,2020-12-04,1,0,1,1,0,NA,0,NA,NA,0,217.69,5,0.46,217.69,NA,NA,NA,NA,NA,NA,155.79,NA,NA,NA,NA,NA,0,DRY,30,914,MLES.PIRA.H,NA,224.2,155.79,68.41,0.305129348795718,69.4870651204282,NA,155.79,1,155.79,0.12398267237862133,1.2070897800160984e-230,0.998023112757057,3.608731130149313e-6,0.04192691511559817,0.01848578921102695,18.233216374269006,908.2949840126944,0.00508565102684322,5.3950203132024906e-8,No,No,39.73297387508827
MLES,297,NA,PIRA,I,TI,5,2018-06-04,2020-12-04,0,0,1,1,0,NA,0,NA,NA,0,245.1,5,0.47,245.1,NA,NA,NA,NA,NA,NA,114.4,NA,NA,NA,NA,NA,0,DRY,30,914,MLES.PIRA.I,NA,191.1402,114.4,76.74019999999999,0.401486448167366,59.8513551832634,NA,114.4,1,114.4,0.40718715626275015,2.994523362537675e-291,0.9996208927162754,-6.343686850503997e-6,3.248263535183511e-4,0.06833693905144156,19.638538011695907,907.6485419313624,0.022561654886572937,-1.28106631778424e-7,No,No,114.24825174825173
MLES,313,NA,PIRA,J,TI,5,2018-06-04,2020-12-04,0,1,0,1,0,NA,0,NA,NA,0,58.91,5,0.31,58.91,NA,NA,NA,NA,NA,NA,27.44,3.06,NA,NA,NA,NA,1,DRY,30,914,MLES.PIRA.J,NA,167.9603,27.44,140.5203,0.818409469380562,18.1590530619438,NA,30.5,0.8996721311475411,27.44,0.14614774497804014,4.0081518539439356e-233,0.9981522323107295,2.1953041495668108e-4,3.1324005120481267e-173,0.9905502531161975,19.640818713450294,907.1637103703638,0.03514080363920053,1.9238325312101988e-5,No,No,114.68658892128278
STCK,329,NA,PIRA,P,TI,5,2018-06-05,2020-12-04,0,1,1,1,0,NA,1,NA,NA,1,152.14,5,0.41,152.14,NA,NA,NA,NA,NA,NA,133.83,7.72,NA,NA,NA,NA,1,DRY,30,913,STCK.PIRA.P,NA,196.1442,133.83,62.3142,0.278337060183273,72.1662939816727,NA,141.55,0.9454609678558813,133.83,0.007186396428828615,7.152927622282043e-43,0.6710375808515121,9.786267309858684e-6,1.1286813495449672e-8,0.17105158340462912,35.66725146198831,962,3.4735076238567316e-4,1.723959881985985e-7,No,No,13.681536277366787
STCK,330,NA,PIRA,P,TE,5,2018-06-05,2020-12-04,0,0,1,1,1,NA,0,NA,NA,0,163.43,5,0.43,163.43,NA,NA,NA,NA,NA,NA,153.07,NA,NA,NA,NA,NA,0,DRY,30,913,STCK.PIRA.P,NA,158.9936,153.07,5.923599999999993,0.0372568455585633,96.2743154441437,NA,153.07,1,153.07,0.0036057393140853542,1.1783269195653181e-11,0.23441810494841964,5.3171886624934164e-6,6.860943941739535e-4,0.06059220696638157,32.210058479532165,962,1.5331441595382156e-4,8.239934002520982e-8,No,No,6.768145293003211
STCK,377,NA,PIRA,S,TI,5,2018-06-05,2020-12-04,0,0,1,1,1,NA,0,NA,NA,0,175.02,5,0.43,175.02,NA,NA,NA,NA,NA,NA,160.89,NA,NA,NA,NA,NA,0,DRY,30,913,STCK.PIRA.S,NA,167.3839,160.89,6.493900000000025,0.0387964433855349,96.1203556614465,NA,160.89,1,160.89,0.0026132183742527647,2.6263938027821017e-14,0.2869900813517575,3.831631746945598e-6,0.011710423714394748,0.031309481951987794,31.67093567251462,961.0382185047754,1.0579336393710233e-4,5.653527146711564e-8,No,No,8.782397911616648
DRO,76,NA,PIRA,E,TE,6,2018-06-11,2021-06-07,1,0,1,1,1,0,NA,0,3,0,398.81,5,0.48,363.6,2A,0,0,0,NA,NA,124.69,0,0,0,NA,NA,0,WET,36,1092,DRO.PIRA.E,NA,166.0245,124.69,41.33449999999999,0.248966267026854,75.1033732973146,363.6,124.69,1,124.69,0.4844229236566114,7.954711984226716e-299,0.9996916038027289,4.1851153190792045e-6,0.014465964588189696,0.029158076965755675,23.914093567251463,1004.4635,0.026791061020420028,8.435787899466926e-8,No,No,191.60317587617294
MLRF,156,NA,PIRA,O,TE,6,2018-06-04,2021-06-09,1,0,1,1,1,0,NA,0,3,0,329.47,5,0.46,295.34,2A,0,0,1.47,NA,NA,80.61,0,0,0,NA,NA,0,WET,36,1101,MLRF.PIRA.O,NA,160.8014,80.61,80.1914,0.498698394416964,50.1301605583036,296.81,80.61,1,80.61,0.31699092423260655,8.371210279776772e-267,0.9992619794628619,5.412443900449223e-6,0.016315654258873193,0.027936795259255076,21.611520467836257,904.981448751824,0.024750817775005936,1.5402425894985402e-7,No,No,266.3813422652276
PNW,204,NA,PIRA,W,TE,6,2018-06-05,2021-06-10,0,1,1,1,0,0,NA,0,2,0,134.51,5,0.4,139.3,2A,0,0,0,NA,NA,124.39,0,0,0,NA,NA,1,WET,36,1101,PNW.PIRA.W,NA,180.469,124.39,56.07899999999999,0.310740348757958,68.9259651242042,139.3,124.39,1,124.39,0.0018348998008024316,9.046614540537954e-6,0.10508565440744577,-7.71757265941847e-6,7.291602856629954e-6,0.10727267610978652,27.105906432748537,977,9.992479314943478e-5,-1.5317737641105467e-7,No,No,11.986494091164893
PNW,236,NA,PIRA,Y,TE,6,2018-06-05,2021-06-10,0,0,1,1,0,1,NA,0,1,1,198.92,5,0.45,204.45,2,0,0,0,NA,NA,182.86,0,0,0,NA,NA,0,WET,36,1101,PNW.PIRA.Y,NA,199.2328,182.86,16.372799999999984,0.0821792395629635,91.7820760437037,204.45,182.86,1,182.86,0.0013133770129840482,8.408560297394507e-4,0.05848401019661398,3.892884056928503e-6,0.02674378713516737,0.022955654986298812,28.0406432748538,977,4.788584289540191e-5,5.1729965648321625e-8,No,No,11.806846768019236
MLES,251,NA,PIRA,F,TI,6,2018-06-04,2021-06-09,1,0,1,1,1,0,NA,0,2,0,456.17,5,0.47,444.45,2A,0,0,0,NA,NA,150.86,0,0,0,NA,NA,0,WET,36,1101,MLES.PIRA.F,NA,191.1132,150.86,40.25319999999999,0.210624907123108,78.9375092876892,444.45,150.86,1,150.86,0.21487955480356194,1.4551874981905302e-248,0.998786815700131,4.817265461879031e-6,0.012641253470794773,0.030529879670317728,21.710526315789476,908,0.008968699365067513,7.32804193124542e-8,No,No,194.61089752088026
MLES,252,NA,PIRA,F,TE,6,2018-06-04,2021-06-09,0,0,1,1,1,0,NA,0,1,0,341.83,5,0.48,320.1,2,0,0,0,NA,NA,140.25,0,0,0,NA,NA,0,WET,36,1101,MLES.PIRA.F,NA,196.0786,140.25,55.828599999999994,0.284725615135971,71.5274384864029,320.1,140.25,1,140.25,0.4457956843545255,1.2061431788185439e-293,0.9996448434440353,5.549151606785687e-6,0.004141980927930624,0.04197922819321476,21.554795321637428,908,0.01997305459873331,9.061252131926633e-8,No,No,128.23529411764707
STCK,332,NA,PIRA,P,TE,6,2018-06-05,2021-06-11,0,0,1,1,1,0,NA,0,1,0,192.84,5,0.47,193.94,2,0,0,0,NA,NA,161.3,0,0,0,NA,NA,0,WET,36,1102,STCK.PIRA.P,NA,169.2126,161.3,7.912599999999998,0.0467612931897505,95.3238706810249,193.94,161.3,1,161.3,0.003925732594139626,3.5191355692375788e-15,0.3035320864593035,9.76841865265079e-6,0.032445060185502625,0.021026076507372538,24.24029239766082,966.8752436647172,1.6179655161956973e-4,1.4673232769537608e-7,No,No,20.235585864848098
STCK,379,NA,PIRA,S,TI,6,2018-06-05,2021-06-11,0,1,1,1,1,0,NA,1,1,0,188.02,5,0.45,192.31,3,0,0,8.59,NA,NA,163.9,0,0,4.24,NA,NA,1,WET,36,1102,STCK.PIRA.S,NA,172.2608,163.9,8.360799999999983,0.0485357086464245,95.1464291353576,200.9,168.14000000000001,0.9747829189960746,163.9,0.005204325965392003,2.508111253451848e-17,0.34266401040998196,1.1565269877839501e-5,1.2826318475111903e-12,0.2539205818882162,23.270818713450293,967,2.1290539247422136e-4,1.7243719045457238e-7,No,No,17.333740085417933
STCK,395,NA,PIRA,T,TI,6,2018-06-05,2021-06-11,1,1,1,1,1,0,NA,3,1,0,116.47,5,0.45,116.54,4,0,0,11.47,NA,NA,99.02,0,0,11.01,NA,NA,1,WET,36,1102,STCK.PIRA.T,NA,167.5099,99.02,68.48989999999999,0.408870759280496,59.1129240719504,128.01000000000002,110.03,0.8999363809870035,99.02,0.01759838769289906,3.3450911796214666e-79,0.8775726401166578,-1.16087695298439e-5,0.021201530896135818,0.025288877839900636,24.175964912280705,967,0.0011880287464858896,-2.8562305031056186e-7,No,No,17.693395273682093
DRO,30,NA,PIRA,B,TE,7,2018-06-11,2021-12-06,1,0,1,1,1,NA,NA,0,3,0,299.25,5,0.46,254.28,3,12.58,NA,NA,6.8504,242.02,59.434,3.394,NA,NA,NA,NA,0,DRY,42,1274,DRO.PIRA.B,0.24557474588877,166.4192,62.44474638459644,103.97445361540355,0.622471445602431,37.7528554397569,266.86,65.83874638459645,0.9484498082607165,62.44474638459644,0.3213130582955335,2.74768989423393e-259,0.9990942321680661,4.767511459908157e-6,0.014474823349462363,0.02915185609018356,29.14830409356725,996.5985,0.03477600945867063,1.8805986089361822e-7,No,No,307.20799542349414
DRO,46,NA,PIRA,C,TE,7,2018-06-11,2021-12-06,1,0,1,0,1,NA,NA,0,4,0,122.12,5,0.28,92.59,4,13.9,NA,NA,2.9435,88.18,35.254,4.284,NA,NA,NA,NA,0,DRY,42,1274,DRO.PIRA.C,0.399795872079837,162.0922,37.01709979587211,125.07510020412788,0.756077096862156,24.3922903137844,106.49000000000001,41.30109979587211,0.8962739486073402,37.01709979587211,0.2769972921016633,3.0482180191695966e-244,0.9986352157669126,1.2344658842729504e-5,4.198919843886011e-11,0.22303102116536921,29.763099415204678,996.5985,0.05281767573308942,8.578983847507484e-7,No,No,150.12764508991864
DRO,77,NA,PIRA,E,TI,7,2018-06-11,2021-12-06,0,0,1,1,1,NA,NA,0,1,0,376.17,5,0.43,347.69,2,0,NA,2.41,9.039,328.36,119.044,NA,NA,1.174,NA,NA,0,DRY,42,1274,DRO.PIRA.E,0.362541113412109,175.6392,126.05191972225617,49.587280277743815,0.322224195965365,67.7775804034635,350.1,127.22591972225618,0.9907723205887374,126.05191972225617,0.40715281637746953,1.276843164204091e-275,0.9994195968190389,3.86505387956846e-6,0.046651325339641725,0.017435388596725443,29.428362573099417,996.5985,0.02197891492504579,7.604266915750696e-8,No,No,175.83078525587152
DRO,78,NA,PIRA,E,TE,7,2018-06-11,2021-12-06,0,0,1,1,1,NA,NA,0,1,0,288.31,5,0.45,241.02,2,0,NA,NA,6.6421,230.87,145.534,NA,NA,NA,NA,NA,0,DRY,42,1274,DRO.PIRA.E,0.63037207086239,190.034,151.93227651925324,38.101723480746756,0.234168622457034,76.5831377542966,241.02,151.93227651925324,1,151.93227651925324,0.7391860685914513,4.0248543549300766e-274,0.9993954046768467,4.186804905562143e-6,0.049661965060262846,0.016822436426528697,30.27842105263158,996.5985,0.03284362260176387,6.780051609055026e-8,No,No,58.6364698283563
MLRF,125,NA,PIRA,M,TI,7,2018-06-04,2021-12-08,1,0,1,1,1,NA,NA,0,1,0,346.47,5,0.46,268.64,2,0,NA,NA,3.2728,260.91,112.294,NA,NA,NA,NA,NA,0,DRY,42,1283,MLRF.PIRA.M,0.430393622321873,192.7651,115.62094270054796,77.14415729945203,0.417456790674245,58.2543209325755,268.64,115.62094270054796,1,115.62094270054796,0.6084606083951319,1.776588497843547e-309,0.9997692926514173,5.295461636310986e-6,0.011224764798058498,0.03174163154543719,25.332105263157896,902.6921839735694,0.032627222258128856,1.0349144611517701e-7,No,No,132.3454503357261
PNW,189,NA,PIRA,V,TI,7,2018-06-05,2021-12-09,1,1,0,1,1,1,0,3,0,1,156.2,5,0.42,103.98,3,4.84,NA,38.92,3.1013,93.47,83.426,4.324,NA,37.604,NA,NA,1,DRY,42,1283,PNW.PIRA.V,0.892543061945009,167.6778,92.80662758104204,74.87117241895795,0.476674908664117,52.3325091335883,147.74,134.73462758104205,0.6888105103138347,92.80662758104204,0.010191195670435286,6.717989477074273e-33,0.5687254807351262,-7.173989008090286e-6,0.0022114915100877766,0.048465021461856383,30.780701754385962,973,7.281356793802131e-4,-1.868103244166851e-7,No,No,12.039412173662903
PNW,205,NA,PIRA,W,TI,7,2018-06-05,2021-12-09,1,1,1,1,1,0,0,2,0,0,147.72,5,0.39,136.48,2a,2.4,NA,NA,2.4817,128.83,110.594,1.944,NA,NA,NA,NA,1,DRY,42,1283,PNW.PIRA.W,0.858449118994023,172.8192,117.16113576030425,55.65806423969575,0.348810780283672,65.1189219716328,138.88,119.10513576030425,0.9836782856793661,117.16113576030425,0.3103608167134664,3.2014535876095784e-262,0.999163820210954,7.235241318070023e-6,2.998150126010916e-4,0.06916608307694705,30.798596491228068,973,0.01769876205537259,1.5037720922395677e-7,No,No,16.48914045969946
PNW,206,NA,PIRA,W,TE,7,2018-06-05,2021-12-09,0,0,1,1,0,1,1,0,2,1,193.33,5,0.44,193.73,2a,5.41,NA,NA,6.0208,186.55,167.444,5.084,NA,NA,NA,NA,0,DRY,42,1283,PNW.PIRA.W,0.897582417582417,230.51,173.88864175824162,56.62135824175837,0.251537894234524,74.8462105765476,199.14,178.97264175824162,0.9715934237207744,173.88864175824162,0.01742598915208666,2.5511459533449445e-93,0.9166481570437182,1.3517128662969684e-5,1.251608434853742e-7,0.14777652732968094,30.069181286549707,973,6.626488656141429e-4,1.8733695744161474e-7,No,No,11.410381978452582
PNW,221,NA,PIRA,X,TI,7,2018-06-05,2021-12-09,1,1,1,1,1,1,0,2,1,1,202.19,5,0.4,186.9,2a,NA,NA,NA,4.4254,175.6,150.064,NA,NA,NA,NA,NA,1,DRY,42,1283,PNW.PIRA.X,0.854578587699317,174.8789,159.72073804100236,15.158161958997624,0.141897621725663,85.8102378274337,186.9,159.72073804100236,1,159.72073804100236,0.05959498332013335,1.7122466515853552e-160,0.9866293646009864,-9.755866753064768e-6,2.6759118455063466e-7,0.14031440326826128,30.167602339181286,973,0.002491764464480703,-1.4866753507700525e-7,No,No,17.0167395244695
MLES,254,NA,PIRA,F,TE,7,2018-06-04,2021-12-08,1,0,1,1,1,NA,NA,0,1,0,260.04,5,0.51,230.96,1,NA,NA,NA,4.3934,221.82,176.194,NA,NA,NA,NA,NA,0,DRY,42,1283,MLES.PIRA.F,0.794310702371292,237.74,183.4539998196736,54.2860001803264,0.25887944813662,74.112055186338,230.96,183.4539998196736,1,183.4539998196736,0.1494060004319973,2.935525046730769e-197,0.9950900799132953,6.955211558309548e-6,0.02727870417431601,0.022757379018975787,26.806023391812865,904.7982456140351,0.004971082927050001,8.434246858919499e-8,No,No,25.89531993143921
MLES,301,NA,PIRA,I,TI,7,2018-06-04,2021-12-08,1,0,1,1,1,NA,NA,0,2,0,152.99,5,0.46,106.08,2,6.04,NA,NA,2.7066,97.5,68.804,3.164,NA,NA,NA,NA,0,DRY,42,1283,MLES.PIRA.I,0.705682051282051,189.4106,74.85875199999997,114.55184800000002,0.620042384111554,37.9957615888446,112.12,78.02275199999997,0.9594477262222179,74.85875199999997,0.23395240742074092,5.122763825185009e-249,0.9988017126751019,5.022135022917285e-6,0.011310536866649817,0.03166394528398475,26.19748538011696,904.5,0.019358898825038315,1.5145880003980398e-7,No,No,41.70687750712174
STCK,333,NA,PIRA,P,TI,7,2018-06-05,2021-12-09,0,1,1,1,1,NA,NA,4,0,0,359.67,5,0.15,58.01,4,0.68,NA,319.32,4.7933,17.1,15.764,0.464,NA,25.234,NA,NA,1,DRY,42,1283,STCK.PIRA.P,0.92187134502924,211.48,53.47775672514621,158.00224327485378,0.923264611310762,7.67353886892377,378.01,79.17575672514621,0.6754309518100466,53.47775672514621,0.10304885880913052,4.856642416496101e-199,0.9953227137160892,1.8733854129168816e-5,5.512101327211238e-19,0.3714162615739609,27.785847953216376,958.3333333333331,0.01358738915068569,9.002703706427153e-7,No,No,8.475006343567602
STCK,334,NA,PIRA,P,TE,7,2018-06-05,2021-12-09,0,0,1,1,0,NA,NA,0,1,0,169.73,5,0.41,156.45,2a,0.5,NA,NA,2.6282,152.91,136.734,0.294,NA,NA,NA,NA,0,DRY,42,1283,STCK.PIRA.P,0.894212281734354,192.1711,139.89951147733967,52.27158852266032,0.28694793337812,71.305206662188,156.95,140.19351147733968,0.9979028986655525,139.89951147733967,0.11603345429236636,5.119200117144522e-214,0.9968900476458525,-6.525324597402567e-6,2.2922928758461734e-4,0.07194248205970821,27.471637426900585,958.3333333333331,0.005490355001905429,-1.1253103693919154e-7,No,No,11.830268989424667
STCK,350,NA,PIRA,Q,TE,7,2018-06-05,2021-12-09,0,0,1,1,0,NA,NA,0,2,0,176.5,5,0.47,171.3,2a,1.99,NA,NA,4.8889,165.99,147.624,1.784,NA,NA,NA,NA,0,DRY,42,1283,STCK.PIRA.Q,0.889354780408458,196.3355,152.34647388396886,43.98902611603114,0.239016886910416,76.0983113089584,173.29000000000002,154.13047388396885,0.9884253908066032,152.34647388396886,0.07708686946504514,3.7465844562749295e-188,0.9937073491997324,-5.492262461900736e-6,0.003938337888844838,0.04249947138992827,27.28578947368421,959,0.003302586527572742,-8.575867731505222e-8,No,No,12.44106649325318
STCK,382,NA,PIRA,S,TE,7,2018-06-05,2021-12-09,0,0,1,1,0,NA,NA,0,4,0,113.1,5,0.44,81.77,4,25.6,NA,NA,5.4662,75.24,67.264,22.164,NA,NA,NA,NA,0,DRY,42,1283,STCK.PIRA.S,0.893992557150452,205.2675,73.10177139819245,132.16572860180756,0.564334344209385,43.5665655790615,107.37,95.26577139819246,0.7673456092917279,73.10177139819245,0.1172554419564647,9.501196397329271e-214,0.996867204155376,1.6053401972784123e-5,8.6593071691678e-15,0.2961676384859784,26.585730994152048,959,0.0105751433209797,5.276832755260523e-7,No,No,11.857754519505221
DRO,79,NA,PIRA,E,TI,8,2018-06-11,2022-06-13,1,0,1,1,1,NA,NA,0,3,NA,360.68,5,0.47,351.19,2,NA,NA,0.4,NA,NA,93.77,NA,NA,0.14,NA,NA,0,WET,48,1463,DRO.PIRA.E,NA,175.0872,93.77,81.3172,0.464438291319982,53.5561708680018,351.59,93.91,0.998509210946651,93.77,0.3268011764705874,1.9081645032547247e-249,0.9988156354577835,5.132915736675527e-6,0.03389200310180615,0.02059209536387585,24.121812865497077,1004.966087284952,0.024091100124721123,1.3790821951983505e-7,No,No,274.52276847605845
DRO,80,NA,PIRA,E,TE,8,2018-06-11,2022-06-13,NA,0,1,1,1,NA,NA,0,4,NA,247.97,5,0.4,177,4,NA,NA,59.1,NA,NA,50.21,NA,NA,42.16,NA,NA,0,WET,48,1463,DRO.PIRA.E,NA,168.8071,50.21,118.59709999999998,0.702559904174647,29.7440095825353,236.1,92.37,0.5435747537079139,50.21,0.07046571075431393,6.52822626083918e-179,0.9919054653482843,-1.786310989512249e-5,1.4154323467583201e-13,0.27283935178294305,23.993625730994154,1004.966087284952,0.009881342929295775,-9.129525379047096e-7,No,No,252.5194184425413
STCK,352,NA,PIRA,Q,TE,8,2018-06-05,2022-06-10,0,0,1,1,0,NA,NA,0,4,NA,168.2,5,0.42,172.12,4,4.57,NA,6.65,NA,NA,156.1,0.29,NA,0.29,NA,NA,0,WET,48,1466,STCK.PIRA.Q,NA,225.93,156.1,69.83000000000001,0.307794449608286,69.2205550391714,183.34,156.68,0.9962981873883073,156.1,3.148388412891916e-4,0.46239960633578514,-0.0026981501661198504,-2.596165310677287e-5,2.3327761655867483e-18,0.3606978200302403,24.817251461988306,964.0593411148706,1.3516010822104854e-5,-4.062052793532175e-7,nonsignificant fit,No,10.262652146060224
STCK,368,NA,PIRA,R,TE,8,2018-06-05,2022-06-10,1,0,1,1,1,NA,NA,0,4,NA,70.23,5,0.33,74.13,4,5.01,NA,4.36,NA,NA,65.31,1.01,NA,0.38,NA,NA,0,WET,48,1466,STCK.PIRA.R,NA,193.2386,65.31,127.92859999999999,0.656797347941871,34.3202652058129,83.5,66.7,0.9791604197901049,65.31,-0.0021797189622490194,1.9388719062290052e-6,0.12062545490903087,-9.196944824442687e-6,9.666806106536507e-4,0.05703861583079484,25.606783625730994,964.0593411148706,-2.282004617559622e-4,-3.509236137098233e-7,No,No,13.504823151125391
STCK,383,NA,PIRA,S,TI,8,2018-06-05,2022-06-10,NA,1,1,1,0,NA,NA,4,NA,NA,172.13,5,0.51,169.72,4,NA,18.89,NA,NA,NA,147.57,NA,14.03,NA,NA,NA,1,WET,48,1466,STCK.PIRA.S,NA,230.55,147.57,82.98000000000002,0.359921925829538,64.0078074170462,188.61,161.6,0.9131806930693069,147.57,0.006181076151391476,6.792910055462377e-24,0.44952745592373344,1.6009251685986702e-4,2.4579727659950506e-130,0.969591444985902,24.068362573099417,964.0593411148706,2.7492240688063664e-4,2.595195449080382e-6,No,No,15.009825845361528
STCK,399,NA,PIRA,T,TI,8,2018-06-05,2022-06-10,NA,1,NA,1,1,NA,NA,4,NA,NA,32.59,5,0.15,22.72,5,20.93,NA,NA,NA,NA,17.31,16.5,NA,NA,NA,NA,1,WET,48,1466,STCK.PIRA.T,NA,168.1871,17.31,150.87709999999998,0.798973880874336,20.1026119125664,43.65,33.81,0.5119787045252883,17.31,3.232831737341137e-4,0.4597791828058271,-0.0026603505779376757,1.4237074903399851e-5,1.7374889252625307e-6,0.12172454804659183,24.981345029239765,964.0593411148706,1.3372281173078815e-4,2.146328359948547e-6,nonsignificant fit,No,31.253610629693824
