FMC,CO2_resp_rate,site,cond__,effect1__,estimate__,se__,lower__,upper__
3.1487678734408395,0.010220536469118675,PNW,PNW,3.1487678734408395,6.282461734193675e-4,9.239970914033897e-4,4.1857437522807124e-8,0.0147000212016954
7.540531160914501,0.010220536469118675,PNW,PNW,7.540531160914501,6.262390661558028e-4,9.224868048836707e-4,3.105589357199183e-8,0.015191662801651871
11.932294448388163,0.010220536469118675,PNW,PNW,11.932294448388163,6.56923996261413e-4,9.667363518362336e-4,4.512579599655268e-8,0.014376110439127497
16.324057735861825,0.010220536469118675,PNW,PNW,16.324057735861825,6.807025836142167e-4,9.990723335756041e-4,4.6539891524902665e-8,0.01492738757725001
20.715821023335486,0.010220536469118675,PNW,PNW,20.715821023335486,7.065190467979367e-4,0.0010383727181809555,4.8307496727399995e-8,0.014977351893084303
25.10758431080915,0.010220536469118675,PNW,PNW,25.10758431080915,7.362630342142455e-4,0.0010796190610427804,6.223663964666878e-8,0.014825513842771018
29.49934759828281,0.010220536469118675,PNW,PNW,29.49934759828281,7.085086066854826e-4,0.0010406934324049648,4.905020915246069e-8,0.015355303624739214
33.891110885756476,0.010220536469118675,PNW,PNW,33.891110885756476,7.221159738327941e-4,0.0010587456588486452,5.984616732237317e-8,0.015939239496426248
38.282874173230134,0.010220536469118675,PNW,PNW,38.282874173230134,7.790945595401441e-4,0.0011388663699244182,1.0125359759538553e-7,0.015742807692036266
42.6746374607038,0.010220536469118675,PNW,PNW,42.6746374607038,7.400994366950651e-4,0.0010839586711745123,8.633960149470733e-8,0.015367229173686946
47.06640074817746,0.010220536469118675,PNW,PNW,47.06640074817746,7.920296718693687e-4,0.0011589898186138202,9.021097699764622e-8,0.015314641215581386
51.458164035651116,0.010220536469118675,PNW,PNW,51.458164035651116,7.800402173095823e-4,0.0011423980605472226,8.651116284560794e-8,0.015453724908603127
55.84992732312478,0.010220536469118675,PNW,PNW,55.84992732312478,7.69445318695755e-4,0.0011253210649251452,1.0223596498095183e-7,0.01580229172369751
60.24169061059845,0.010220536469118675,PNW,PNW,60.24169061059845,7.931481323617861e-4,0.0011580997351113155,1.6697609021937167e-7,0.01602820580175367
64.6334538980721,0.010220536469118675,PNW,PNW,64.6334538980721,8.245314193498873e-4,0.0012036263033907344,9.384282613217209e-8,0.016207327977577488
69.02521718554577,0.010220536469118675,PNW,PNW,69.02521718554577,8.274651108473375e-4,0.001207713654940039,1.0350422168761665e-7,0.015495768542168116
73.41698047301944,0.010220536469118675,PNW,PNW,73.41698047301944,8.751113919389364e-4,0.0012741083821272636,8.311281005496017e-8,0.01583259332819008
77.8087437604931,0.010220536469118675,PNW,PNW,77.8087437604931,9.342998662313171e-4,0.001361547868676711,1.2458038063516345e-7,0.015946506112706572
82.20050704796677,0.010220536469118675,PNW,PNW,82.20050704796677,8.912474888974052e-4,0.0013000730576503113,1.7440993205093384e-7,0.015877359540741418
86.59227033544042,0.010220536469118675,PNW,PNW,86.59227033544042,9.097337547865833e-4,0.001323033501050805,1.5272007200213172e-7,0.015562191252073485
90.98403362291408,0.010220536469118675,PNW,PNW,90.98403362291408,9.227516119079168e-4,0.0013412312872023186,2.2676250222272638e-7,0.015804700481338856
95.37579691038775,0.010220536469118675,PNW,PNW,95.37579691038775,9.566242761013758e-4,0.001387948881261182,2.016566659583814e-7,0.016710125067508436
99.7675601978614,0.010220536469118675,PNW,PNW,99.7675601978614,9.419818053994031e-4,0.001364757247959741,2.005470580143556e-7,0.01621418365666536
104.15932348533507,0.010220536469118675,PNW,PNW,104.15932348533507,9.888489062621843e-4,0.0014331389641134955,2.9854655123366745e-7,0.016270132172339035
108.55108677280873,0.010220536469118675,PNW,PNW,108.55108677280873,0.0010121161853554098,0.0014671141168296653,2.047529909592427e-7,0.016089240024071
112.9428500602824,0.010220536469118675,PNW,PNW,112.9428500602824,0.0010553467280191972,0.0015249745267980745,2.5109195386197503e-7,0.01668989923319295
117.33461334775606,0.010220536469118675,PNW,PNW,117.33461334775606,0.0010513173294184031,0.0015155820590780364,3.998896885214297e-7,0.015546227917077207
121.72637663522971,0.010220536469118675,PNW,PNW,121.72637663522971,0.001084326924534233,0.001552710623293573,4.653497273085248e-7,0.016961745594424076
126.11813992270338,0.010220536469118675,PNW,PNW,126.11813992270338,0.001065811174148497,0.001533071154873972,3.9469771397464304e-7,0.0169422674868434
130.50990321017704,0.010220536469118675,PNW,PNW,130.50990321017704,0.001072404354038834,0.0015480305457662867,3.9704255094040155e-7,0.017035839687635345
134.9016664976507,0.010220536469118675,PNW,PNW,134.9016664976507,0.0010968758292624523,0.0015783061734452202,3.4308788500554255e-7,0.017269948441129272
139.29342978512437,0.010220536469118675,PNW,PNW,139.29342978512437,0.0011370339689736728,0.0016347155960553749,4.884119553684585e-7,0.017065999292819403
143.68519307259803,0.010220536469118675,PNW,PNW,143.68519307259803,0.0011557715927120577,0.0016578080618862227,4.6992033917183977e-7,0.01701392921042065
148.07695636007168,0.010220536469118675,PNW,PNW,148.07695636007168,0.0011402116003148032,0.0016397924712332854,4.690305354649148e-7,0.01695353973750843
152.46871964754536,0.010220536469118675,PNW,PNW,152.46871964754536,0.0011843728668710397,0.0017010582320246051,4.1926353256897883e-7,0.016445085079996567
156.860482935019,0.010220536469118675,PNW,PNW,156.860482935019,0.0012106328005431148,0.0017329263321325822,4.633065005755382e-7,0.017452550659376904
161.2522462224927,0.010220536469118675,PNW,PNW,161.2522462224927,0.001246255421263432,0.001778324008879085,8.395169881964208e-7,0.017734237935560254
165.64400950996634,0.010220536469118675,PNW,PNW,165.64400950996634,0.0012802524476743745,0.001816349094284031,7.37456248791885e-7,0.017345622845222626
170.03577279744,0.010220536469118675,PNW,PNW,170.03577279744,0.0013097018921356734,0.0018648619559445444,8.025314716215738e-7,0.017294209330959574
174.42753608491367,0.010220536469118675,PNW,PNW,174.42753608491367,0.0013543091169413296,0.001924366619371505,8.091223906669142e-7,0.018111496128034005
178.81929937238732,0.010220536469118675,PNW,PNW,178.81929937238732,0.001266443410846513,0.0017853328145303927,9.185245784246517e-7,0.01671993685038712
183.21106265986097,0.010220536469118675,PNW,PNW,183.21106265986097,0.001404950318692281,0.0019854571049949285,9.136781799325766e-7,0.01760654719625795
187.60282594733465,0.010220536469118675,PNW,PNW,187.60282594733465,0.0013395667407330174,0.0018844324428523864,1.0931664942482581e-6,0.018116161460710774
191.9945892348083,0.010220536469118675,PNW,PNW,191.9945892348083,0.0014178704275658932,0.0019981816943976274,1.2260203485300886e-6,0.017854290983970615
196.38635252228195,0.010220536469118675,PNW,PNW,196.38635252228195,0.0014693212299414777,0.0020472921738649693,1.4490094769769003e-6,0.018265493256938724
200.77811580975563,0.010220536469118675,PNW,PNW,200.77811580975563,0.0014606407179556125,0.0020630193856578088,1.203276303705835e-6,0.017809320204566305
205.16987909722928,0.010220536469118675,PNW,PNW,205.16987909722928,0.001510260485491122,0.0021187349991762506,1.7205287089027112e-6,0.017751403238992967
209.56164238470296,0.010220536469118675,PNW,PNW,209.56164238470296,0.0014615324167397037,0.002062400778543013,1.3564519286760824e-6,0.01882304820902706
213.95340567217661,0.010220536469118675,PNW,PNW,213.95340567217661,0.001587685910043022,0.0022156491780281175,1.5979248780844505e-6,0.018520178766645363
218.34516895965027,0.010220536469118675,PNW,PNW,218.34516895965027,0.0016401234156746417,0.002275540741642356,1.6182528817313383e-6,0.018479828684737052
222.73693224712395,0.010220536469118675,PNW,PNW,222.73693224712395,0.0015551949828944958,0.002171439713497325,1.1613032756785375e-6,0.017609408017900376
227.1286955345976,0.010220536469118675,PNW,PNW,227.1286955345976,0.0016259863755269666,0.002256250614832423,1.809636721129702e-6,0.01909090259242977
231.52045882207128,0.010220536469118675,PNW,PNW,231.52045882207128,0.001684169922330853,0.002311730021854841,1.97354796271768e-6,0.019973692305742898
235.91222210954493,0.010220536469118675,PNW,PNW,235.91222210954493,0.001707595762967981,0.002361354438663185,1.968858305215601e-6,0.01901111901848179
240.30398539701858,0.010220536469118675,PNW,PNW,240.30398539701858,0.0016908352094015416,0.0023345019769562656,2.056443112775272e-6,0.01936649381970119
244.69574868449226,0.010220536469118675,PNW,PNW,244.69574868449226,0.0017213429228214471,0.0023696178227335433,2.1256266133033254e-6,0.020561351843408855
249.0875119719659,0.010220536469118675,PNW,PNW,249.0875119719659,0.0017173845129792899,0.002370532783264151,2.6878197504869383e-6,0.019181282136119658
253.47927525943956,0.010220536469118675,PNW,PNW,253.47927525943956,0.0018166437365617885,0.0024946547304443246,2.564880276380661e-6,0.019553306582404256
257.8710385469132,0.010220536469118675,PNW,PNW,257.8710385469132,0.0018100655030347007,0.00250337328015354,2.7923960727792977e-6,0.019477501936273112
262.2628018343869,0.010220536469118675,PNW,PNW,262.2628018343869,0.0018393790974267272,0.0025268705485071573,2.442894760032825e-6,0.019725995301822237
266.6545651218605,0.010220536469118675,PNW,PNW,266.6545651218605,0.0018748777102398188,0.002538049133147112,3.2341170674652132e-06,0.018706315673156157
271.0463284093342,0.010220536469118675,PNW,PNW,271.0463284093342,0.001852169551859482,0.002539223750199923,2.6823438427810175e-6,0.019080635930152627
275.4380916968079,0.010220536469118675,PNW,PNW,275.4380916968079,0.001936743471925931,0.002639021030360375,2.7527090060278845e-6,0.019231659658491638
279.8298549842815,0.010220536469118675,PNW,PNW,279.8298549842815,0.0019759621943741786,0.0026564670488804713,2.9490737874772554e-6,0.02001026767115333
284.2216182717552,0.010220536469118675,PNW,PNW,284.2216182717552,0.0019464826964413883,0.0026371799313679952,3.848218485696584e-6,0.019554969980247597
288.61338155922886,0.010220536469118675,PNW,PNW,288.61338155922886,0.0019444709496670089,0.002654042406248436,2.994422577445302e-6,0.019715023770494763
293.0051448467025,0.010220536469118675,PNW,PNW,293.0051448467025,0.00205484717733339,0.0027493582413734238,3.576730747365332e-6,0.020494728170224172
297.39690813417616,0.010220536469118675,PNW,PNW,297.39690813417616,0.0020864594668596878,0.002831797791486065,4.1780661471698496e-6,0.020737492978964645
301.78867142164984,0.010220536469118675,PNW,PNW,301.78867142164984,0.002111324709607205,0.00281293399303155,5.137374690885722e-6,0.02044847637589054
306.18043470912346,0.010220536469118675,PNW,PNW,306.18043470912346,0.0021592470108081014,0.0028863805580944574,4.755105021141496e-6,0.020447136478296615
310.57219799659714,0.010220536469118675,PNW,PNW,310.57219799659714,0.0021288110530601383,0.0028686392334916406,4.951529646829026e-6,0.020198600216127526
314.9639612840708,0.010220536469118675,PNW,PNW,314.9639612840708,0.002102111358234824,0.002798441192570854,4.814176470217421e-6,0.020746314849218173
319.3557245715445,0.010220536469118675,PNW,PNW,319.3557245715445,0.0021905948365917296,0.0029063415142735437,5.483881335473022e-6,0.020827740702164386
323.7474878590181,0.010220536469118675,PNW,PNW,323.7474878590181,0.0023073776602268703,0.003048862857885056,6.420284781029675e-6,0.020479726073438932
328.1392511464918,0.010220536469118675,PNW,PNW,328.1392511464918,0.0022905921109654948,0.0030292628361984035,4.713134205890687e-6,0.021015873327824085
332.5310144339655,0.010220536469118675,PNW,PNW,332.5310144339655,0.0022187189344036254,0.002955231657782779,7.989896941636111e-6,0.021225278477199527
336.9227777214391,0.010220536469118675,PNW,PNW,336.9227777214391,0.002438779907464757,0.003219375256306788,4.171981974026263e-6,0.020987934879530365
341.3145410089128,0.010220536469118675,PNW,PNW,341.3145410089128,0.002338461521702996,0.0030635331728190527,7.524469927807298e-6,0.021141469310266163
345.70630429638646,0.010220536469118675,PNW,PNW,345.70630429638646,0.0024653913425370213,0.003232786225416094,7.612321284779778e-6,0.021848982175143986
350.0980675838601,0.010220536469118675,PNW,PNW,350.0980675838601,0.002464190028539939,0.003241585479740945,8.411393802014125e-6,0.022206572962850363
354.48983087133377,0.010220536469118675,PNW,PNW,354.48983087133377,0.0025114767531667446,0.003280733152323423,6.8290664030901385e-6,0.021767928187536572
358.88159415880745,0.010220536469118675,PNW,PNW,358.88159415880745,0.002488813630099768,0.003238104157716867,7.4125452220911565e-6,0.021931427730852594
363.27335744628107,0.010220536469118675,PNW,PNW,363.27335744628107,0.0025803409407408446,0.0033489313138546336,9.577888543352585e-6,0.022036073246246433
367.66512073375475,0.010220536469118675,PNW,PNW,367.66512073375475,0.002543705880463755,0.003321654961847088,9.685004993182012e-6,0.021678874888842303
372.0568840212284,0.010220536469118675,PNW,PNW,372.0568840212284,0.0027327181939700144,0.003472184789862451,1.0270478204447606e-5,0.022182310345178136
376.44864730870205,0.010220536469118675,PNW,PNW,376.44864730870205,0.00271913586398224,0.003431649892408093,9.958487020996765e-6,0.021896238657987597
380.84041059617573,0.010220536469118675,PNW,PNW,380.84041059617573,0.0027397343789118036,0.0035040178446286182,1.3595948874777441e-5,0.021611913494043886
385.2321738836494,0.010220536469118675,PNW,PNW,385.2321738836494,0.0028291272101648676,0.0036291443107290444,1.153049572422287e-5,0.02266184799644025
389.62393717112303,0.010220536469118675,PNW,PNW,389.62393717112303,0.00275694967906342,0.003481114787285135,1.2225275592290729e-5,0.02203705892560502
394.0157004585967,0.010220536469118675,PNW,PNW,394.0157004585967,0.0028702418973970425,0.0036442711958883933,1.3403926210299719e-5,0.02320650231154826
398.4074637460704,0.010220536469118675,PNW,PNW,398.4074637460704,0.0029294269130958795,0.003693090892643645,1.1367409959541129e-5,0.02313582571456937
402.79922703354407,0.010220536469118675,PNW,PNW,402.79922703354407,0.0029024213217470713,0.0036794199934482774,1.1195175509744566e-5,0.023052281457091296
407.1909903210177,0.010220536469118675,PNW,PNW,407.1909903210177,0.002940471836971054,0.0037155093784066624,1.6472946467330813e-5,0.02301422044061179
411.5827536084914,0.010220536469118675,PNW,PNW,411.5827536084914,0.0031467533496109612,0.003970961172636526,1.1244430709831856e-5,0.024121160452601563
415.97451689596505,0.010220536469118675,PNW,PNW,415.97451689596505,0.0030653952111075033,0.0038921886084224634,1.7750739255645354e-5,0.022969331199060646
420.3662801834387,0.010220536469118675,PNW,PNW,420.3662801834387,0.0031477196894062823,0.0039731499198925714,1.7901425258802968e-5,0.023296851046770203
424.75804347091236,0.010220536469118675,PNW,PNW,424.75804347091236,0.0031092787442107495,0.003954841877084894,1.1049245643599683e-5,0.023523824402601402
429.14980675838603,0.010220536469118675,PNW,PNW,429.14980675838603,0.003315085772164047,0.004108901218852406,1.8690284057734517e-5,0.023256339240784074
433.54157004585966,0.010220536469118675,PNW,PNW,433.54157004585966,0.003252881575962528,0.004089623760177506,1.5903564779555825e-5,0.024438263215528208
437.93333333333334,0.010220536469118675,PNW,PNW,437.93333333333334,0.003332461004019103,0.004093264048131409,1.7503792176997917e-5,0.02443957346590168
3.1487678734408395,0.010220536469118675,DRO,DRO,3.1487678734408395,0.01203857220758715,0.008893780296347702,0.001450640886564558,0.040683204714902076
7.540531160914501,0.010220536469118675,DRO,DRO,7.540531160914501,0.01214609658561788,0.009239740909879376,0.001413917091382547,0.04117744424644971
11.932294448388163,0.010220536469118675,DRO,DRO,11.932294448388163,0.012051447752060669,0.00909345704411181,0.0014111513673573139,0.04071058148148865
16.324057735861825,0.010220536469118675,DRO,DRO,16.324057735861825,0.012432405616816253,0.009248762458792335,0.0015409888801253087,0.041294632030369316
20.715821023335486,0.010220536469118675,DRO,DRO,20.715821023335486,0.012480810238000644,0.009377190554205809,0.0015458743640461238,0.04162259470544269
25.10758431080915,0.010220536469118675,DRO,DRO,25.10758431080915,0.01271591163807793,0.009153793381901882,0.0017291134867181675,0.042269386897899115
29.49934759828281,0.010220536469118675,DRO,DRO,29.49934759828281,0.012576870514634998,0.009322718574407904,0.0015516565995485415,0.04204352575231792
33.891110885756476,0.010220536469118675,DRO,DRO,33.891110885756476,0.012779425777689429,0.009251753209734067,0.001706326927034704,0.041793300385129455
38.282874173230134,0.010220536469118675,DRO,DRO,38.282874173230134,0.01288711068589039,0.009275076199902782,0.0016997025426107163,0.04150161900428626
42.6746374607038,0.010220536469118675,DRO,DRO,42.6746374607038,0.013224852709769714,0.00949693012774578,0.0017597181327596329,0.042538115419000384
47.06640074817746,0.010220536469118675,DRO,DRO,47.06640074817746,0.013146653875101728,0.009593380024875088,0.0018474047933515418,0.042768013849303635
51.458164035651116,0.010220536469118675,DRO,DRO,51.458164035651116,0.013360525247991544,0.009682786936982258,0.001913820062484631,0.0430082244804942
55.84992732312478,0.010220536469118675,DRO,DRO,55.84992732312478,0.013308461804357173,0.009663502856235696,0.001857711517110651,0.042873954389334425
60.24169061059845,0.010220536469118675,DRO,DRO,60.24169061059845,0.013543571443927446,0.009594972985677476,0.0019519190807118449,0.04363234511293086
64.6334538980721,0.010220536469118675,DRO,DRO,64.6334538980721,0.013555159817856835,0.0095230356850463,0.0019337908298910625,0.04303475277636353
69.02521718554577,0.010220536469118675,DRO,DRO,69.02521718554577,0.013733045596473642,0.009663288870673374,0.0019974029427503467,0.04344034247211804
73.41698047301944,0.010220536469118675,DRO,DRO,73.41698047301944,0.014145017515957502,0.009856099368101659,0.0021558071473450438,0.043481619283233804
77.8087437604931,0.010220536469118675,DRO,DRO,77.8087437604931,0.013843937458212666,0.00943034409002519,0.002206673630458696,0.04375418292987792
82.20050704796677,0.010220536469118675,DRO,DRO,82.20050704796677,0.0142315664729833,0.009745152505663192,0.0022152909179017767,0.044508868979386114
86.59227033544042,0.010220536469118675,DRO,DRO,86.59227033544042,0.014279427560134547,0.009831072922734241,0.002383443589329174,0.04487583602698898
90.98403362291408,0.010220536469118675,DRO,DRO,90.98403362291408,0.01443628075290471,0.009769149328385074,0.002385068762127815,0.04544603694495902
95.37579691038775,0.010220536469118675,DRO,DRO,95.37579691038775,0.014600612538125541,0.009926175888174361,0.002475502269546059,0.045457360500907804
99.7675601978614,0.010220536469118675,DRO,DRO,99.7675601978614,0.01479036547092264,0.010195274612592781,0.002602961197392791,0.045939155066332754
104.15932348533507,0.010220536469118675,DRO,DRO,104.15932348533507,0.015123803623707972,0.010181809987400817,0.002521227419810489,0.04622205891616907
108.55108677280873,0.010220536469118675,DRO,DRO,108.55108677280873,0.01520222449229482,0.010206382139492286,0.0024494700425690403,0.04621305537337024
112.9428500602824,0.010220536469118675,DRO,DRO,112.9428500602824,0.015300760333144748,0.010278340644328613,0.00251527585511874,0.04672937935018512
117.33461334775606,0.010220536469118675,DRO,DRO,117.33461334775606,0.015176855496289027,0.010179471116988394,0.0024921419529191254,0.045776949322780855
121.72637663522971,0.010220536469118675,DRO,DRO,121.72637663522971,0.015369626248699989,0.010064856841514869,0.0027474722169664313,0.04647859644735766
126.11813992270338,0.010220536469118675,DRO,DRO,126.11813992270338,0.015544851555032132,0.010387005596662696,0.0026524631927231017,0.04640275531128766
130.50990321017704,0.010220536469118675,DRO,DRO,130.50990321017704,0.015767318883176354,0.010395929488637825,0.002752897832004105,0.04720701093727252
134.9016664976507,0.010220536469118675,DRO,DRO,134.9016664976507,0.015799771906280985,0.010370491473073833,0.0027238002991983447,0.047281800685924455
139.29342978512437,0.010220536469118675,DRO,DRO,139.29342978512437,0.0158398754359482,0.0105908115814097,0.002886535483582045,0.04758079015578955
143.68519307259803,0.010220536469118675,DRO,DRO,143.68519307259803,0.015924443629443563,0.01027206185011707,0.00304604381784938,0.04832374320182883
148.07695636007168,0.010220536469118675,DRO,DRO,148.07695636007168,0.016265912864071135,0.010473181033670332,0.0029225967166084843,0.047694749690918296
152.46871964754536,0.010220536469118675,DRO,DRO,152.46871964754536,0.016291976274464888,0.010233272224853703,0.0029605887485916124,0.04778704110337503
156.860482935019,0.010220536469118675,DRO,DRO,156.860482935019,0.016703706030348417,0.010666018390168543,0.0031117960814485753,0.04772715512996371
161.2522462224927,0.010220536469118675,DRO,DRO,161.2522462224927,0.016800763694479186,0.010731663643961581,0.0032554876444119423,0.048099259317459404
165.64400950996634,0.010220536469118675,DRO,DRO,165.64400950996634,0.016921013606719805,0.01070764616998305,0.0032240949678463584,0.048943078791597316
170.03577279744,0.010220536469118675,DRO,DRO,170.03577279744,0.01692777663544505,0.010582380266563426,0.0034878020580022735,0.04917513965547947
174.42753608491367,0.010220536469118675,DRO,DRO,174.42753608491367,0.017330458610717976,0.010765207534434367,0.0034704527750444732,0.0488159572269527
178.81929937238732,0.010220536469118675,DRO,DRO,178.81929937238732,0.017292298211885125,0.010922509799191524,0.0034060722297213136,0.050158014489377165
183.21106265986097,0.010220536469118675,DRO,DRO,183.21106265986097,0.01738618834266734,0.011053072945753965,0.0035305396139063963,0.050548346604022944
187.60282594733465,0.010220536469118675,DRO,DRO,187.60282594733465,0.01741208173435306,0.01097515614295673,0.0036221021813453757,0.04983674474816872
191.9945892348083,0.010220536469118675,DRO,DRO,191.9945892348083,0.017773355460790927,0.010631924316190469,0.0036375009594086533,0.049361187391919394
196.38635252228195,0.010220536469118675,DRO,DRO,196.38635252228195,0.018031727475426057,0.011269839691859067,0.0036900314509050168,0.051022492464447504
200.77811580975563,0.010220536469118675,DRO,DRO,200.77811580975563,0.018363392638225416,0.011165405597189645,0.0037054189193205154,0.05128723240750532
205.16987909722928,0.010220536469118675,DRO,DRO,205.16987909722928,0.01818800048028262,0.011145844105700447,0.0038473525248332407,0.050732267260910895
209.56164238470296,0.010220536469118675,DRO,DRO,209.56164238470296,0.018595495667818505,0.01098091292751828,0.00397111494150998,0.05043391019140918
213.95340567217661,0.010220536469118675,DRO,DRO,213.95340567217661,0.01864152937083237,0.011312994643813473,0.003790812891696909,0.051535081054083165
218.34516895965027,0.010220536469118675,DRO,DRO,218.34516895965027,0.018707152510763214,0.011314313613535014,0.004160372944038498,0.051967143388461645
222.73693224712395,0.010220536469118675,DRO,DRO,222.73693224712395,0.01920138078563974,0.01152258307089255,0.004155883276526447,0.05222570881086012
227.1286955345976,0.010220536469118675,DRO,DRO,227.1286955345976,0.019313484946520736,0.011256591087630493,0.00432023373903157,0.05177517836080881
231.52045882207128,0.010220536469118675,DRO,DRO,231.52045882207128,0.019480938651898174,0.011697001867459382,0.0042355025928939635,0.05210744777032101
235.91222210954493,0.010220536469118675,DRO,DRO,235.91222210954493,0.01930606967348487,0.011466265673144278,0.004285937050716873,0.05191579408986137
240.30398539701858,0.010220536469118675,DRO,DRO,240.30398539701858,0.019716960155348334,0.011709312642868874,0.004257420939822825,0.05322785212210673
244.69574868449226,0.010220536469118675,DRO,DRO,244.69574868449226,0.020157049992497282,0.011814914286613003,0.00427085800088611,0.054077362972966926
249.0875119719659,0.010220536469118675,DRO,DRO,249.0875119719659,0.01999921551789264,0.011600923952676414,0.0046472269326670234,0.05236762161342707
253.47927525943956,0.010220536469118675,DRO,DRO,253.47927525943956,0.020139927726464266,0.01179880908195177,0.004448292027499204,0.05301087350358959
257.8710385469132,0.010220536469118675,DRO,DRO,257.8710385469132,0.020377566439072747,0.011878601622564215,0.004622103337791406,0.054292482840838686
262.2628018343869,0.010220536469118675,DRO,DRO,262.2628018343869,0.020599447653230827,0.012075610286397918,0.004758758021903694,0.05569396346752769
266.6545651218605,0.010220536469118675,DRO,DRO,266.6545651218605,0.020844970787383343,0.01231051842578018,0.004651170106774767,0.05517855575400734
271.0463284093342,0.010220536469118675,DRO,DRO,271.0463284093342,0.021151940805539688,0.01224450159497816,0.004839814004147193,0.054730450858554366
275.4380916968079,0.010220536469118675,DRO,DRO,275.4380916968079,0.021002134458812716,0.012109509764337865,0.004917639678415582,0.05596996193488081
279.8298549842815,0.010220536469118675,DRO,DRO,279.8298549842815,0.021194837664055728,0.011971600404749348,0.004950743330778075,0.05521386749288823
284.2216182717552,0.010220536469118675,DRO,DRO,284.2216182717552,0.021627613286210327,0.012483943796086411,0.004975293633586362,0.05617675439786394
288.61338155922886,0.010220536469118675,DRO,DRO,288.61338155922886,0.0215977278879444,0.012301687070921795,0.005076967874354044,0.056812125951856314
293.0051448467025,0.010220536469118675,DRO,DRO,293.0051448467025,0.022388075535977596,0.01266973232064196,0.005357886842591013,0.05817995906870722
297.39690813417616,0.010220536469118675,DRO,DRO,297.39690813417616,0.022159318739842837,0.012373781163489356,0.005443596447442576,0.05719531590969686
301.78867142164984,0.010220536469118675,DRO,DRO,301.78867142164984,0.022293160721623555,0.012536426462525523,0.005732377955070342,0.05879741113485616
306.18043470912346,0.010220536469118675,DRO,DRO,306.18043470912346,0.022420460807159894,0.012598553753762438,0.005724572154247278,0.059017754444843994
310.57219799659714,0.010220536469118675,DRO,DRO,310.57219799659714,0.02267650711673776,0.012831400556384612,0.005597352923952676,0.05814846229184855
314.9639612840708,0.010220536469118675,DRO,DRO,314.9639612840708,0.02326925052720367,0.013056560247007215,0.005763483145659906,0.05796258780072189
319.3557245715445,0.010220536469118675,DRO,DRO,319.3557245715445,0.023266577517386464,0.012931374240105622,0.005716028160457671,0.05945759414158346
323.7474878590181,0.010220536469118675,DRO,DRO,323.7474878590181,0.023442411353680172,0.012923493788478601,0.0056926921683169585,0.05942157135723935
328.1392511464918,0.010220536469118675,DRO,DRO,328.1392511464918,0.02365920422295121,0.013145093426508237,0.006089838860297636,0.05952056383221766
332.5310144339655,0.010220536469118675,DRO,DRO,332.5310144339655,0.024106748756708676,0.013273871981735368,0.005984153490457565,0.06023192245938332
336.9227777214391,0.010220536469118675,DRO,DRO,336.9227777214391,0.024074037892172107,0.013440522019277144,0.006092777002752339,0.05984728990645326
341.3145410089128,0.010220536469118675,DRO,DRO,341.3145410089128,0.024514729525475155,0.013106073319227203,0.006417728484385384,0.061124944999073255
345.70630429638646,0.010220536469118675,DRO,DRO,345.70630429638646,0.02479718306773314,0.013279776732736179,0.006205712324961423,0.06163396082012559
350.0980675838601,0.010220536469118675,DRO,DRO,350.0980675838601,0.0251353219445831,0.013506429327316492,0.006435031869013039,0.06262138021514374
354.48983087133377,0.010220536469118675,DRO,DRO,354.48983087133377,0.02502862745954606,0.01358367228144508,0.006654881795020182,0.06283163020236657
358.88159415880745,0.010220536469118675,DRO,DRO,358.88159415880745,0.025071034259382154,0.01372532042237063,0.00634336433743777,0.06319023711623807
363.27335744628107,0.010220536469118675,DRO,DRO,363.27335744628107,0.02567022715394917,0.013788828446195838,0.0065263421834936925,0.06339380943955017
367.66512073375475,0.010220536469118675,DRO,DRO,367.66512073375475,0.025754128993184713,0.013619723460716973,0.006962498674234782,0.06271617702804774
372.0568840212284,0.010220536469118675,DRO,DRO,372.0568840212284,0.025868024604935626,0.01380736057397323,0.006736960788838363,0.06376907094153093
376.44864730870205,0.010220536469118675,DRO,DRO,376.44864730870205,0.02607656262419081,0.013932876316549516,0.0068206917291710155,0.06525790456325228
380.84041059617573,0.010220536469118675,DRO,DRO,380.84041059617573,0.026348302645863297,0.014159693997257231,0.007008843259006458,0.06393767651085085
385.2321738836494,0.010220536469118675,DRO,DRO,385.2321738836494,0.026764844797636557,0.014418724113707978,0.007140910105058864,0.06537490576781566
389.62393717112303,0.010220536469118675,DRO,DRO,389.62393717112303,0.027050786677862763,0.014447791231113173,0.00746553339916123,0.06617910531727123
394.0157004585967,0.010220536469118675,DRO,DRO,394.0157004585967,0.027319624669659863,0.014422683204912282,0.007283988881556675,0.06613255484698011
398.4074637460704,0.010220536469118675,DRO,DRO,398.4074637460704,0.02732930416338232,0.014764846430111748,0.006956332468120922,0.06656241893105692
402.79922703354407,0.010220536469118675,DRO,DRO,402.79922703354407,0.02770979086347805,0.01474476642807549,0.0072556097968694295,0.06790488247023997
407.1909903210177,0.010220536469118675,DRO,DRO,407.1909903210177,0.027999582957395176,0.014762543576538882,0.007520762024517516,0.06696939167740669
411.5827536084914,0.010220536469118675,DRO,DRO,411.5827536084914,0.028077044449126017,0.014622143312326861,0.007520142123381305,0.06763349036104566
415.97451689596505,0.010220536469118675,DRO,DRO,415.97451689596505,0.02837364730973284,0.014981817577632249,0.007702551502771586,0.06861525333882297
420.3662801834387,0.010220536469118675,DRO,DRO,420.3662801834387,0.028240661251088157,0.014585924657009437,0.007787745510451074,0.06863987239918666
424.75804347091236,0.010220536469118675,DRO,DRO,424.75804347091236,0.02865801240464442,0.014886677187605366,0.008144020544219687,0.06919316264738104
429.14980675838603,0.010220536469118675,DRO,DRO,429.14980675838603,0.029078940414768963,0.015030370966602908,0.007982740352980473,0.06865784039958
433.54157004585966,0.010220536469118675,DRO,DRO,433.54157004585966,0.0294214107029135,0.015223241730770875,0.007835756381484225,0.06942371545920373
437.93333333333334,0.010220536469118675,DRO,DRO,437.93333333333334,0.02978537591460651,0.01522421886535985,0.008448672687946841,0.07234404089239062
3.1487678734408395,0.010220536469118675,MLRF,MLRF,3.1487678734408395,0.0064964569688277535,0.006209285628523787,2.973647286413009e-4,0.02996434724921437
7.540531160914501,0.010220536469118675,MLRF,MLRF,7.540531160914501,0.006629065906445811,0.006333455369050215,3.082942234772796e-4,0.03018477842984622
11.932294448388163,0.010220536469118675,MLRF,MLRF,11.932294448388163,0.006639361156279698,0.006364712125817875,3.630320100731981e-4,0.0306347530053081
16.324057735861825,0.010220536469118675,MLRF,MLRF,16.324057735861825,0.0066960002361945836,0.0064642980447556465,3.278099271976671e-4,0.030755353993145423
20.715821023335486,0.010220536469118675,MLRF,MLRF,20.715821023335486,0.0067648399679761904,0.006423459365689979,3.253932529878637e-4,0.03007771716425442
25.10758431080915,0.010220536469118675,MLRF,MLRF,25.10758431080915,0.006743473528733342,0.006427160047256274,3.5414310299174953e-4,0.032375179885571016
29.49934759828281,0.010220536469118675,MLRF,MLRF,29.49934759828281,0.006794314219165229,0.006367194442214936,3.7934547398788844e-4,0.030318898470201385
33.891110885756476,0.010220536469118675,MLRF,MLRF,33.891110885756476,0.007184525485529891,0.006751437803673447,3.8317641650321114e-4,0.03187153346591516
38.282874173230134,0.010220536469118675,MLRF,MLRF,38.282874173230134,0.007046738619629589,0.006480357981872944,4.436124335682871e-4,0.03188836808259441
42.6746374607038,0.010220536469118675,MLRF,MLRF,42.6746374607038,0.007110799624180403,0.006635429972238929,3.843204141378572e-4,0.031244023083267767
47.06640074817746,0.010220536469118675,MLRF,MLRF,47.06640074817746,0.006961686271745559,0.006381644960061503,4.303930217128221e-4,0.03187721495781779
51.458164035651116,0.010220536469118675,MLRF,MLRF,51.458164035651116,0.007108256101611528,0.006524412093179183,3.9293700156681395e-4,0.031590076154902155
55.84992732312478,0.010220536469118675,MLRF,MLRF,55.84992732312478,0.007348681035075889,0.0066817089203481525,4.549826121301441e-4,0.03220815205166102
60.24169061059845,0.010220536469118675,MLRF,MLRF,60.24169061059845,0.007425645480542507,0.006757395605876378,4.784367899917739e-4,0.031908560402966545
64.6334538980721,0.010220536469118675,MLRF,MLRF,64.6334538980721,0.007551921617312594,0.006844676256026117,4.819565766044624e-4,0.03284144091828453
69.02521718554577,0.010220536469118675,MLRF,MLRF,69.02521718554577,0.007604981553170297,0.006843075562282293,4.981626791804527e-4,0.03304578467882719
73.41698047301944,0.010220536469118675,MLRF,MLRF,73.41698047301944,0.007661097878315144,0.0067800481644924035,5.134387605116341e-4,0.03256966505971904
77.8087437604931,0.010220536469118675,MLRF,MLRF,77.8087437604931,0.007928602489902889,0.007105312876073761,5.254609201946176e-4,0.03292819342445018
82.20050704796677,0.010220536469118675,MLRF,MLRF,82.20050704796677,0.007775193696766707,0.006860925850508028,5.581884847061722e-4,0.03142532856157897
86.59227033544042,0.010220536469118675,MLRF,MLRF,86.59227033544042,0.008016558391714512,0.006974522117838501,5.529269676846275e-4,0.03320141794439854
90.98403362291408,0.010220536469118675,MLRF,MLRF,90.98403362291408,0.007914882025459966,0.006948575083854763,5.701295732159949e-4,0.03297349727344203
95.37579691038775,0.010220536469118675,MLRF,MLRF,95.37579691038775,0.007962510723057049,0.006999825087777236,5.697052549987055e-4,0.0337381436779064
99.7675601978614,0.010220536469118675,MLRF,MLRF,99.7675601978614,0.00807710415131172,0.007231085493093507,5.916826748743886e-4,0.03394792448912447
104.15932348533507,0.010220536469118675,MLRF,MLRF,104.15932348533507,0.008234020997018449,0.00717022672826335,7.053869944430788e-4,0.033788453227280794
108.55108677280873,0.010220536469118675,MLRF,MLRF,108.55108677280873,0.008291833399920574,0.007218211631982029,7.004639786977572e-4,0.03353288470867436
112.9428500602824,0.010220536469118675,MLRF,MLRF,112.9428500602824,0.00828312952864901,0.007055412208977072,6.773360730989064e-4,0.03317589867310332
117.33461334775606,0.010220536469118675,MLRF,MLRF,117.33461334775606,0.008504111125810336,0.007460180104032754,6.916712533398516e-4,0.03410448333801875
121.72637663522971,0.010220536469118675,MLRF,MLRF,121.72637663522971,0.008567746965466335,0.007289582607342226,6.782608318074609e-4,0.033416108552265275
126.11813992270338,0.010220536469118675,MLRF,MLRF,126.11813992270338,0.008577926616474704,0.007147776497448102,6.376644016411134e-4,0.0327710223615117
130.50990321017704,0.010220536469118675,MLRF,MLRF,130.50990321017704,0.008748869114222166,0.0072713307334177375,7.080344093964244e-4,0.034555452346429004
134.9016664976507,0.010220536469118675,MLRF,MLRF,134.9016664976507,0.008873220591912732,0.007464879410421065,7.481064120769672e-4,0.03472933845654717
139.29342978512437,0.010220536469118675,MLRF,MLRF,139.29342978512437,0.008999069938096594,0.007724885149793382,7.96563691896652e-4,0.03565371800499517
143.68519307259803,0.010220536469118675,MLRF,MLRF,143.68519307259803,0.008986288338687927,0.0076037323383247,7.617846509699387e-4,0.03573239639973133
148.07695636007168,0.010220536469118675,MLRF,MLRF,148.07695636007168,0.00912415010619096,0.007537846204548324,8.32262699227252e-4,0.03597168345918616
152.46871964754536,0.010220536469118675,MLRF,MLRF,152.46871964754536,0.009428795486754678,0.0076430756722367,8.381011104918334e-4,0.03627902797135964
156.860482935019,0.010220536469118675,MLRF,MLRF,156.860482935019,0.009438633859205518,0.00776830100241537,8.437669042778782e-4,0.035385979127698676
161.2522462224927,0.010220536469118675,MLRF,MLRF,161.2522462224927,0.009296314187497053,0.007537596715007876,8.861931753478896e-4,0.036319812569396176
165.64400950996634,0.010220536469118675,MLRF,MLRF,165.64400950996634,0.009694244732119597,0.007885456164028404,9.918242836233387e-4,0.03649885359220266
170.03577279744,0.010220536469118675,MLRF,MLRF,170.03577279744,0.009738164606022347,0.007993487212181679,9.156345843887011e-4,0.03668704879432863
174.42753608491367,0.010220536469118675,MLRF,MLRF,174.42753608491367,0.009748261158694725,0.00796056074356235,9.819029849593643e-4,0.036632485755135176
178.81929937238732,0.010220536469118675,MLRF,MLRF,178.81929937238732,0.009847884142029445,0.007963578645144792,9.925667420024767e-4,0.03603320722862344
183.21106265986097,0.010220536469118675,MLRF,MLRF,183.21106265986097,0.010137902607215196,0.008097093233122674,0.0010140091915656199,0.037567064301396676
187.60282594733465,0.010220536469118675,MLRF,MLRF,187.60282594733465,0.01003467595421869,0.00792279896255929,0.0010715117653576668,0.036896570206047606
191.9945892348083,0.010220536469118675,MLRF,MLRF,191.9945892348083,0.010013470821900385,0.007926466852340495,9.99204604811503e-4,0.03615619766173843
196.38635252228195,0.010220536469118675,MLRF,MLRF,196.38635252228195,0.010289006350616935,0.008104578356997124,0.0011216435601520043,0.03638922758106126
200.77811580975563,0.010220536469118675,MLRF,MLRF,200.77811580975563,0.010313146389567707,0.008429413241031943,0.0011566102169084155,0.036923463872986693
205.16987909722928,0.010220536469118675,MLRF,MLRF,205.16987909722928,0.010393792242379008,0.008181142590658776,0.0011760167100869625,0.03780362346526201
209.56164238470296,0.010220536469118675,MLRF,MLRF,209.56164238470296,0.0104266008177217,0.008069024801117451,0.001162147765853221,0.037644030061892264
213.95340567217661,0.010220536469118675,MLRF,MLRF,213.95340567217661,0.010627596553199491,0.008323903458972208,0.0011281491251447962,0.03887274854318525
218.34516895965027,0.010220536469118675,MLRF,MLRF,218.34516895965027,0.010776536657654011,0.00841125286142135,0.0012376496373943159,0.03822899606217315
222.73693224712395,0.010220536469118675,MLRF,MLRF,222.73693224712395,0.010738762182090633,0.008495351584735676,0.0013079166844587136,0.038002190884735255
227.1286955345976,0.010220536469118675,MLRF,MLRF,227.1286955345976,0.010902588688819815,0.008419878611018734,0.0013537447262306527,0.03879463606803207
231.52045882207128,0.010220536469118675,MLRF,MLRF,231.52045882207128,0.01122373651734249,0.008594914791499455,0.0011558932639150815,0.03883999663065672
235.91222210954493,0.010220536469118675,MLRF,MLRF,235.91222210954493,0.011164712432984114,0.008546242919594521,0.0013374272898965956,0.03890200356394514
240.30398539701858,0.010220536469118675,MLRF,MLRF,240.30398539701858,0.011216468395624157,0.008407049192811546,0.0013711415322800679,0.03977490583218796
244.69574868449226,0.010220536469118675,MLRF,MLRF,244.69574868449226,0.011330264679815107,0.00868907053158823,0.0014323036598151446,0.04024049528710283
249.0875119719659,0.010220536469118675,MLRF,MLRF,249.0875119719659,0.011505394827235668,0.008728306383995212,0.001383529109692822,0.039993422593573455
253.47927525943956,0.010220536469118675,MLRF,MLRF,253.47927525943956,0.011700200650985527,0.008809537800622172,0.0014697615126162851,0.040180526465493825
257.8710385469132,0.010220536469118675,MLRF,MLRF,257.8710385469132,0.011796245858132184,0.00876613917951943,0.001394228187784852,0.04038353541500706
262.2628018343869,0.010220536469118675,MLRF,MLRF,262.2628018343869,0.012010539714324968,0.009011087289139214,0.0014871766486338,0.0400756662579867
266.6545651218605,0.010220536469118675,MLRF,MLRF,266.6545651218605,0.011816048036741557,0.008876221343873022,0.0016053193151083095,0.040429642905387274
271.0463284093342,0.010220536469118675,MLRF,MLRF,271.0463284093342,0.012176353610172636,0.008850637593926968,0.0015579813288059189,0.04072356324263289
275.4380916968079,0.010220536469118675,MLRF,MLRF,275.4380916968079,0.012104904312946824,0.008780938528712612,0.0016180939295311451,0.04054431392501019
279.8298549842815,0.010220536469118675,MLRF,MLRF,279.8298549842815,0.012459988217436452,0.009039197297050054,0.0016370464622790294,0.04072057818936161
284.2216182717552,0.010220536469118675,MLRF,MLRF,284.2216182717552,0.012346083968571162,0.009143131449179229,0.001592090773269161,0.04164573512183969
288.61338155922886,0.010220536469118675,MLRF,MLRF,288.61338155922886,0.012571226213058834,0.009096550586318274,0.001754173847270637,0.04078384481640219
293.0051448467025,0.010220536469118675,MLRF,MLRF,293.0051448467025,0.012765156435567377,0.00925378253545915,0.0017306717415486478,0.04286385020768877
297.39690813417616,0.010220536469118675,MLRF,MLRF,297.39690813417616,0.012765324027223416,0.009322452339630628,0.001726758073359315,0.042990161205254694
301.78867142164984,0.010220536469118675,MLRF,MLRF,301.78867142164984,0.01292825041284798,0.00940539119497581,0.0018319940763133788,0.04240898882719716
306.18043470912346,0.010220536469118675,MLRF,MLRF,306.18043470912346,0.012902407446485775,0.009268464645032315,0.0018663997704163873,0.04321299437415839
310.57219799659714,0.010220536469118675,MLRF,MLRF,310.57219799659714,0.013135171543708874,0.009441337049451664,0.0018239740228389227,0.04295448337936299
314.9639612840708,0.010220536469118675,MLRF,MLRF,314.9639612840708,0.01344606601019867,0.009698752136055956,0.0019456172811973885,0.04317538067548128
319.3557245715445,0.010220536469118675,MLRF,MLRF,319.3557245715445,0.013444386574586211,0.009594350149275368,0.0018588350947219962,0.04340794596759063
323.7474878590181,0.010220536469118675,MLRF,MLRF,323.7474878590181,0.01370691118341685,0.009680305096681881,0.0019274669061997293,0.04381888376720504
328.1392511464918,0.010220536469118675,MLRF,MLRF,328.1392511464918,0.013670492391641333,0.009754641436923808,0.0019600074165244496,0.04418396167259899
332.5310144339655,0.010220536469118675,MLRF,MLRF,332.5310144339655,0.013797688467211317,0.009584856286525573,0.0021258684697081777,0.04447703245886041
336.9227777214391,0.010220536469118675,MLRF,MLRF,336.9227777214391,0.014015150911788378,0.009825977230984636,0.0021513235235203396,0.04539153521362197
341.3145410089128,0.010220536469118675,MLRF,MLRF,341.3145410089128,0.014075513951030492,0.010283561211389769,0.0019957699620345923,0.045058776347768566
345.70630429638646,0.010220536469118675,MLRF,MLRF,345.70630429638646,0.014021923209080318,0.009780083102468431,0.0020536521218516403,0.045347239303335396
350.0980675838601,0.010220536469118675,MLRF,MLRF,350.0980675838601,0.014549244115509792,0.009948373191581428,0.0022409451322349502,0.04502546109960123
354.48983087133377,0.010220536469118675,MLRF,MLRF,354.48983087133377,0.014734857682525901,0.01010500824424275,0.002246837368128936,0.04693126918440099
358.88159415880745,0.010220536469118675,MLRF,MLRF,358.88159415880745,0.014867239209385642,0.010230229739974697,0.002183458049638654,0.04565210165398214
363.27335744628107,0.010220536469118675,MLRF,MLRF,363.27335744628107,0.014925505661169085,0.010157989034661872,0.0024252891376341152,0.046251368129340185
367.66512073375475,0.010220536469118675,MLRF,MLRF,367.66512073375475,0.015276797677841646,0.010493495922033276,0.0023942649885044954,0.046596370767693365
372.0568840212284,0.010220536469118675,MLRF,MLRF,372.0568840212284,0.015016199962837817,0.010466739433994683,0.0023044549451898466,0.04627431783056982
376.44864730870205,0.010220536469118675,MLRF,MLRF,376.44864730870205,0.015482070090618026,0.010512069970076077,0.0023698531736013875,0.046703199251317634
380.84041059617573,0.010220536469118675,MLRF,MLRF,380.84041059617573,0.015379885483959497,0.010438960682228734,0.0024882496582643845,0.047563647171802684
385.2321738836494,0.010220536469118675,MLRF,MLRF,385.2321738836494,0.015704549752878105,0.010602077458618419,0.0025682504818913907,0.04723905949913738
389.62393717112303,0.010220536469118675,MLRF,MLRF,389.62393717112303,0.015728093399765948,0.010788154443971519,0.002503478176003147,0.04799900797360123
394.0157004585967,0.010220536469118675,MLRF,MLRF,394.0157004585967,0.015911423108142406,0.010841824023500833,0.0024792713228443918,0.04722163746503806
398.4074637460704,0.010220536469118675,MLRF,MLRF,398.4074637460704,0.0162202128129744,0.010932231502317471,0.0025524761571540685,0.048465162203810766
402.79922703354407,0.010220536469118675,MLRF,MLRF,402.79922703354407,0.016401944537283185,0.010864846747089275,0.002708071968170591,0.048929460916248745
407.1909903210177,0.010220536469118675,MLRF,MLRF,407.1909903210177,0.016268162624990132,0.010844592212572661,0.0028754654977916367,0.04923470953006569
411.5827536084914,0.010220536469118675,MLRF,MLRF,411.5827536084914,0.016558676049400773,0.010917091187134631,0.002792570922616243,0.048750381335663305
415.97451689596505,0.010220536469118675,MLRF,MLRF,415.97451689596505,0.016823258002742085,0.01120393920628028,0.002819966741469731,0.04972422135485407
420.3662801834387,0.010220536469118675,MLRF,MLRF,420.3662801834387,0.01677720792575685,0.011169746949636477,0.002868219094242931,0.04979500408974417
424.75804347091236,0.010220536469118675,MLRF,MLRF,424.75804347091236,0.01702749483043807,0.011156054632444621,0.0029589841470386395,0.04981197129583909
429.14980675838603,0.010220536469118675,MLRF,MLRF,429.14980675838603,0.017033499210555435,0.011134135899020667,0.0030424315309286066,0.05017608228753926
433.54157004585966,0.010220536469118675,MLRF,MLRF,433.54157004585966,0.017192046840879313,0.011375926978061095,0.0030746697867195874,0.05013904199100624
437.93333333333334,0.010220536469118675,MLRF,MLRF,437.93333333333334,0.01742080417478893,0.011612501604067477,0.0028815841291706295,0.051224321770815706
3.1487678734408395,0.010220536469118675,MLES,MLES,3.1487678734408395,0.0065470977420348676,0.0063207508771034576,3.201209240154536e-4,0.03046214352334392
7.540531160914501,0.010220536469118675,MLES,MLES,7.540531160914501,0.006421694889128263,0.006114398336388025,3.237508455083666e-4,0.030562999019025563
11.932294448388163,0.010220536469118675,MLES,MLES,11.932294448388163,0.006659744337624999,0.006389629679821059,3.5426967054547515e-4,0.029899295835255243
16.324057735861825,0.010220536469118675,MLES,MLES,16.324057735861825,0.006679575893423535,0.006422562225986796,3.43912324483444e-4,0.031329509241463646
20.715821023335486,0.010220536469118675,MLES,MLES,20.715821023335486,0.006671571107257494,0.0063210672182464145,3.426420335861778e-4,0.03050249660395952
25.10758431080915,0.010220536469118675,MLES,MLES,25.10758431080915,0.0068710621054750565,0.006415544871285376,3.8022282183912425e-4,0.030725263402742328
29.49934759828281,0.010220536469118675,MLES,MLES,29.49934759828281,0.006925847709241005,0.0064224465546148185,4.223914832881828e-4,0.03149383260792482
33.891110885756476,0.010220536469118675,MLES,MLES,33.891110885756476,0.007120768768234493,0.006561795585647188,3.7463362818350297e-4,0.03146581108220505
38.282874173230134,0.010220536469118675,MLES,MLES,38.282874173230134,0.007156854051231454,0.006646147226312674,4.062337373558046e-4,0.03132311860537123
42.6746374607038,0.010220536469118675,MLES,MLES,42.6746374607038,0.0070638555015432765,0.006391570744618152,4.501077287635414e-4,0.03114362141603634
47.06640074817746,0.010220536469118675,MLES,MLES,47.06640074817746,0.007345980153186724,0.0067142730474964284,4.34873530581966e-4,0.03240781756671649
51.458164035651116,0.010220536469118675,MLES,MLES,51.458164035651116,0.007379279208257514,0.006684140923730967,4.6377564998902054e-4,0.031800864186971034
55.84992732312478,0.010220536469118675,MLES,MLES,55.84992732312478,0.00754557770484188,0.006854401525886801,5.03534131271175e-4,0.032599445551623044
60.24169061059845,0.010220536469118675,MLES,MLES,60.24169061059845,0.007390058623175371,0.006577416472757835,5.083157441603305e-4,0.03126685053556332
64.6334538980721,0.010220536469118675,MLES,MLES,64.6334538980721,0.007470293415400021,0.006736908637276724,4.763416586461509e-4,0.03212996770837438
69.02521718554577,0.010220536469118675,MLES,MLES,69.02521718554577,0.007693536839241099,0.006896295753225493,5.046049950023708e-4,0.032604040072678205
73.41698047301944,0.010220536469118675,MLES,MLES,73.41698047301944,0.007685068534951541,0.006694809609108163,5.299332323202669e-4,0.03283855530215186
77.8087437604931,0.010220536469118675,MLES,MLES,77.8087437604931,0.007805819288984144,0.006957143486034956,5.165795930779149e-4,0.032784777724590736
82.20050704796677,0.010220536469118675,MLES,MLES,82.20050704796677,0.007791843334635089,0.006835183136043987,5.638672585435257e-4,0.03263713743580097
86.59227033544042,0.010220536469118675,MLES,MLES,86.59227033544042,0.0078293220559126,0.006782161696419229,5.79566039334331e-4,0.03246185423616645
90.98403362291408,0.010220536469118675,MLES,MLES,90.98403362291408,0.007935498764479083,0.006940537785511051,6.429639056927338e-4,0.033272639014481416
95.37579691038775,0.010220536469118675,MLES,MLES,95.37579691038775,0.00813146858637391,0.007074714260675544,6.4329532632318e-4,0.03332420797648199
99.7675601978614,0.010220536469118675,MLES,MLES,99.7675601978614,0.008171250740813015,0.007084167910214383,6.424215010895834e-4,0.033978405280313345
104.15932348533507,0.010220536469118675,MLES,MLES,104.15932348533507,0.008295643368553545,0.007245928166285249,6.370554624972173e-4,0.03497752416959449
108.55108677280873,0.010220536469118675,MLES,MLES,108.55108677280873,0.008491048995297143,0.0072284359968784314,6.750819517663764e-4,0.03415335004565578
112.9428500602824,0.010220536469118675,MLES,MLES,112.9428500602824,0.008495784413925334,0.007223802208482092,6.844630472133558e-4,0.033953800711361004
117.33461334775606,0.010220536469118675,MLES,MLES,117.33461334775606,0.00862550608117269,0.007535147541245433,6.761634021867386e-4,0.03477140511249807
121.72637663522971,0.010220536469118675,MLES,MLES,121.72637663522971,0.008553567431728332,0.007380325581948177,7.535635236311703e-4,0.0328532558883112
126.11813992270338,0.010220536469118675,MLES,MLES,126.11813992270338,0.008710766177068143,0.007375293608399144,7.390464481773549e-4,0.03406997971510984
130.50990321017704,0.010220536469118675,MLES,MLES,130.50990321017704,0.00873899271592888,0.0073365255410735315,7.621891001920462e-4,0.03442465352812094
134.9016664976507,0.010220536469118675,MLES,MLES,134.9016664976507,0.008850255169102495,0.007484484827956329,7.929184474829303e-4,0.035025784011314086
139.29342978512437,0.010220536469118675,MLES,MLES,139.29342978512437,0.009082967350331837,0.007611465297683203,8.96093895303318e-4,0.036217297930884434
143.68519307259803,0.010220536469118675,MLES,MLES,143.68519307259803,0.0090670017363171,0.007570813785050484,8.113050488393238e-4,0.03540322672560403
148.07695636007168,0.010220536469118675,MLES,MLES,148.07695636007168,0.009263741301425557,0.0076871928097349785,8.994071676459536e-4,0.03535563531563317
152.46871964754536,0.010220536469118675,MLES,MLES,152.46871964754536,0.009352247568397417,0.007645041551715664,8.979148440105882e-4,0.03617419398089588
156.860482935019,0.010220536469118675,MLES,MLES,156.860482935019,0.0094217150707931,0.007816079336622202,8.834608932435452e-4,0.03610725426371466
161.2522462224927,0.010220536469118675,MLES,MLES,161.2522462224927,0.009440950197448441,0.00772739710359858,8.709357932286776e-4,0.03627500209387885
165.64400950996634,0.010220536469118675,MLES,MLES,165.64400950996634,0.009628185660991289,0.007906442526000606,9.486590693468495e-4,0.03653568766888991
170.03577279744,0.010220536469118675,MLES,MLES,170.03577279744,0.009838300946681536,0.008047370430580219,9.316685369370707e-4,0.037026076811441364
174.42753608491367,0.010220536469118675,MLES,MLES,174.42753608491367,0.00982145032092788,0.007848341218991186,0.0010536006783058568,0.0360342478703977
178.81929937238732,0.010220536469118675,MLES,MLES,178.81929937238732,0.009952481460687206,0.008039313473399829,0.0010107748008492188,0.036358310167338675
183.21106265986097,0.010220536469118675,MLES,MLES,183.21106265986097,0.010039331113672442,0.008009852136418808,0.0010171286021856474,0.037055821269842124
187.60282594733465,0.010220536469118675,MLES,MLES,187.60282594733465,0.00984866205287101,0.007790620710438009,0.001039029647720508,0.0376625970645498
191.9945892348083,0.010220536469118675,MLES,MLES,191.9945892348083,0.010213157840361125,0.008209764050765456,0.001082335004219315,0.03674095664548438
196.38635252228195,0.010220536469118675,MLES,MLES,196.38635252228195,0.010288566968202732,0.008094599836470257,0.001100479199535186,0.03752115122430575
200.77811580975563,0.010220536469118675,MLES,MLES,200.77811580975563,0.01038032529645045,0.00824030581848804,0.001135458210021676,0.037436889562153707
205.16987909722928,0.010220536469118675,MLES,MLES,205.16987909722928,0.010462831160498714,0.00826402645351689,0.0011282045757240139,0.03761755505383498
209.56164238470296,0.010220536469118675,MLES,MLES,209.56164238470296,0.010610140361926694,0.008257743213916586,0.0012009920324311128,0.038546554004910194
213.95340567217661,0.010220536469118675,MLES,MLES,213.95340567217661,0.010745123366800394,0.008258475164562863,0.0012343174311777172,0.03901204208021606
218.34516895965027,0.010220536469118675,MLES,MLES,218.34516895965027,0.010929360492859565,0.008352433299343008,0.0012955393839252055,0.0384709808004481
222.73693224712395,0.010220536469118675,MLES,MLES,222.73693224712395,0.011055364258719,0.008375781703506828,0.0011913546826069544,0.03853857214724145
227.1286955345976,0.010220536469118675,MLES,MLES,227.1286955345976,0.010745451259650764,0.008294109345306503,0.00126626473428261,0.03808826746311592
231.52045882207128,0.010220536469118675,MLES,MLES,231.52045882207128,0.010995182377863535,0.008366444516297,0.0013311738891272314,0.03889901849527543
235.91222210954493,0.010220536469118675,MLES,MLES,235.91222210954493,0.01115847112355223,0.008457175689352461,0.0013484747701868333,0.039291495533721174
240.30398539701858,0.010220536469118675,MLES,MLES,240.30398539701858,0.011496623213875509,0.008597264052677616,0.0014765195904194008,0.040036654447548684
244.69574868449226,0.010220536469118675,MLES,MLES,244.69574868449226,0.011549485181294646,0.008755099764635559,0.0014157231222875274,0.039466104637626544
249.0875119719659,0.010220536469118675,MLES,MLES,249.0875119719659,0.011668950041786814,0.009022413674589948,0.0014260495491628768,0.03976320955838931
253.47927525943956,0.010220536469118675,MLES,MLES,253.47927525943956,0.011821105875483903,0.008883461189542155,0.0015070665780533613,0.040691996520715035
257.8710385469132,0.010220536469118675,MLES,MLES,257.8710385469132,0.011644042349797462,0.008812363329059582,0.0014468484627271558,0.04180301276116658
262.2628018343869,0.010220536469118675,MLES,MLES,262.2628018343869,0.011872630015136517,0.008845594848073806,0.001525143997400809,0.04032861245709044
266.6545651218605,0.010220536469118675,MLES,MLES,266.6545651218605,0.012159885582246744,0.00923192311523073,0.001519168928417744,0.041328844945431736
271.0463284093342,0.010220536469118675,MLES,MLES,271.0463284093342,0.012093397736903485,0.009034956588522679,0.0015738369797505096,0.04062628416069184
275.4380916968079,0.010220536469118675,MLES,MLES,275.4380916968079,0.012268830056924663,0.00909196666229224,0.0015843567213065415,0.042068427886480346
279.8298549842815,0.010220536469118675,MLES,MLES,279.8298549842815,0.012424465423895066,0.009144967280593112,0.0017058480598535742,0.041817819675748026
284.2216182717552,0.010220536469118675,MLES,MLES,284.2216182717552,0.012267112204102364,0.009204709166615645,0.0015991698778226294,0.04107778033538751
288.61338155922886,0.010220536469118675,MLES,MLES,288.61338155922886,0.01264287175200386,0.009396532725729552,0.0017460102300323951,0.04174811452141513
293.0051448467025,0.010220536469118675,MLES,MLES,293.0051448467025,0.012874605491658702,0.009288715873398303,0.0017853797614360396,0.04150843954345057
297.39690813417616,0.010220536469118675,MLES,MLES,297.39690813417616,0.013063256234438048,0.009328392256647744,0.0018942795331472594,0.04210568321197301
301.78867142164984,0.010220536469118675,MLES,MLES,301.78867142164984,0.013012450683342204,0.00939551574582426,0.0017435286268179004,0.041976711485533245
306.18043470912346,0.010220536469118675,MLES,MLES,306.18043470912346,0.013217351412708267,0.009441254352675343,0.0018888249010382532,0.04308991637615948
310.57219799659714,0.010220536469118675,MLES,MLES,310.57219799659714,0.013284005007786266,0.009640550845437698,0.0019452096618043416,0.04289888240143083
314.9639612840708,0.010220536469118675,MLES,MLES,314.9639612840708,0.013197834848597503,0.009611691089254753,0.0019619480524967854,0.04324237129001336
319.3557245715445,0.010220536469118675,MLES,MLES,319.3557245715445,0.013505396686410669,0.00952701522983899,0.002035173312991049,0.04372803595422288
323.7474878590181,0.010220536469118675,MLES,MLES,323.7474878590181,0.013627964363833468,0.00967969873593773,0.0021112311259633785,0.04463301079511772
328.1392511464918,0.010220536469118675,MLES,MLES,328.1392511464918,0.013814276588590286,0.00981441475185955,0.0018894326848049039,0.044195173322802254
332.5310144339655,0.010220536469118675,MLES,MLES,332.5310144339655,0.013845511151166839,0.009647320673787355,0.0020231597561841588,0.04468648539761139
336.9227777214391,0.010220536469118675,MLES,MLES,336.9227777214391,0.014125490595247023,0.009816975698145542,0.00216245458273454,0.04512313572234384
341.3145410089128,0.010220536469118675,MLES,MLES,341.3145410089128,0.014128595571179542,0.009849299538637281,0.0021166410783183573,0.04470357128434618
345.70630429638646,0.010220536469118675,MLES,MLES,345.70630429638646,0.014360691646275608,0.010011134645747145,0.0021435077905983453,0.045232731886180134
350.0980675838601,0.010220536469118675,MLES,MLES,350.0980675838601,0.014547959673319445,0.010139101322747757,0.0021887649819291657,0.04577157487557886
354.48983087133377,0.010220536469118675,MLES,MLES,354.48983087133377,0.014587040553345577,0.010130163474639893,0.0022725511650986932,0.04587435231121553
358.88159415880745,0.010220536469118675,MLES,MLES,358.88159415880745,0.014804340919285527,0.010237598054936799,0.002254687829912228,0.04554576585704012
363.27335744628107,0.010220536469118675,MLES,MLES,363.27335744628107,0.015120863670481342,0.010454434309779754,0.0023572587143519913,0.046143917887126046
367.66512073375475,0.010220536469118675,MLES,MLES,367.66512073375475,0.014976983087461475,0.010515806976155567,0.0022065165062609,0.0457742656410514
372.0568840212284,0.010220536469118675,MLES,MLES,372.0568840212284,0.015411047910823341,0.010484926411537226,0.0024389684016370874,0.046560268131677074
376.44864730870205,0.010220536469118675,MLES,MLES,376.44864730870205,0.015352255111574308,0.010579343158042959,0.0024035682003888566,0.04748190212925099
380.84041059617573,0.010220536469118675,MLES,MLES,380.84041059617573,0.015726830725375167,0.010753575418530828,0.002425779603471197,0.047787206429851924
385.2321738836494,0.010220536469118675,MLES,MLES,385.2321738836494,0.015756997095534922,0.010740995772691801,0.002464453474378993,0.047850905441218436
389.62393717112303,0.010220536469118675,MLES,MLES,389.62393717112303,0.0160501539575511,0.010798301210438467,0.002476640988492393,0.04856521334962148
394.0157004585967,0.010220536469118675,MLES,MLES,394.0157004585967,0.01593370694318717,0.010851993448555808,0.002434694369611902,0.0478991678210849
398.4074637460704,0.010220536469118675,MLES,MLES,398.4074637460704,0.016202640552864418,0.01079508929834738,0.0028159558802702107,0.049333013575705194
402.79922703354407,0.010220536469118675,MLES,MLES,402.79922703354407,0.016377620704875286,0.011025114277298976,0.002667524997894105,0.04891392919604334
407.1909903210177,0.010220536469118675,MLES,MLES,407.1909903210177,0.016225134200428107,0.010974805941343148,0.002599455334973195,0.04942043346198083
411.5827536084914,0.010220536469118675,MLES,MLES,411.5827536084914,0.016576182525028054,0.01104930765330311,0.0026514661657880533,0.049456500205217364
415.97451689596505,0.010220536469118675,MLES,MLES,415.97451689596505,0.0165600878458591,0.011092752160532808,0.0026489788667627204,0.049266037580327354
420.3662801834387,0.010220536469118675,MLES,MLES,420.3662801834387,0.017063830319347703,0.01126131328277479,0.002837479908860023,0.049906615798162655
424.75804347091236,0.010220536469118675,MLES,MLES,424.75804347091236,0.01685259779496265,0.01133990328735924,0.002746611447776354,0.05103144709869249
429.14980675838603,0.010220536469118675,MLES,MLES,429.14980675838603,0.017150878697678933,0.011201814622778526,0.0029415272127574837,0.0502560913246841
433.54157004585966,0.010220536469118675,MLES,MLES,433.54157004585966,0.017505723874620467,0.011601318049132182,0.0028459795759985234,0.05175295440329749
437.93333333333334,0.010220536469118675,MLES,MLES,437.93333333333334,0.017888431677520744,0.011752280329997008,0.003020890418547637,0.052250326787230426
3.1487678734408395,0.010220536469118675,STCK,STCK,3.1487678734408395,0.0014146972137914506,0.001986181896385287,1.6361774258044698e-6,0.01765398745368586
7.540531160914501,0.010220536469118675,STCK,STCK,7.540531160914501,0.001464272882074342,0.0020435597940517184,1.471739538721298e-6,0.017657575538414235
11.932294448388163,0.010220536469118675,STCK,STCK,11.932294448388163,0.0015499761237661768,0.002147074351015805,1.728542024450939e-6,0.017723744338186714
16.324057735861825,0.010220536469118675,STCK,STCK,16.324057735861825,0.0014910078810683354,0.002070745783087362,2.2072098724212685e-6,0.018417646370909993
20.715821023335486,0.010220536469118675,STCK,STCK,20.715821023335486,0.0015174507526610303,0.0021197777128744368,1.8078773353887186e-6,0.019068415423768623
25.10758431080915,0.010220536469118675,STCK,STCK,25.10758431080915,0.0016528151710129176,0.0022783021307378887,2.6102817922363013e-6,0.01790886082301491
29.49934759828281,0.010220536469118675,STCK,STCK,29.49934759828281,0.0016033337718975877,0.0022174030750312804,2.1444416505536316e-6,0.018900995385417098
33.891110885756476,0.010220536469118675,STCK,STCK,33.891110885756476,0.0016056730420078386,0.00221742356896009,2.598168509728819e-6,0.0183290701117265
38.282874173230134,0.010220536469118675,STCK,STCK,38.282874173230134,0.001646693142322942,0.0022561931833905923,3.2259208920362783e-6,0.018508492442668573
42.6746374607038,0.010220536469118675,STCK,STCK,42.6746374607038,0.0016830887743604288,0.0023368890204951477,3.3395929612186357e-6,0.018713397652216173
47.06640074817746,0.010220536469118675,STCK,STCK,47.06640074817746,0.0017405250996857576,0.0023783521422726162,3.102982535614141e-6,0.019118831669481345
51.458164035651116,0.010220536469118675,STCK,STCK,51.458164035651116,0.001717666721987872,0.0023650725267549415,2.9412633062851466e-6,0.01914502227579604
55.84992732312478,0.010220536469118675,STCK,STCK,55.84992732312478,0.0016448010919828237,0.00226766089064589,3.144861535119904e-6,0.018807766220189915
60.24169061059845,0.010220536469118675,STCK,STCK,60.24169061059845,0.0017768503152373566,0.002413727924063434,3.889889507826647e-6,0.019175414356995376
64.6334538980721,0.010220536469118675,STCK,STCK,64.6334538980721,0.0018855082848378004,0.0025540544229338516,3.301093021588353e-6,0.0191912001938551
69.02521718554577,0.010220536469118675,STCK,STCK,69.02521718554577,0.0018918954259718327,0.0025518824476717258,4.512300586246213e-6,0.019629875773564655
73.41698047301944,0.010220536469118675,STCK,STCK,73.41698047301944,0.0018256609980182139,0.002471229415572759,4.011947507262423e-6,0.020021166164649915
77.8087437604931,0.010220536469118675,STCK,STCK,77.8087437604931,0.0019215497216987887,0.002589345641032808,4.348306548949642e-6,0.018983574811367945
82.20050704796677,0.010220536469118675,STCK,STCK,82.20050704796677,0.0020247597210652857,0.0026897768087683054,4.679069274812738e-6,0.02010258325088801
86.59227033544042,0.010220536469118675,STCK,STCK,86.59227033544042,0.0019843319566146844,0.002648434935736635,5.356803152839242e-6,0.01936917010323998
90.98403362291408,0.010220536469118675,STCK,STCK,90.98403362291408,0.001910689409274201,0.0025737761130639656,5.240054514743682e-6,0.019315071623987518
95.37579691038775,0.010220536469118675,STCK,STCK,95.37579691038775,0.0020448905663624567,0.002750329898923381,5.957264991396875e-6,0.020155414031993404
99.7675601978614,0.010220536469118675,STCK,STCK,99.7675601978614,0.0020217030320826466,0.0027020114588906146,6.406111527758712e-6,0.019906945379945706
104.15932348533507,0.010220536469118675,STCK,STCK,104.15932348533507,0.0020974342597655845,0.002793567175902329,6.311343910635337e-6,0.01983122493219272
108.55108677280873,0.010220536469118675,STCK,STCK,108.55108677280873,0.0020673935387547264,0.002745615504151233,6.2204135719771406e-6,0.020585182148479615
112.9428500602824,0.010220536469118675,STCK,STCK,112.9428500602824,0.002100053738532807,0.002784911382310709,6.175463845932995e-6,0.020765455284902323
117.33461334775606,0.010220536469118675,STCK,STCK,117.33461334775606,0.0022251762962011415,0.002950388108664832,7.742205832936912e-6,0.0211251788293105
121.72637663522971,0.010220536469118675,STCK,STCK,121.72637663522971,0.0022127499163935947,0.0029257914523842608,6.199241278987444e-6,0.02061270083544799
126.11813992270338,0.010220536469118675,STCK,STCK,126.11813992270338,0.0022596216904934912,0.0029664421567575424,7.7415959477624325e-06,0.020316572595027158
130.50990321017704,0.010220536469118675,STCK,STCK,130.50990321017704,0.002320868834567065,0.003001725678816762,9.029208103137962e-6,0.02052081395778388
134.9016664976507,0.010220536469118675,STCK,STCK,134.9016664976507,0.0022716677657978893,0.002955771329684383,9.609150398002927e-6,0.020370466345484756
139.29342978512437,0.010220536469118675,STCK,STCK,139.29342978512437,0.002332042308603547,0.0030293151172252467,9.081447478384094e-6,0.021417336597785018
143.68519307259803,0.010220536469118675,STCK,STCK,143.68519307259803,0.002314921051038282,0.0030389192675803756,8.817548771370631e-6,0.02196428074716191
148.07695636007168,0.010220536469118675,STCK,STCK,148.07695636007168,0.0023906008772723872,0.003075166188443863,1.0722872609122884e-5,0.02123146746421165
152.46871964754536,0.010220536469118675,STCK,STCK,152.46871964754536,0.0023785652181146817,0.003061981256753903,1.3570642655196797e-5,0.021143415632644127
156.860482935019,0.010220536469118675,STCK,STCK,156.860482935019,0.0024204560723182144,0.0031039590743253036,1.3300601065782551e-5,0.02119307572137778
161.2522462224927,0.010220536469118675,STCK,STCK,161.2522462224927,0.0026379067547592523,0.0033652905493222396,1.312999808525881e-5,0.02122668819925088
165.64400950996634,0.010220536469118675,STCK,STCK,165.64400950996634,0.0026137211050928817,0.0032987878496904773,1.703628647894261e-5,0.022611196744825583
170.03577279744,0.010220536469118675,STCK,STCK,170.03577279744,0.002541420175085891,0.003231264482727006,1.1963311709364699e-5,0.020603834581022915
174.42753608491367,0.010220536469118675,STCK,STCK,174.42753608491367,0.0026163659711451828,0.003335504360167228,1.4633704571388817e-5,0.022006763994266765
178.81929937238732,0.010220536469118675,STCK,STCK,178.81929937238732,0.00265121931715829,0.003377836654015044,1.6802739121987423e-5,0.021745486589225024
183.21106265986097,0.010220536469118675,STCK,STCK,183.21106265986097,0.0028132664664394427,0.003546508965268532,1.650417706996034e-5,0.02233374911710162
187.60282594733465,0.010220536469118675,STCK,STCK,187.60282594733465,0.0027443794421886047,0.0034851985627849945,1.867368522647938e-5,0.022484050954403895
191.9945892348083,0.010220536469118675,STCK,STCK,191.9945892348083,0.0028134954432019283,0.0035430115416890105,1.8725128564211937e-5,0.022609617603608155
196.38635252228195,0.010220536469118675,STCK,STCK,196.38635252228195,0.0028375370407172666,0.0035698011934266138,1.6432938477674172e-05,0.022227504976671822
200.77811580975563,0.010220536469118675,STCK,STCK,200.77811580975563,0.002932399521287366,0.0036113143019555925,1.9230165759745536e-5,0.02208361052325877
205.16987909722928,0.010220536469118675,STCK,STCK,205.16987909722928,0.0029366493447950505,0.0036335849724830763,1.8951109910731773e-5,0.02245331037889651
209.56164238470296,0.010220536469118675,STCK,STCK,209.56164238470296,0.0029321723556226366,0.0036395227548089485,2.6008415423451643e-5,0.02174823921812652
213.95340567217661,0.010220536469118675,STCK,STCK,213.95340567217661,0.0030243594250731172,0.0037290204993704035,2.2448388396446477e-5,0.022014623649191354
218.34516895965027,0.010220536469118675,STCK,STCK,218.34516895965027,0.0029648649520464137,0.003658155742293017,2.0705296365021644e-5,0.023303892076768907
222.73693224712395,0.010220536469118675,STCK,STCK,222.73693224712395,0.0031705775124758985,0.0038779241667152133,1.894044358545263e-5,0.02340376046171141
227.1286955345976,0.010220536469118675,STCK,STCK,227.1286955345976,0.0030293039189841077,0.0037331021210537823,2.4770882683571012e-5,0.022344891459163862
231.52045882207128,0.010220536469118675,STCK,STCK,231.52045882207128,0.0030596128796429338,0.0037458335794694833,2.8240110835108277e-5,0.02445584188746151
235.91222210954493,0.010220536469118675,STCK,STCK,235.91222210954493,0.0031890351584617093,0.0038695808390415767,2.246053176170586e-5,0.02411337858656834
240.30398539701858,0.010220536469118675,STCK,STCK,240.30398539701858,0.0033139663737514454,0.004007528870718549,2.85269641000041e-5,0.02358906805229534
244.69574868449226,0.010220536469118675,STCK,STCK,244.69574868449226,0.0033049271626802825,0.003999482391219559,3.481990040619194e-5,0.023209740101224577
249.0875119719659,0.010220536469118675,STCK,STCK,249.0875119719659,0.003419882783775703,0.004092762269215272,2.9161127527269084e-5,0.02366566931878645
253.47927525943956,0.010220536469118675,STCK,STCK,253.47927525943956,0.0033821516940913217,0.0040891060816176895,3.1053496289611704e-5,0.024125262439602977
257.8710385469132,0.010220536469118675,STCK,STCK,257.8710385469132,0.0034392927470373808,0.0042044291086681266,3.2416537979282124e-5,0.024346670016611276
262.2628018343869,0.010220536469118675,STCK,STCK,262.2628018343869,0.0034556667154269473,0.004207163576995201,3.6346351278197185e-5,0.024480952960867407
266.6545651218605,0.010220536469118675,STCK,STCK,266.6545651218605,0.0034954288845446893,0.0041730410431067635,3.5504144984536486e-5,0.02447266081623201
271.0463284093342,0.010220536469118675,STCK,STCK,271.0463284093342,0.003577459922157341,0.004264379756339724,3.546120555131076e-5,0.024264682503259454
275.4380916968079,0.010220536469118675,STCK,STCK,275.4380916968079,0.003638167455157392,0.004306955130148817,4.2665483195950766e-5,0.024336946677924035
279.8298549842815,0.010220536469118675,STCK,STCK,279.8298549842815,0.003772712910289266,0.004422327896962214,4.6072125048552177e-5,0.02496905110452218
284.2216182717552,0.010220536469118675,STCK,STCK,284.2216182717552,0.0036954623474240236,0.00438007979869447,4.254023270819814e-5,0.024992711651482133
288.61338155922886,0.010220536469118675,STCK,STCK,288.61338155922886,0.003710431525151707,0.004307453956101959,4.9825476214762656e-5,0.025123857647271434
293.0051448467025,0.010220536469118675,STCK,STCK,293.0051448467025,0.00383262605149057,0.0044667581901171646,4.7993677395789824e-5,0.024975319133683158
297.39690813417616,0.010220536469118675,STCK,STCK,297.39690813417616,0.0037942251977763648,0.004457689005367772,4.0345062564304995e-5,0.02437081155913807
301.78867142164984,0.010220536469118675,STCK,STCK,301.78867142164984,0.003814422092004127,0.0044549867238802224,4.7856197741582166e-5,0.02481654753018954
306.18043470912346,0.010220536469118675,STCK,STCK,306.18043470912346,0.003986667681786545,0.004584045363071158,4.8049760675608386e-5,0.02499162918165482
310.57219799659714,0.010220536469118675,STCK,STCK,310.57219799659714,0.003998490504843974,0.0046459103573696795,5.2536710406728615e-5,0.02536076132915284
314.9639612840708,0.010220536469118675,STCK,STCK,314.9639612840708,0.0040459706373162695,0.004610537396091205,5.369233421615698e-5,0.025465762187987333
319.3557245715445,0.010220536469118675,STCK,STCK,319.3557245715445,0.004105887202933465,0.0047748093704196755,5.527716853526738e-5,0.025708447258188466
323.7474878590181,0.010220536469118675,STCK,STCK,323.7474878590181,0.004194313662247223,0.004823493055467564,5.793867349565349e-5,0.025981922133402835
328.1392511464918,0.010220536469118675,STCK,STCK,328.1392511464918,0.004229135268416636,0.004869676299313437,6.606740023567948e-5,0.025718416560245736
332.5310144339655,0.010220536469118675,STCK,STCK,332.5310144339655,0.004250771622490877,0.004827905407243304,5.5949974382629536e-5,0.025824477709455177
336.9227777214391,0.010220536469118675,STCK,STCK,336.9227777214391,0.004298692321552734,0.004851445996779556,6.90172828267294e-5,0.02653481830586822
341.3145410089128,0.010220536469118675,STCK,STCK,341.3145410089128,0.004333229514800166,0.004865622189160767,7.102778143238935e-5,0.027412579084723294
345.70630429638646,0.010220536469118675,STCK,STCK,345.70630429638646,0.004450555530313859,0.004928640533273596,6.22702724847503e-5,0.025893350384941925
350.0980675838601,0.010220536469118675,STCK,STCK,350.0980675838601,0.0045246005930364925,0.005082811648790387,8.340424351988811e-5,0.027194400975200383
354.48983087133377,0.010220536469118675,STCK,STCK,354.48983087133377,0.004477977201684139,0.005006353607823726,7.357293322727751e-5,0.026986976253602246
358.88159415880745,0.010220536469118675,STCK,STCK,358.88159415880745,0.004544856629227047,0.005029084503923183,7.807515781879255e-5,0.027686453798700668
363.27335744628107,0.010220536469118675,STCK,STCK,363.27335744628107,0.004540456002895052,0.0051138408284277645,7.493727529281628e-5,0.02771925413521543
367.66512073375475,0.010220536469118675,STCK,STCK,367.66512073375475,0.0047484968512825874,0.005249265870652163,8.194435255809929e-5,0.027329603723974243
372.0568840212284,0.010220536469118675,STCK,STCK,372.0568840212284,0.004892451909776913,0.005353612311388968,8.082204667189365e-5,0.02877012270172834
376.44864730870205,0.010220536469118675,STCK,STCK,376.44864730870205,0.004852902403770041,0.0053885223321489175,7.93475256815098e-5,0.028079736214761702
380.84041059617573,0.010220536469118675,STCK,STCK,380.84041059617573,0.0048434404411118875,0.005382525930396752,7.183213428692475e-5,0.02786060778617286
385.2321738836494,0.010220536469118675,STCK,STCK,385.2321738836494,0.004860286608280454,0.005318661402958743,9.322134904815273e-5,0.028765025744582996
389.62393717112303,0.010220536469118675,STCK,STCK,389.62393717112303,0.0049409449599480924,0.0054424308452598325,9.185496527673794e-5,0.02789170445441326
394.0157004585967,0.010220536469118675,STCK,STCK,394.0157004585967,0.005163096409147425,0.005595084098288052,1.033403695877271e-4,0.028456904400265024
398.4074637460704,0.010220536469118675,STCK,STCK,398.4074637460704,0.005068301017387585,0.005506661994457608,1.0722832406408684e-4,0.02855109594007822
402.79922703354407,0.010220536469118675,STCK,STCK,402.79922703354407,0.005146607178640426,0.005565621760953443,1.0541942481089017e-4,0.028928800231704917
407.1909903210177,0.010220536469118675,STCK,STCK,407.1909903210177,0.005174389446061611,0.005652569594872168,1.0182720917907387e-4,0.02930650004376199
411.5827536084914,0.010220536469118675,STCK,STCK,411.5827536084914,0.005163421097976911,0.00560998015237384,9.892952902153975e-5,0.029050428891110362
415.97451689596505,0.010220536469118675,STCK,STCK,415.97451689596505,0.005339340371078421,0.005804307465156474,1.1769133475489501e-4,0.028538448924067428
420.3662801834387,0.010220536469118675,STCK,STCK,420.3662801834387,0.005353224887968389,0.005742241809161048,9.240325534534224e-5,0.03019272429307326
424.75804347091236,0.010220536469118675,STCK,STCK,424.75804347091236,0.00545140145700986,0.0058998747975269605,1.0562918243753838e-4,0.030704741742589768
429.14980675838603,0.010220536469118675,STCK,STCK,429.14980675838603,0.005587300935171185,0.005965504597631266,1.1844449674767222e-4,0.030046241089213825
433.54157004585966,0.010220536469118675,STCK,STCK,433.54157004585966,0.005712927989539455,0.006070982152766319,1.1703202713351252e-4,0.03063334945620953
437.93333333333334,0.010220536469118675,STCK,STCK,437.93333333333334,0.005755993476414231,0.00605518088152108,1.2814398571972757e-4,0.030265879777676263
