FMC_nor,CO2_resp_rate,T_nor,site,cond__,effect1__,estimate__,se__,lower__,upper__
0.007190062125378686,0.012173101649272329,0.8897423778546029,PNW,PNW,3.1487678734408395,0.0011195917782142301,0.001629801394908824,1.6365635072591652e-7,0.0200635594641488
0.017218445336233446,0.012173101649272329,0.8897423778546029,PNW,PNW,7.540531160914501,0.0011368679722069128,0.001653772028153222,1.6553943857616143e-7,0.020791925718125562
0.02724682854708821,0.012173101649272329,0.8897423778546029,PNW,PNW,11.932294448388163,0.0012027140906174846,0.0017481607450793358,1.7679779242563766e-7,0.01995384987457921
0.03727521175794297,0.012173101649272329,0.8897423778546029,PNW,PNW,16.324057735861825,0.0012396289712394812,0.0017975389340478731,2.947285771370313e-7,0.020406361497404907
0.04730359496879773,0.012173101649272329,0.8897423778546029,PNW,PNW,20.715821023335486,0.0013083328962014266,0.0018917107900792093,2.7717996913179096e-7,0.020877927121753875
0.057331978179652486,0.012173101649272329,0.8897423778546029,PNW,PNW,25.107584310809145,0.0013538151099927887,0.0019505020994009003,4.787827147344398e-7,0.02097365867498604
0.06736036139050726,0.012173101649272329,0.8897423778546029,PNW,PNW,29.499347598282814,0.001446663236062698,0.002077560039283851,5.294655286458567e-7,0.02162869170745849
0.07738874460136201,0.012173101649272329,0.8897423778546029,PNW,PNW,33.89111088575647,0.0014504352270892566,0.0020862839750195273,8.464268916334724e-7,0.02190266810829106
0.08741712781221678,0.012173101649272329,0.8897423778546029,PNW,PNW,38.282874173230134,0.001520994848519361,0.0021748118792312516,5.767492519925522e-7,0.021623262591361242
0.09744551102307154,0.012173101649272329,0.8897423778546029,PNW,PNW,42.6746374607038,0.001592542000414992,0.002266793682840264,9.763285294043383e-7,0.021500027292720554
0.1074738942339263,0.012173101649272329,0.8897423778546029,PNW,PNW,47.06640074817746,0.00159204879209338,0.0022685776643676997,1.0814466784060037e-6,0.02157767263254656
0.11750227744478106,0.012173101649272329,0.8897423778546029,PNW,PNW,51.45816403565112,0.0016794295293165221,0.0023711162830797458,1.1628361071818356e-6,0.022385986578462278
0.1275306606556358,0.012173101649272329,0.8897423778546029,PNW,PNW,55.84992732312478,0.0018176706708165642,0.002549914670088627,1.5355456386745496e-6,0.02231410883372675
0.13755904386649057,0.012173101649272329,0.8897423778546029,PNW,PNW,60.24169061059843,0.0019049892517223293,0.002655278397930998,1.9215470895882286e-6,0.02275973700541389
0.14758742707734532,0.012173101649272329,0.8897423778546029,PNW,PNW,64.63345389807209,0.002000048006947811,0.0027659497642309396,1.8276387229127277e-6,0.023681709677772195
0.1576158102882001,0.012173101649272329,0.8897423778546029,PNW,PNW,69.02521718554577,0.002054091307069036,0.002837512856377848,2.174344037048957e-6,0.02323281287726136
0.16764419349905485,0.012173101649272329,0.8897423778546029,PNW,PNW,73.41698047301942,0.0020236612193604542,0.0027831438186250858,3.2116824155178687e-6,0.02317871712559649
0.1776725767099096,0.012173101649272329,0.8897423778546029,PNW,PNW,77.80874376049307,0.0021936908514262983,0.003019373705146456,3.2725280273854785e-6,0.02401650218186018
0.18770095992076438,0.012173101649272329,0.8897423778546029,PNW,PNW,82.20050704796675,0.002269872292957104,0.0030650082111817888,4.470431070557921e-6,0.02427687937344436
0.19772934313161913,0.012173101649272329,0.8897423778546029,PNW,PNW,86.5922703354404,0.0022617311518308937,0.0030691070157141086,4.510743097303279e-6,0.02403757107314268
0.2077577263424739,0.012173101649272329,0.8897423778546029,PNW,PNW,90.98403362291407,0.0023851261985122015,0.0032189841944725234,5.388785218107369e-6,0.02489788303479824
0.21778610955332867,0.012173101649272329,0.8897423778546029,PNW,PNW,95.37579691038773,0.0024473867423117643,0.003311124680869553,5.366880956781956e-6,0.025030088816845448
0.22781449276418342,0.012173101649272329,0.8897423778546029,PNW,PNW,99.76756019786139,0.0025285522724334724,0.003393683302984537,6.312062410994875e-6,0.024763675385502972
0.23784287597503817,0.012173101649272329,0.8897423778546029,PNW,PNW,104.15932348533505,0.002607920037966558,0.0034456719919099973,8.225428661804383e-6,0.024387943332409335
0.24787125918589295,0.012173101649272329,0.8897423778546029,PNW,PNW,108.55108677280872,0.002792971390211848,0.0037129889463027414,7.969774251135784e-6,0.025842122546754123
0.25789964239674773,0.012173101649272329,0.8897423778546029,PNW,PNW,112.9428500602824,0.0028039049284332524,0.0036519240680116245,1.0492352556961554e-5,0.026116822366374894
0.2679280256076025,0.012173101649272329,0.8897423778546029,PNW,PNW,117.33461334775605,0.002847036292321782,0.0037249326076713904,1.0272259975957084e-5,0.02627154508179871
0.27795640881845723,0.012173101649272329,0.8897423778546029,PNW,PNW,121.72637663522971,0.0029460044731827763,0.0038489914677728794,1.2987330419748396e-5,0.02627040678364273
0.287984792029312,0.012173101649272329,0.8897423778546029,PNW,PNW,126.11813992270336,0.003120588898432381,0.003978741440752418,1.58978238555201e-5,0.026511919887676788
0.2980131752401668,0.012173101649272329,0.8897423778546029,PNW,PNW,130.50990321017704,0.003269771912221121,0.004163255549932738,1.7023388748435836e-5,0.02801827721367408
0.30804155845102155,0.012173101649272329,0.8897423778546029,PNW,PNW,134.9016664976507,0.003275128866310009,0.004184301908501933,1.9221730020240464e-5,0.02741171595385723
0.3180699416618763,0.012173101649272329,0.8897423778546029,PNW,PNW,139.29342978512437,0.003319519098709703,0.00417486155036494,1.9707679674416252e-5,0.027361520034295497
0.32809832487273105,0.012173101649272329,0.8897423778546029,PNW,PNW,143.68519307259803,0.0035939515716461633,0.004467623207770178,2.5910778411139678e-5,0.02749834260047215
0.3381267080835858,0.012173101649272329,0.8897423778546029,PNW,PNW,148.07695636007168,0.0036401695184689656,0.004550675149615752,2.465780739890629e-5,0.028540357594640766
0.34815509129444056,0.012173101649272329,0.8897423778546029,PNW,PNW,152.46871964754533,0.003705335428074789,0.0045268202766293245,3.10107087181985e-5,0.028330080546750725
0.3581834745052953,0.012173101649272329,0.8897423778546029,PNW,PNW,156.86048293501898,0.0038568328834422613,0.004725681803840011,3.120255179760697e-5,0.027500663747334383
0.3682118577161501,0.012173101649272329,0.8897423778546029,PNW,PNW,161.2522462224927,0.003901828724404613,0.004662098495388738,3.805553606157083e-5,0.02836767101212466
0.37824024092700487,0.012173101649272329,0.8897423778546029,PNW,PNW,165.64400950996634,0.004084157642061635,0.004911028285175823,4.52417840761355e-5,0.029505425909906745
0.3882686241378596,0.012173101649272329,0.8897423778546029,PNW,PNW,170.03577279744,0.004073608257982777,0.004939428776651659,4.24816566520798e-5,0.0298207213004808
0.39829700734871437,0.012173101649272329,0.8897423778546029,PNW,PNW,174.42753608491364,0.004218039969558007,0.005055843017275128,5.052336107294374e-5,0.03010799464141208
0.4083253905595691,0.012173101649272329,0.8897423778546029,PNW,PNW,178.81929937238732,0.004391119010783219,0.005199352681131754,5.425968465260552e-5,0.02880774696115729
0.4183537737704239,0.012173101649272329,0.8897423778546029,PNW,PNW,183.21106265986097,0.004490972340145855,0.005263965490063691,5.494425955679462e-5,0.030296061522590238
0.4283821569812787,0.012173101649272329,0.8897423778546029,PNW,PNW,187.60282594733465,0.0045067580923467895,0.005241957018329974,6.224754037489586e-5,0.030658715689601213
0.43841054019213344,0.012173101649272329,0.8897423778546029,PNW,PNW,191.9945892348083,0.004865420132246862,0.005572228206482818,7.878234500068172e-5,0.03129741144681558
0.4484389234029882,0.012173101649272329,0.8897423778546029,PNW,PNW,196.38635252228195,0.0048958151388720506,0.005610052429375954,7.687482760104868e-5,0.030537522031480906
0.45846730661384294,0.012173101649272329,0.8897423778546029,PNW,PNW,200.77811580975563,0.005152724204383345,0.005842875283684489,9.11672989837175e-5,0.03218787015067741
0.4684956898246977,0.012173101649272329,0.8897423778546029,PNW,PNW,205.16987909722928,0.005307102987257454,0.006010201637484435,8.894017382200686e-5,0.0318950995166753
0.47852407303555244,0.012173101649272329,0.8897423778546029,PNW,PNW,209.56164238470294,0.005399966141789021,0.006097434594418001,1.0987023947717651e-4,0.03336985511052685
0.48855245624640725,0.012173101649272329,0.8897423778546029,PNW,PNW,213.95340567217661,0.005553979312896712,0.006081912575847964,1.0981273644902957e-4,0.033009834304225855
0.498580839457262,0.012173101649272329,0.8897423778546029,PNW,PNW,218.34516895965027,0.00576911059830121,0.006361055562468318,1.0736278574176704e-4,0.0352105006861821
0.5086092226681167,0.012173101649272329,0.8897423778546029,PNW,PNW,222.73693224712392,0.00589599224380421,0.0063894381875472415,1.2170115382555603e-4,0.03429157943742827
0.5186376058789715,0.012173101649272329,0.8897423778546029,PNW,PNW,227.12869553459757,0.0060013986596005944,0.006511715538985322,1.3279169911110665e-4,0.03366129910682497
0.5286659890898262,0.012173101649272329,0.8897423778546029,PNW,PNW,231.52045882207122,0.006219656258377584,0.006693112547047338,1.454327860396429e-4,0.03497050617228883
0.538694372300681,0.012173101649272329,0.8897423778546029,PNW,PNW,235.91222210954487,0.006349255643581117,0.0067499796824044625,1.4646949060728907e-4,0.035154295805796064
0.5487227555115357,0.012173101649272329,0.8897423778546029,PNW,PNW,240.30398539701855,0.006472881779866983,0.006922045146295845,1.6508814642471524e-4,0.0352628397086392
0.5587511387223905,0.012173101649272329,0.8897423778546029,PNW,PNW,244.6957486844922,0.006896786207239749,0.007030991704595047,1.829581917904383e-4,0.035554057753483505
0.5687795219332452,0.012173101649272329,0.8897423778546029,PNW,PNW,249.08751197196585,0.006942294617806067,0.007085640532097904,1.9544338046841077e-4,0.036193240581492946
0.5788079051441,0.012173101649272329,0.8897423778546029,PNW,PNW,253.4792752594395,0.007058980083938316,0.00716689641622113,2.345093689512777e-4,0.03671725011475793
0.5888362883549548,0.012173101649272329,0.8897423778546029,PNW,PNW,257.8710385469132,0.007359520064097557,0.007546436988405812,2.450440658725756e-4,0.03703013567466593
0.5988646715658096,0.012173101649272329,0.8897423778546029,PNW,PNW,262.2628018343869,0.0073899514219096345,0.007508405247054749,2.477425635803266e-4,0.036752161661743735
0.6088930547766643,0.012173101649272329,0.8897423778546029,PNW,PNW,266.6545651218605,0.007531340286937278,0.007640186105373065,2.485852175549266e-4,0.03814401340386027
0.6189214379875191,0.012173101649272329,0.8897423778546029,PNW,PNW,271.0463284093342,0.007831590235694047,0.007797115042630866,3.2343874021523297e-4,0.037165143181875755
0.6289498211983738,0.012173101649272329,0.8897423778546029,PNW,PNW,275.4380916968079,0.00787918118095166,0.007765551644593484,3.180143768166483e-4,0.03952260115921812
0.6389782044092286,0.012173101649272329,0.8897423778546029,PNW,PNW,279.8298549842815,0.008262028724714291,0.007959502879316719,3.424013867735717e-4,0.03919990761269014
0.6490065876200833,0.012173101649272329,0.8897423778546029,PNW,PNW,284.2216182717552,0.008404025125795874,0.00814280730709016,3.8953242853931357e-4,0.03946748858019478
0.6590349708309381,0.012173101649272329,0.8897423778546029,PNW,PNW,288.6133815592288,0.00856806290231764,0.00841415686816894,4.0512473213326073e-4,0.03986349098917666
0.6690633540417928,0.012173101649272329,0.8897423778546029,PNW,PNW,293.0051448467025,0.008847248770908155,0.008406533102233743,4.280869359037642e-4,0.03975674827467814
0.6790917372526476,0.012173101649272329,0.8897423778546029,PNW,PNW,297.39690813417616,0.009060800774286107,0.008443410307509076,4.2191861791648417e-4,0.04061742397421982
0.6891201204635024,0.012173101649272329,0.8897423778546029,PNW,PNW,301.7886714216498,0.009284268513637582,0.008792450654193462,4.747687697782477e-4,0.04160422697843687
0.6991485036743571,0.012173101649272329,0.8897423778546029,PNW,PNW,306.18043470912346,0.009403873474981148,0.008819642570401534,5.083464479317588e-4,0.0426809364422166
0.7091768868852119,0.012173101649272329,0.8897423778546029,PNW,PNW,310.57219799659714,0.00955519400740986,0.00883409996908088,5.250669064876079e-4,0.04150262171840662
0.7192052700960667,0.012173101649272329,0.8897423778546029,PNW,PNW,314.9639612840708,0.009887017772829318,0.008971918772694227,5.414933321774013e-4,0.0429755922353366
0.7292336533069215,0.012173101649272329,0.8897423778546029,PNW,PNW,319.3557245715445,0.010229086459916457,0.009164387837347734,5.642837429080333e-4,0.04408016870012773
0.7392620365177762,0.012173101649272329,0.8897423778546029,PNW,PNW,323.7474878590181,0.010406519985652552,0.009412626735719933,6.417284878319806e-4,0.044059146144698344
0.749290419728631,0.012173101649272329,0.8897423778546029,PNW,PNW,328.1392511464918,0.010902530220234682,0.00966391429968509,7.193210394527851e-4,0.04358189081162095
0.7593188029394857,0.012173101649272329,0.8897423778546029,PNW,PNW,332.5310144339654,0.01076691959062389,0.009756370432890618,7.460259409517812e-4,0.04437865521638976
0.7693471861503405,0.012173101649272329,0.8897423778546029,PNW,PNW,336.9227777214391,0.011345940110280048,0.0099510396478793,7.368927970886454e-4,0.044684620530776015
0.7793755693611952,0.012173101649272329,0.8897423778546029,PNW,PNW,341.3145410089128,0.011523627434128207,0.009989887914235687,8.071673859960868e-4,0.047295513718410835
0.78940395257205,0.012173101649272329,0.8897423778546029,PNW,PNW,345.7063042963864,0.011593689051472214,0.009984296152587833,8.360828797569685e-4,0.04691439875540855
0.7994323357829047,0.012173101649272329,0.8897423778546029,PNW,PNW,350.0980675838601,0.011986097105788865,0.010219624716152226,9.391147903410516e-4,0.046127139515311756
0.8094607189937595,0.012173101649272329,0.8897423778546029,PNW,PNW,354.48983087133377,0.0123635295649685,0.010568662190547326,8.986547982190019e-4,0.048682220061373904
0.8194891022046142,0.012173101649272329,0.8897423778546029,PNW,PNW,358.8815941588074,0.012790675877570809,0.01070628960947187,9.87532671932374e-4,0.04838759040033193
0.829517485415469,0.012173101649272329,0.8897423778546029,PNW,PNW,363.27335744628107,0.013068823066245534,0.010883253952047206,0.001041124079319589,0.05075606174146467
0.8395458686263237,0.012173101649272329,0.8897423778546029,PNW,PNW,367.6651207337547,0.013094314734249057,0.01097239193999751,0.0010035775148000575,0.04963535172646127
0.8495742518371786,0.012173101649272329,0.8897423778546029,PNW,PNW,372.0568840212284,0.013681632549712188,0.011124638725914387,0.0010987022526221845,0.050240740541429546
0.8596026350480334,0.012173101649272329,0.8897423778546029,PNW,PNW,376.4486473087021,0.013916390304679897,0.011292387421851327,0.001212246556135302,0.05129082512425262
0.8696310182588881,0.012173101649272329,0.8897423778546029,PNW,PNW,380.84041059617573,0.01403313182674899,0.011331654742812919,0.0012406827055281172,0.05055070572213966
0.8796594014697429,0.012173101649272329,0.8897423778546029,PNW,PNW,385.2321738836494,0.014745974005679278,0.011563571444378943,0.001378283172470086,0.051990703514261334
0.8896877846805976,0.012173101649272329,0.8897423778546029,PNW,PNW,389.62393717112303,0.014718955031017635,0.011741003066838574,0.0013838498733795375,0.05230006840204515
0.8997161678914524,0.012173101649272329,0.8897423778546029,PNW,PNW,394.0157004585967,0.015041738205676442,0.011846604426177193,0.0015067866978670237,0.053692274320596485
0.9097445511023071,0.012173101649272329,0.8897423778546029,PNW,PNW,398.4074637460704,0.015768848468488354,0.012160363132686937,0.0014519200837344863,0.054031238957586145
0.9197729343131619,0.012173101649272329,0.8897423778546029,PNW,PNW,402.799227033544,0.01575834313013027,0.012430403927648964,0.0016011883454782674,0.05615382024922204
0.9298013175240166,0.012173101649272329,0.8897423778546029,PNW,PNW,407.1909903210177,0.01593374402352267,0.012370739035229554,0.0016638955514276747,0.05820770856846401
0.9398297007348714,0.012173101649272329,0.8897423778546029,PNW,PNW,411.5827536084913,0.016433961959064804,0.012745510493681639,0.0018165304851801938,0.055793667241659774
0.9498580839457261,0.012173101649272329,0.8897423778546029,PNW,PNW,415.974516895965,0.01687690146533307,0.013168425173056764,0.0017969059326730901,0.05662011785168522
0.9598864671565809,0.012173101649272329,0.8897423778546029,PNW,PNW,420.3662801834387,0.017325836040714346,0.012826994824754346,0.0018307728641182603,0.0570317768866189
0.9699148503674357,0.012173101649272329,0.8897423778546029,PNW,PNW,424.75804347091236,0.017728287200617646,0.013324928502068093,0.0020614769246980894,0.0582091072618893
0.9799432335782905,0.012173101649272329,0.8897423778546029,PNW,PNW,429.14980675838603,0.018048354793253958,0.013326889741302689,0.0020203949692199083,0.060039659706239264
0.9899716167891452,0.012173101649272329,0.8897423778546029,PNW,PNW,433.54157004585966,0.018390807659072736,0.01380380755745394,0.0022227736972603458,0.060875309162404426
1,0.012173101649272329,0.8897423778546029,PNW,PNW,437.93333333333334,0.018391736747782023,0.013402366302304663,0.0021976877141677955,0.06134831386320475
0.007190062125378686,0.012173101649272329,0.8897423778546029,DRO,DRO,3.1487678734408395,0.008013269302480076,0.007704468614113022,3.757218034695781e-4,0.037815652337317124
0.017218445336233446,0.012173101649272329,0.8897423778546029,DRO,DRO,7.540531160914501,0.007926665456933218,0.007607167115534402,4.0424953702341513e-4,0.03796610434911833
0.02724682854708821,0.012173101649272329,0.8897423778546029,DRO,DRO,11.932294448388163,0.008238490797054281,0.00786617844642908,4.2082851324524447e-4,0.038625155593434234
0.03727521175794297,0.012173101649272329,0.8897423778546029,DRO,DRO,16.324057735861825,0.008406519673858436,0.007947845806673109,4.300052726247128e-4,0.0377777700305345
0.04730359496879773,0.012173101649272329,0.8897423778546029,DRO,DRO,20.715821023335486,0.00865231256358813,0.008130939331167958,4.7775762286139174e-4,0.039145592896102324
0.057331978179652486,0.012173101649272329,0.8897423778546029,DRO,DRO,25.107584310809145,0.00882631948150707,0.008034889447439277,4.6049673584502073e-4,0.038794012416581286
0.06736036139050726,0.012173101649272329,0.8897423778546029,DRO,DRO,29.499347598282814,0.009179007909951232,0.008224528577076779,5.738752385177992e-4,0.039294737870031085
0.07738874460136201,0.012173101649272329,0.8897423778546029,DRO,DRO,33.89111088575647,0.009390144802273959,0.00842281949214915,5.414769429973247e-4,0.04093570327645648
0.08741712781221678,0.012173101649272329,0.8897423778546029,DRO,DRO,38.282874173230134,0.009390812330278817,0.008465434060247846,6.097587763219136e-4,0.03994375319505694
0.09744551102307154,0.012173101649272329,0.8897423778546029,DRO,DRO,42.6746374607038,0.00971323765486646,0.008681463377226431,6.616163125445632e-4,0.040573527559265674
0.1074738942339263,0.012173101649272329,0.8897423778546029,DRO,DRO,47.06640074817746,0.009896687609152143,0.008724442847784305,7.218902871713786e-4,0.04162207506773622
0.11750227744478106,0.012173101649272329,0.8897423778546029,DRO,DRO,51.45816403565112,0.010626662005100942,0.009027336096218875,8.116347545919529e-4,0.04277753990020627
0.1275306606556358,0.012173101649272329,0.8897423778546029,DRO,DRO,55.84992732312478,0.010375272389328592,0.008913463235556298,8.469638444852105e-4,0.041634298023731066
0.13755904386649057,0.012173101649272329,0.8897423778546029,DRO,DRO,60.24169061059843,0.010724087588972111,0.009118252285415055,9.282924657305489e-4,0.04183191636477352
0.14758742707734532,0.012173101649272329,0.8897423778546029,DRO,DRO,64.63345389807209,0.010913648348367219,0.009346245854584847,9.355871580694566e-4,0.0435289928502714
0.1576158102882001,0.012173101649272329,0.8897423778546029,DRO,DRO,69.02521718554577,0.011278476048222442,0.009430652070845603,9.180322834446205e-4,0.0429738282483599
0.16764419349905485,0.012173101649272329,0.8897423778546029,DRO,DRO,73.41698047301942,0.011738538211776634,0.009599359278567277,0.0010747999725543966,0.044963103952049784
0.1776725767099096,0.012173101649272329,0.8897423778546029,DRO,DRO,77.80874376049307,0.011697873202907013,0.009758136074029538,0.001102675035125859,0.045046334294105664
0.18770095992076438,0.012173101649272329,0.8897423778546029,DRO,DRO,82.20050704796675,0.011994498295028614,0.009809854809789534,0.0011833182937790322,0.045505826933080494
0.19772934313161913,0.012173101649272329,0.8897423778546029,DRO,DRO,86.5922703354404,0.012473149682082026,0.010147151731180075,0.0012521000653333003,0.0462239513602332
0.2077577263424739,0.012173101649272329,0.8897423778546029,DRO,DRO,90.98403362291407,0.012526740533578296,0.010005396484510248,0.0013096235792838021,0.046169469183660626
0.21778610955332867,0.012173101649272329,0.8897423778546029,DRO,DRO,95.37579691038773,0.013052207416798032,0.010136059394602145,0.0013538585246967148,0.047293373696075794
0.22781449276418342,0.012173101649272329,0.8897423778546029,DRO,DRO,99.76756019786139,0.013114830986775492,0.010311436249781165,0.0013863857522373668,0.04701642207143956
0.23784287597503817,0.012173101649272329,0.8897423778546029,DRO,DRO,104.15932348533505,0.013407882741103522,0.010460800113100596,0.001517171729315201,0.0466997279152162
0.24787125918589295,0.012173101649272329,0.8897423778546029,DRO,DRO,108.55108677280872,0.013999801515979994,0.010695668836173435,0.0016217188733747474,0.04812697937616997
0.25789964239674773,0.012173101649272329,0.8897423778546029,DRO,DRO,112.9428500602824,0.014383164491761857,0.010912568308261622,0.0016599201013911392,0.049451529844571636
0.2679280256076025,0.012173101649272329,0.8897423778546029,DRO,DRO,117.33461334775605,0.014380595891824234,0.010849238654177603,0.0018023965072406555,0.04894072786924266
0.27795640881845723,0.012173101649272329,0.8897423778546029,DRO,DRO,121.72637663522971,0.01480756285636145,0.01099459504617216,0.001971825438552207,0.049732447157526914
0.287984792029312,0.012173101649272329,0.8897423778546029,DRO,DRO,126.11813992270336,0.015060261801888457,0.011161618639099414,0.0019192897729129294,0.05119862480012607
0.2980131752401668,0.012173101649272329,0.8897423778546029,DRO,DRO,130.50990321017704,0.0154303544885291,0.01128987033470693,0.0020727191717157946,0.05101544938361596
0.30804155845102155,0.012173101649272329,0.8897423778546029,DRO,DRO,134.9016664976507,0.015540215842303227,0.011384041252476242,0.002158307066196154,0.05124406471311396
0.3180699416618763,0.012173101649272329,0.8897423778546029,DRO,DRO,139.29342978512437,0.016239560427620474,0.01165806405255585,0.0022476561423650445,0.05245736254917701
0.32809832487273105,0.012173101649272329,0.8897423778546029,DRO,DRO,143.68519307259803,0.016272308886572596,0.011573433303733187,0.0023429011284262042,0.05383919591978104
0.3381267080835858,0.012173101649272329,0.8897423778546029,DRO,DRO,148.07695636007168,0.01679657309131975,0.011597329635181728,0.0023746451331101187,0.05387838705347556
0.34815509129444056,0.012173101649272329,0.8897423778546029,DRO,DRO,152.46871964754533,0.01721234487608796,0.012157220806935308,0.0027297545743802357,0.053929801897830726
0.3581834745052953,0.012173101649272329,0.8897423778546029,DRO,DRO,156.86048293501898,0.01734651567345115,0.01200696629000847,0.0026838445051395807,0.05507735982030204
0.3682118577161501,0.012173101649272329,0.8897423778546029,DRO,DRO,161.2522462224927,0.018076103808551423,0.012418250291157564,0.002820540815028529,0.055322679208504436
0.37824024092700487,0.012173101649272329,0.8897423778546029,DRO,DRO,165.64400950996634,0.018096829643777512,0.012367785034490698,0.0028720954807124315,0.05615785612697072
0.3882686241378596,0.012173101649272329,0.8897423778546029,DRO,DRO,170.03577279744,0.01848520354452398,0.01225312296754055,0.003115597800517468,0.05704289999255157
0.39829700734871437,0.012173101649272329,0.8897423778546029,DRO,DRO,174.42753608491364,0.019534740825752198,0.012818736099769898,0.003613902452950099,0.05758598847993257
0.4083253905595691,0.012173101649272329,0.8897423778546029,DRO,DRO,178.81929937238732,0.01934888994331533,0.01315708637601241,0.003475886254715625,0.058813046979019346
0.4183537737704239,0.012173101649272329,0.8897423778546029,DRO,DRO,183.21106265986097,0.02015865134729052,0.012957036026835343,0.003678478147408041,0.059796308784488
0.4283821569812787,0.012173101649272329,0.8897423778546029,DRO,DRO,187.60282594733465,0.02034689837223452,0.013205281256995107,0.0037667115124135745,0.05930404672343647
0.43841054019213344,0.012173101649272329,0.8897423778546029,DRO,DRO,191.9945892348083,0.020957579561749914,0.01336928179643266,0.004050495165181517,0.0611416183201892
0.4484389234029882,0.012173101649272329,0.8897423778546029,DRO,DRO,196.38635252228195,0.021298903487383877,0.013539135174190326,0.004041501698696996,0.06102156316144778
0.45846730661384294,0.012173101649272329,0.8897423778546029,DRO,DRO,200.77811580975563,0.021881567406571822,0.013568461023319713,0.004255720948213022,0.06128622066032724
0.4684956898246977,0.012173101649272329,0.8897423778546029,DRO,DRO,205.16987909722928,0.021957368248342823,0.013743663309622766,0.00441967421520594,0.061440623308805495
0.47852407303555244,0.012173101649272329,0.8897423778546029,DRO,DRO,209.56164238470294,0.02255141023910929,0.014048152935691848,0.004645738404838813,0.06352464649722786
0.48855245624640725,0.012173101649272329,0.8897423778546029,DRO,DRO,213.95340567217661,0.02317109771522411,0.013998474703677606,0.004742863796017784,0.06287567684366963
0.498580839457262,0.012173101649272329,0.8897423778546029,DRO,DRO,218.34516895965027,0.023324989776919654,0.01422237816308747,0.005108419476838996,0.06457389184620695
0.5086092226681167,0.012173101649272329,0.8897423778546029,DRO,DRO,222.73693224712392,0.02426351114836868,0.014274007266141038,0.005449704874040029,0.06505190656213392
0.5186376058789715,0.012173101649272329,0.8897423778546029,DRO,DRO,227.12869553459757,0.0243850503596856,0.014410801024644738,0.005349989509156462,0.06490389876052217
0.5286659890898262,0.012173101649272329,0.8897423778546029,DRO,DRO,231.52045882207122,0.024917241338593868,0.014557018985482596,0.005646573114468811,0.06658431074591353
0.538694372300681,0.012173101649272329,0.8897423778546029,DRO,DRO,235.91222210954487,0.025354228869992432,0.014810535898035958,0.0058332690943123005,0.06721261939934708
0.5487227555115357,0.012173101649272329,0.8897423778546029,DRO,DRO,240.30398539701855,0.026271922505177188,0.014871139751918798,0.006177469357293774,0.06779387163126294
0.5587511387223905,0.012173101649272329,0.8897423778546029,DRO,DRO,244.6957486844922,0.02635562519113821,0.014977693489108835,0.006562854790838854,0.06784786236706769
0.5687795219332452,0.012173101649272329,0.8897423778546029,DRO,DRO,249.08751197196585,0.027134911905489514,0.015488061305289291,0.006274977751942599,0.07025566630171795
0.5788079051441,0.012173101649272329,0.8897423778546029,DRO,DRO,253.4792752594395,0.027391589401982833,0.015399407347795858,0.0070214362062557475,0.07201941421648946
0.5888362883549548,0.012173101649272329,0.8897423778546029,DRO,DRO,257.8710385469132,0.02808640447701151,0.015613810863321883,0.007111873830894193,0.07197482135590696
0.5988646715658096,0.012173101649272329,0.8897423778546029,DRO,DRO,262.2628018343869,0.02856666231060163,0.015519866397697549,0.007591679550776564,0.07323784278735965
0.6088930547766643,0.012173101649272329,0.8897423778546029,DRO,DRO,266.6545651218605,0.029280998216359252,0.01606582297526324,0.007872380722003391,0.07355491432850615
0.6189214379875191,0.012173101649272329,0.8897423778546029,DRO,DRO,271.0463284093342,0.030142987354779802,0.01608090552264151,0.008017645853437647,0.07496887576345804
0.6289498211983738,0.012173101649272329,0.8897423778546029,DRO,DRO,275.4380916968079,0.03075477078735723,0.01616573164407565,0.008387671555039071,0.07694257337981837
0.6389782044092286,0.012173101649272329,0.8897423778546029,DRO,DRO,279.8298549842815,0.031224101088145488,0.016578204287132553,0.008521545409345072,0.07588839406202996
0.6490065876200833,0.012173101649272329,0.8897423778546029,DRO,DRO,284.2216182717552,0.03150757834434753,0.01666266073175384,0.008911470980096207,0.07662074737727487
0.6590349708309381,0.012173101649272329,0.8897423778546029,DRO,DRO,288.6133815592288,0.032396851721199216,0.01697963326475792,0.00882365208668266,0.07784652739969061
0.6690633540417928,0.012173101649272329,0.8897423778546029,DRO,DRO,293.0051448467025,0.03343746997962063,0.017086126704015166,0.009415908653180396,0.07809156144283758
0.6790917372526476,0.012173101649272329,0.8897423778546029,DRO,DRO,297.39690813417616,0.0340530393826711,0.017261047543904524,0.009798234279749112,0.08114259545009257
0.6891201204635024,0.012173101649272329,0.8897423778546029,DRO,DRO,301.7886714216498,0.034516028346310866,0.017178533865194915,0.010261458389873912,0.0803206323342032
0.6991485036743571,0.012173101649272329,0.8897423778546029,DRO,DRO,306.18043470912346,0.03504115889247481,0.01740563844148104,0.010339826027827813,0.08219711283887379
0.7091768868852119,0.012173101649272329,0.8897423778546029,DRO,DRO,310.57219799659714,0.035979223633024124,0.017980999995135017,0.01047385737473154,0.08300633694260764
0.7192052700960667,0.012173101649272329,0.8897423778546029,DRO,DRO,314.9639612840708,0.03682749326230278,0.01815245826811427,0.0111157360977172,0.0851554937650527
0.7292336533069215,0.012173101649272329,0.8897423778546029,DRO,DRO,319.3557245715445,0.03674796862904681,0.017808679545662957,0.011246697184911624,0.08481948244203465
0.7392620365177762,0.012173101649272329,0.8897423778546029,DRO,DRO,323.7474878590181,0.03807404877331406,0.018546950997660662,0.011898401322282533,0.08671137717927921
0.749290419728631,0.012173101649272329,0.8897423778546029,DRO,DRO,328.1392511464918,0.03865322014215185,0.018439366227448267,0.012165023455666777,0.08659860284203691
0.7593188029394857,0.012173101649272329,0.8897423778546029,DRO,DRO,332.5310144339654,0.04003947782343992,0.018894569913365068,0.012717140010132091,0.09062642567876375
0.7693471861503405,0.012173101649272329,0.8897423778546029,DRO,DRO,336.9227777214391,0.040206722790039576,0.019080009440236672,0.01317939115054589,0.0891577851215587
0.7793755693611952,0.012173101649272329,0.8897423778546029,DRO,DRO,341.3145410089128,0.041117794014986025,0.01939833587796297,0.01293877448337163,0.08959469756017464
0.78940395257205,0.012173101649272329,0.8897423778546029,DRO,DRO,345.7063042963864,0.04209268569056762,0.01930002686754968,0.013111167199839178,0.09058232138377545
0.7994323357829047,0.012173101649272329,0.8897423778546029,DRO,DRO,350.0980675838601,0.04298432311488624,0.019855825198234034,0.014017380976796815,0.09268991747334927
0.8094607189937595,0.012173101649272329,0.8897423778546029,DRO,DRO,354.48983087133377,0.04379706360244981,0.019822410450828103,0.014680138618404268,0.09421996744364136
0.8194891022046142,0.012173101649272329,0.8897423778546029,DRO,DRO,358.8815941588074,0.04426692311649494,0.019774936711800778,0.015358549892139363,0.09616669791360387
0.829517485415469,0.012173101649272329,0.8897423778546029,DRO,DRO,363.27335744628107,0.04475843081353252,0.02010047604992504,0.01573478545563501,0.09728765931113459
0.8395458686263237,0.012173101649272329,0.8897423778546029,DRO,DRO,367.6651207337547,0.0460070784779055,0.020555134802349155,0.015649842723883336,0.09845933744144306
0.8495742518371786,0.012173101649272329,0.8897423778546029,DRO,DRO,372.0568840212284,0.04698636175396254,0.02089098394181922,0.016519780180655978,0.10194437448511329
0.8596026350480334,0.012173101649272329,0.8897423778546029,DRO,DRO,376.4486473087021,0.048155699402718355,0.0205100337152365,0.01658944871377365,0.10027782155148644
0.8696310182588881,0.012173101649272329,0.8897423778546029,DRO,DRO,380.84041059617573,0.04875955884550502,0.021177944504747935,0.016806883794472843,0.10079450973145236
0.8796594014697429,0.012173101649272329,0.8897423778546029,DRO,DRO,385.2321738836494,0.04964902876648994,0.021231237885637657,0.017603310444824386,0.10344433700134545
0.8896877846805976,0.012173101649272329,0.8897423778546029,DRO,DRO,389.62393717112303,0.05059310787992248,0.02180748946155811,0.018600040992884124,0.10584026181209946
0.8997161678914524,0.012173101649272329,0.8897423778546029,DRO,DRO,394.0157004585967,0.051639656941217124,0.022082113515822607,0.018720654023523468,0.10714068187949599
0.9097445511023071,0.012173101649272329,0.8897423778546029,DRO,DRO,398.4074637460704,0.05291252374303196,0.02229160291883501,0.01963787691441799,0.10876681449436205
0.9197729343131619,0.012173101649272329,0.8897423778546029,DRO,DRO,402.799227033544,0.05357923667248782,0.022635145082339797,0.01930998990872545,0.10905916035636826
0.9298013175240166,0.012173101649272329,0.8897423778546029,DRO,DRO,407.1909903210177,0.05445819632460378,0.02241704481506446,0.02035789961844882,0.11147467876279696
0.9398297007348714,0.012173101649272329,0.8897423778546029,DRO,DRO,411.5827536084913,0.05600627757783108,0.023082285514989063,0.020758078349644223,0.11197889035703582
0.9498580839457261,0.012173101649272329,0.8897423778546029,DRO,DRO,415.974516895965,0.05699418326141056,0.023552402671363326,0.021928195076944237,0.11560511184979849
0.9598864671565809,0.012173101649272329,0.8897423778546029,DRO,DRO,420.3662801834387,0.05799381144779786,0.02349614096634103,0.021921162291829357,0.11553467009106702
0.9699148503674357,0.012173101649272329,0.8897423778546029,DRO,DRO,424.75804347091236,0.059239777335455684,0.023692926814799214,0.023423740119685076,0.11790598733173704
0.9799432335782905,0.012173101649272329,0.8897423778546029,DRO,DRO,429.14980675838603,0.06008393816611714,0.02366653095938214,0.02387587182962855,0.1208024116213089
0.9899716167891452,0.012173101649272329,0.8897423778546029,DRO,DRO,433.54157004585966,0.060851506028876,0.02439233731587041,0.024291988878886367,0.12139416006779633
1,0.012173101649272329,0.8897423778546029,DRO,DRO,437.93333333333334,0.06256204722067282,0.02475814494309068,0.02498557474673718,0.12230517027331468
0.007190062125378686,0.012173101649272329,0.8897423778546029,MLRF,MLRF,3.1487678734408395,0.005798176581241706,0.006316091840911461,1.4419876054721682e-4,0.03301940853547522
0.017218445336233446,0.012173101649272329,0.8897423778546029,MLRF,MLRF,7.540531160914501,0.0060070855996492995,0.0064127556817647246,1.4048079416674288e-4,0.03289560236758816
0.02724682854708821,0.012173101649272329,0.8897423778546029,MLRF,MLRF,11.932294448388163,0.005967534112234597,0.00633419709378305,1.8956617671763893e-4,0.03295865401996563
0.03727521175794297,0.012173101649272329,0.8897423778546029,MLRF,MLRF,16.324057735861825,0.00618264562252411,0.006566777652642386,1.950315109695977e-4,0.033118599963933855
0.04730359496879773,0.012173101649272329,0.8897423778546029,MLRF,MLRF,20.715821023335486,0.006072507064828401,0.006417465997931916,1.8719501693556406e-4,0.03472189658635885
0.057331978179652486,0.012173101649272329,0.8897423778546029,MLRF,MLRF,25.107584310809145,0.006513275682125634,0.006843544764202973,2.305362997536955e-4,0.03419268189002286
0.06736036139050726,0.012173101649272329,0.8897423778546029,MLRF,MLRF,29.499347598282814,0.006702356465964484,0.006846458990429044,2.4660580236760975e-4,0.03462285112490728
0.07738874460136201,0.012173101649272329,0.8897423778546029,MLRF,MLRF,33.89111088575647,0.006696159118673852,0.006838350163171421,2.6171109733279956e-4,0.03406306302176994
0.08741712781221678,0.012173101649272329,0.8897423778546029,MLRF,MLRF,38.282874173230134,0.007107399388036011,0.007151282096161752,2.853636503783566e-4,0.035205357036955466
0.09744551102307154,0.012173101649272329,0.8897423778546029,MLRF,MLRF,42.6746374607038,0.0071857120572541705,0.0071327046662452735,2.716461867202279e-4,0.035421764289528444
0.1074738942339263,0.012173101649272329,0.8897423778546029,MLRF,MLRF,47.06640074817746,0.00736275804120195,0.007155186326565871,3.029301699824103e-4,0.0364054853918803
0.11750227744478106,0.012173101649272329,0.8897423778546029,MLRF,MLRF,51.45816403565112,0.007645280293048706,0.007620654414770189,3.513808893660675e-4,0.03706417812559989
0.1275306606556358,0.012173101649272329,0.8897423778546029,MLRF,MLRF,55.84992732312478,0.007766724114147805,0.0076815239554867245,4.0059553577919473e-4,0.036275732324019754
0.13755904386649057,0.012173101649272329,0.8897423778546029,MLRF,MLRF,60.24169061059843,0.008026912091014282,0.0076981949983456225,4.056026352514479e-4,0.03673447785774063
0.14758742707734532,0.012173101649272329,0.8897423778546029,MLRF,MLRF,64.63345389807209,0.00788599088513346,0.007493244568240733,4.205715129477138e-4,0.03719899086930032
0.1576158102882001,0.012173101649272329,0.8897423778546029,MLRF,MLRF,69.02521718554577,0.008287490670436555,0.0076690723524547675,4.406094554956169e-4,0.038330189689779165
0.16764419349905485,0.012173101649272329,0.8897423778546029,MLRF,MLRF,73.41698047301942,0.00847244828218022,0.007918637398042586,5.112860295580911e-4,0.03766957375181782
0.1776725767099096,0.012173101649272329,0.8897423778546029,MLRF,MLRF,77.80874376049307,0.0086936548329027,0.007977342580303772,5.729250221516994e-4,0.03894074129664413
0.18770095992076438,0.012173101649272329,0.8897423778546029,MLRF,MLRF,82.20050704796675,0.00875546077702942,0.008041882752459375,5.555812457243539e-4,0.03972398935378863
0.19772934313161913,0.012173101649272329,0.8897423778546029,MLRF,MLRF,86.5922703354404,0.008998954877275991,0.008066706260050766,5.85240555753314e-4,0.04017034386401275
0.2077577263424739,0.012173101649272329,0.8897423778546029,MLRF,MLRF,90.98403362291407,0.00948301584029493,0.008589055728065733,6.278950596459986e-4,0.04102511669183202
0.21778610955332867,0.012173101649272329,0.8897423778546029,MLRF,MLRF,95.37579691038773,0.009747681758833334,0.008696158675081571,6.204862882744569e-4,0.03979413288786147
0.22781449276418342,0.012173101649272329,0.8897423778546029,MLRF,MLRF,99.76756019786139,0.009851100339664128,0.008531129896677035,7.264610070600394e-4,0.041332411633725634
0.23784287597503817,0.012173101649272329,0.8897423778546029,MLRF,MLRF,104.15932348533505,0.010166541357833465,0.00887693432716995,7.562840805957722e-4,0.042563688341397864
0.24787125918589295,0.012173101649272329,0.8897423778546029,MLRF,MLRF,108.55108677280872,0.010615539329971967,0.009117643892987828,7.976368806856927e-4,0.04199417139017468
0.25789964239674773,0.012173101649272329,0.8897423778546029,MLRF,MLRF,112.9428500602824,0.010601408378821016,0.0089899278452388,8.804592778208142e-4,0.0417929171430697
0.2679280256076025,0.012173101649272329,0.8897423778546029,MLRF,MLRF,117.33461334775605,0.010698586979643598,0.009116194360923945,9.005219003833547e-4,0.042567840054497506
0.27795640881845723,0.012173101649272329,0.8897423778546029,MLRF,MLRF,121.72637663522971,0.011261967799808446,0.009431036217400305,9.94520558455491e-4,0.04297048035903678
0.287984792029312,0.012173101649272329,0.8897423778546029,MLRF,MLRF,126.11813992270336,0.011378851377120348,0.009470341184568052,0.0010496009260114363,0.04391110374687077
0.2980131752401668,0.012173101649272329,0.8897423778546029,MLRF,MLRF,130.50990321017704,0.011511639668063236,0.009618557145683241,0.0010939316688138956,0.04489103360320194
0.30804155845102155,0.012173101649272329,0.8897423778546029,MLRF,MLRF,134.9016664976507,0.011822293360218564,0.00979089130625761,0.0011310628365500271,0.0434290692910942
0.3180699416618763,0.012173101649272329,0.8897423778546029,MLRF,MLRF,139.29342978512437,0.012158091776461299,0.009846425347269535,0.0011987913075214504,0.044953108289689715
0.32809832487273105,0.012173101649272329,0.8897423778546029,MLRF,MLRF,143.68519307259803,0.012453677836046418,0.010158296720666617,0.0011434012508038883,0.046200832502015454
0.3381267080835858,0.012173101649272329,0.8897423778546029,MLRF,MLRF,148.07695636007168,0.012799283783053277,0.00994465402034612,0.0014132370868988593,0.04603690985289027
0.34815509129444056,0.012173101649272329,0.8897423778546029,MLRF,MLRF,152.46871964754533,0.013095870684138287,0.010378334324921195,0.0013680851511593982,0.04658473866506141
0.3581834745052953,0.012173101649272329,0.8897423778546029,MLRF,MLRF,156.86048293501898,0.013384153911005076,0.010468112026266144,0.001394396989165511,0.0469749685195696
0.3682118577161501,0.012173101649272329,0.8897423778546029,MLRF,MLRF,161.2522462224927,0.013429120831018507,0.01025879262030997,0.001505280769872471,0.048670701908905795
0.37824024092700487,0.012173101649272329,0.8897423778546029,MLRF,MLRF,165.64400950996634,0.013598087697372988,0.010549878125877961,0.0016509430397995074,0.048886093555389976
0.3882686241378596,0.012173101649272329,0.8897423778546029,MLRF,MLRF,170.03577279744,0.014034716450058535,0.010694371955060364,0.0017199860238597607,0.048260624583702096
0.39829700734871437,0.012173101649272329,0.8897423778546029,MLRF,MLRF,174.42753608491364,0.01458351241393729,0.011013187431260455,0.0017074285966878443,0.05024412333893325
0.4083253905595691,0.012173101649272329,0.8897423778546029,MLRF,MLRF,178.81929937238732,0.014953509905183683,0.011130953877731694,0.0019514239835557805,0.049915378315689346
0.4183537737704239,0.012173101649272329,0.8897423778546029,MLRF,MLRF,183.21106265986097,0.015059253682040676,0.011051218463129658,0.002016764382132802,0.05022781157832183
0.4283821569812787,0.012173101649272329,0.8897423778546029,MLRF,MLRF,187.60282594733465,0.015535269831678532,0.011261222088048521,0.0021641494947590247,0.05254231039869749
0.43841054019213344,0.012173101649272329,0.8897423778546029,MLRF,MLRF,191.9945892348083,0.015600000628549621,0.011313441259667356,0.002267685223080537,0.05172315460705163
0.4484389234029882,0.012173101649272329,0.8897423778546029,MLRF,MLRF,196.38635252228195,0.016339077789751653,0.011587154910596299,0.002369168794851438,0.05350970400239087
0.45846730661384294,0.012173101649272329,0.8897423778546029,MLRF,MLRF,200.77811580975563,0.016539399758665578,0.011817654166507522,0.0024283095976864663,0.052858305759286565
0.4684956898246977,0.012173101649272329,0.8897423778546029,MLRF,MLRF,205.16987909722928,0.01680533519069457,0.011960150896040515,0.002526944032606169,0.055485819778873346
0.47852407303555244,0.012173101649272329,0.8897423778546029,MLRF,MLRF,209.56164238470294,0.01746134762707681,0.012361794792164319,0.0025902934173147544,0.05384592649427236
0.48855245624640725,0.012173101649272329,0.8897423778546029,MLRF,MLRF,213.95340567217661,0.017423567152081525,0.011910918248580269,0.003041577556762959,0.05375329079719177
0.498580839457262,0.012173101649272329,0.8897423778546029,MLRF,MLRF,218.34516895965027,0.018284293594733228,0.012253146826333756,0.0030605036469416695,0.05514503966061784
0.5086092226681167,0.012173101649272329,0.8897423778546029,MLRF,MLRF,222.73693224712392,0.01844152914216255,0.012207796486697698,0.0029731263004315546,0.0564800592233957
0.5186376058789715,0.012173101649272329,0.8897423778546029,MLRF,MLRF,227.12869553459757,0.018697203552044475,0.012558783316952414,0.0032384178035088185,0.05815181857019759
0.5286659890898262,0.012173101649272329,0.8897423778546029,MLRF,MLRF,231.52045882207122,0.019214983168911376,0.012697350195341166,0.0032594739873460592,0.05840611300115314
0.538694372300681,0.012173101649272329,0.8897423778546029,MLRF,MLRF,235.91222210954487,0.019607254255438453,0.013142695900814282,0.003461301279743845,0.05915534626408448
0.5487227555115357,0.012173101649272329,0.8897423778546029,MLRF,MLRF,240.30398539701855,0.02005697473054677,0.012922226421276625,0.003738592213543258,0.058621753373517084
0.5587511387223905,0.012173101649272329,0.8897423778546029,MLRF,MLRF,244.6957486844922,0.02017397092260175,0.013207161633979612,0.003712113767332338,0.05900157039896572
0.5687795219332452,0.012173101649272329,0.8897423778546029,MLRF,MLRF,249.08751197196585,0.020826457219243352,0.013310287605487083,0.0036027429365548757,0.060656078647704406
0.5788079051441,0.012173101649272329,0.8897423778546029,MLRF,MLRF,253.4792752594395,0.02126132241136039,0.013762678432896068,0.00414597237903132,0.0628505254369363
0.5888362883549548,0.012173101649272329,0.8897423778546029,MLRF,MLRF,257.8710385469132,0.02199865046799116,0.013989014790103596,0.004326091042418364,0.062354672834980605
0.5988646715658096,0.012173101649272329,0.8897423778546029,MLRF,MLRF,262.2628018343869,0.022005741488137352,0.013483345343828506,0.004288627077547764,0.06252675779329057
0.6088930547766643,0.012173101649272329,0.8897423778546029,MLRF,MLRF,266.6545651218605,0.02289847635408844,0.013996898825928864,0.004549420600389041,0.06369469669051205
0.6189214379875191,0.012173101649272329,0.8897423778546029,MLRF,MLRF,271.0463284093342,0.02322721789589354,0.014580360955730006,0.004573065104831363,0.06532228064557226
0.6289498211983738,0.012173101649272329,0.8897423778546029,MLRF,MLRF,275.4380916968079,0.02376145388099632,0.014403404218099268,0.005036944417534,0.06567691580707227
0.6389782044092286,0.012173101649272329,0.8897423778546029,MLRF,MLRF,279.8298549842815,0.02464630037010316,0.0147500362373591,0.0049387284167903035,0.06598864109888695
0.6490065876200833,0.012173101649272329,0.8897423778546029,MLRF,MLRF,284.2216182717552,0.02460543209475928,0.015024371339548976,0.005283904552284546,0.0671336979959265
0.6590349708309381,0.012173101649272329,0.8897423778546029,MLRF,MLRF,288.6133815592288,0.025242592713802123,0.014921076914023262,0.005448515118742709,0.06822829217179294
0.6690633540417928,0.012173101649272329,0.8897423778546029,MLRF,MLRF,293.0051448467025,0.025782404216947517,0.015361705804980575,0.005562986360207788,0.06771983477562211
0.6790917372526476,0.012173101649272329,0.8897423778546029,MLRF,MLRF,297.39690813417616,0.026197031825199505,0.015330085098796721,0.00592568273610067,0.07024727057120271
0.6891201204635024,0.012173101649272329,0.8897423778546029,MLRF,MLRF,301.7886714216498,0.027219622709489848,0.015890028854314925,0.006074975552353568,0.07012136581075445
0.6991485036743571,0.012173101649272329,0.8897423778546029,MLRF,MLRF,306.18043470912346,0.027364651418690322,0.015778310156651713,0.006345432340383666,0.0719860523328547
0.7091768868852119,0.012173101649272329,0.8897423778546029,MLRF,MLRF,310.57219799659714,0.028240673955920132,0.01605929306378925,0.006551311756671925,0.07163617008783854
0.7192052700960667,0.012173101649272329,0.8897423778546029,MLRF,MLRF,314.9639612840708,0.028785181395898897,0.01645217466275501,0.006996065579114206,0.07515853431750737
0.7292336533069215,0.012173101649272329,0.8897423778546029,MLRF,MLRF,319.3557245715445,0.02908865038403039,0.01630048560048874,0.006893368690830133,0.07394288889442648
0.7392620365177762,0.012173101649272329,0.8897423778546029,MLRF,MLRF,323.7474878590181,0.02979351627942705,0.01664190521070785,0.007105975122320795,0.07546737592732983
0.749290419728631,0.012173101649272329,0.8897423778546029,MLRF,MLRF,328.1392511464918,0.03073024258886687,0.016838693415050992,0.00783830993734732,0.075898894959728
0.7593188029394857,0.012173101649272329,0.8897423778546029,MLRF,MLRF,332.5310144339654,0.03081098053842804,0.016575062360468545,0.007926746820298402,0.07744972314138887
0.7693471861503405,0.012173101649272329,0.8897423778546029,MLRF,MLRF,336.9227777214391,0.031699307122843245,0.01691798364251001,0.00815501404640491,0.07853759814594316
0.7793755693611952,0.012173101649272329,0.8897423778546029,MLRF,MLRF,341.3145410089128,0.032486505550294205,0.017520502932047117,0.008722629058276418,0.0804407749954527
0.78940395257205,0.012173101649272329,0.8897423778546029,MLRF,MLRF,345.7063042963864,0.03273464215433379,0.017710975298802334,0.00822433266312545,0.07960702043142347
0.7994323357829047,0.012173101649272329,0.8897423778546029,MLRF,MLRF,350.0980675838601,0.03392207706296066,0.017935954455754115,0.009127576019519978,0.08253679534039625
0.8094607189937595,0.012173101649272329,0.8897423778546029,MLRF,MLRF,354.48983087133377,0.034287452684186065,0.018305522548778687,0.008804322340123004,0.08513505850634619
0.8194891022046142,0.012173101649272329,0.8897423778546029,MLRF,MLRF,358.8815941588074,0.03480089898801883,0.01827985539145916,0.009597137284131658,0.0840204471506511
0.829517485415469,0.012173101649272329,0.8897423778546029,MLRF,MLRF,363.27335744628107,0.03582899812421381,0.018577335034466444,0.009734718690918777,0.08522588976704501
0.8395458686263237,0.012173101649272329,0.8897423778546029,MLRF,MLRF,367.6651207337547,0.03675943690164881,0.019047453867998956,0.010020994672886184,0.08727768206101198
0.8495742518371786,0.012173101649272329,0.8897423778546029,MLRF,MLRF,372.0568840212284,0.03696654125657137,0.01884808058209499,0.010150493139314905,0.08711793620488864
0.8596026350480334,0.012173101649272329,0.8897423778546029,MLRF,MLRF,376.4486473087021,0.03783627969882161,0.019201774686706433,0.01097326881822073,0.08751217643399382
0.8696310182588881,0.012173101649272329,0.8897423778546029,MLRF,MLRF,380.84041059617573,0.03882304491301748,0.019546562738993543,0.010863596041197384,0.0900186964640899
0.8796594014697429,0.012173101649272329,0.8897423778546029,MLRF,MLRF,385.2321738836494,0.0394888621697401,0.019243025252508535,0.011397078627673151,0.09054356273730439
0.8896877846805976,0.012173101649272329,0.8897423778546029,MLRF,MLRF,389.62393717112303,0.040594095573121866,0.020209884641540814,0.011778020520746914,0.094078212012145
0.8997161678914524,0.012173101649272329,0.8897423778546029,MLRF,MLRF,394.0157004585967,0.040958677445501274,0.02022589282137385,0.01200870402952959,0.094748244640212545
0.9097445511023071,0.012173101649272329,0.8897423778546029,MLRF,MLRF,398.4074637460704,0.04227094326739274,0.020652356199552736,0.012455809612545736,0.09548961255979024
0.9197729343131619,0.012173101649272329,0.8897423778546029,MLRF,MLRF,402.799227033544,0.04270375810943291,0.020720432929402455,0.012934028073897295,0.09711135332766202
0.9298013175240166,0.012173101649272329,0.8897423778546029,MLRF,MLRF,407.1909903210177,0.0438653158457126,0.021261292596877045,0.012891569162009356,0.0984064403328511
0.9398297007348714,0.012173101649272329,0.8897423778546029,MLRF,MLRF,411.5827536084913,0.0443908213410631,0.021191301795331904,0.013857272908917966,0.09828907581038547
0.9498580839457261,0.012173101649272329,0.8897423778546029,MLRF,MLRF,415.974516895965,0.04519634135351326,0.021927123754537647,0.013619951221475433,0.1010495317126977
0.9598864671565809,0.012173101649272329,0.8897423778546029,MLRF,MLRF,420.3662801834387,0.045458633559747164,0.021857372988825608,0.014085927579939312,0.1023725667794883
0.9699148503674357,0.012173101649272329,0.8897423778546029,MLRF,MLRF,424.75804347091236,0.04667860126894615,0.02187250013047165,0.01479195776031228,0.1034402817315297
0.9799432335782905,0.012173101649272329,0.8897423778546029,MLRF,MLRF,429.14980675838603,0.048015028456159736,0.02266244249981458,0.015237150324939774,0.10554393279833539
0.9899716167891452,0.012173101649272329,0.8897423778546029,MLRF,MLRF,433.54157004585966,0.04871800419722466,0.022549761537791486,0.015452140371185428,0.1072945572763078
1,0.012173101649272329,0.8897423778546029,MLRF,MLRF,437.93333333333334,0.049912273180103446,0.023246002677097515,0.015799557153289456,0.10780666184452983
0.007190062125378686,0.012173101649272329,0.8897423778546029,MLES,MLES,3.1487678734408395,0.006682335594839647,0.006773775489314129,2.3626985233611764e-4,0.03459971755659757
0.017218445336233446,0.012173101649272329,0.8897423778546029,MLES,MLES,7.540531160914501,0.006847619623747633,0.006889497046661378,2.5570907991471966e-4,0.03536072060490069
0.02724682854708821,0.012173101649272329,0.8897423778546029,MLES,MLES,11.932294448388163,0.006946719311502703,0.007068547509530984,2.6803995819650735e-4,0.03611232958710398
0.03727521175794297,0.012173101649272329,0.8897423778546029,MLES,MLES,16.324057735861825,0.0072453081521880874,0.007243691987797975,2.812277997774095e-4,0.035533506972922846
0.04730359496879773,0.012173101649272329,0.8897423778546029,MLES,MLES,20.715821023335486,0.007382799670333344,0.007205789793125688,3.2933578742625326e-4,0.03600024273744115
0.057331978179652486,0.012173101649272329,0.8897423778546029,MLES,MLES,25.107584310809145,0.007555620500274156,0.0074807932882919705,2.793916335189981e-4,0.035438725502035195
0.06736036139050726,0.012173101649272329,0.8897423778546029,MLES,MLES,29.499347598282814,0.007712301188611111,0.007523441545621259,3.8066514523009333e-4,0.037082791817145376
0.07738874460136201,0.012173101649272329,0.8897423778546029,MLES,MLES,33.89111088575647,0.008103530765108563,0.007831008611212251,3.8657806539540334e-4,0.037161945676039636
0.08741712781221678,0.012173101649272329,0.8897423778546029,MLES,MLES,38.282874173230134,0.007975268370641928,0.007657667545426371,4.1372704854630724e-4,0.037484850547517046
0.09744551102307154,0.012173101649272329,0.8897423778546029,MLES,MLES,42.6746374607038,0.0081797492625532,0.007833426858156628,4.1207367750621134e-4,0.03767244628779636
0.1074738942339263,0.012173101649272329,0.8897423778546029,MLES,MLES,47.06640074817746,0.008551523662232986,0.00800825981099898,4.0570025641658593e-4,0.03813819051166223
0.11750227744478106,0.012173101649272329,0.8897423778546029,MLES,MLES,51.45816403565112,0.008664935536141005,0.007951083178273902,5.218728727913861e-4,0.03926923618566962
0.1275306606556358,0.012173101649272329,0.8897423778546029,MLES,MLES,55.84992732312478,0.009024103761347026,0.00816480302385614,5.800628163371772e-4,0.03975420450075741
0.13755904386649057,0.012173101649272329,0.8897423778546029,MLES,MLES,60.24169061059843,0.009149555421304089,0.008286681685290192,5.789316853306168e-4,0.03991337806135227
0.14758742707734532,0.012173101649272329,0.8897423778546029,MLES,MLES,64.63345389807209,0.009667033026289417,0.008697175537334472,6.341461903044967e-4,0.03999343398383334
0.1576158102882001,0.012173101649272329,0.8897423778546029,MLES,MLES,69.02521718554577,0.009643226386621052,0.0086378835843818,6.395855379872687e-4,0.03949763737575961
0.16764419349905485,0.012173101649272329,0.8897423778546029,MLES,MLES,73.41698047301942,0.009849498201658011,0.008711416997818968,7.33258045925891e-4,0.04098016045669918
0.1776725767099096,0.012173101649272329,0.8897423778546029,MLES,MLES,77.80874376049307,0.010216884037151626,0.008882909890427473,7.970366067276022e-4,0.042429089030951495
0.18770095992076438,0.012173101649272329,0.8897423778546029,MLES,MLES,82.20050704796675,0.010455621128909923,0.00902619954194623,8.57673837504588e-4,0.04259884699369283
0.19772934313161913,0.012173101649272329,0.8897423778546029,MLES,MLES,86.5922703354404,0.010600420560083278,0.008904868660522532,8.520783897371007e-4,0.04256838294456082
0.2077577263424739,0.012173101649272329,0.8897423778546029,MLES,MLES,90.98403362291407,0.01083298708504543,0.009163449869589843,8.876161073660668e-4,0.0426875623735227
0.21778610955332867,0.012173101649272329,0.8897423778546029,MLES,MLES,95.37579691038773,0.011132308374659217,0.009308770634948007,0.0010013473481595868,0.043659464219602526
0.22781449276418342,0.012173101649272329,0.8897423778546029,MLES,MLES,99.76756019786139,0.011517268048757658,0.009563060060455788,0.0010761790688297121,0.04497703431846829
0.23784287597503817,0.012173101649272329,0.8897423778546029,MLES,MLES,104.15932348533505,0.011720548050511896,0.00961127150704789,0.001040760312783736,0.04479296132123734
0.24787125918589295,0.012173101649272329,0.8897423778546029,MLES,MLES,108.55108677280872,0.01177919156491685,0.009611675815081626,0.0011587307238247393,0.045185060595766546
0.25789964239674773,0.012173101649272329,0.8897423778546029,MLES,MLES,112.9428500602824,0.01206937636810946,0.009785619156517452,0.0012160124039443522,0.045602646362414075
0.2679280256076025,0.012173101649272329,0.8897423778546029,MLES,MLES,117.33461334775605,0.012413053564885769,0.010018574432046994,0.001226274849402857,0.04622150154672287
0.27795640881845723,0.012173101649272329,0.8897423778546029,MLES,MLES,121.72637663522971,0.01291499603404455,0.010298719702725705,0.0013059179923415754,0.045807803743903266
0.287984792029312,0.012173101649272329,0.8897423778546029,MLES,MLES,126.11813992270336,0.012833193816646188,0.01013517663581046,0.001390900761805346,0.04727753142013054
0.2980131752401668,0.012173101649272329,0.8897423778546029,MLES,MLES,130.50990321017704,0.013130598500704187,0.010321665473159283,0.0016165611908327859,0.04766119245875984
0.30804155845102155,0.012173101649272329,0.8897423778546029,MLES,MLES,134.9016664976507,0.013631254273172369,0.010675636353796794,0.0017036658294398742,0.0483496201772715
0.3180699416618763,0.012173101649272329,0.8897423778546029,MLES,MLES,139.29342978512437,0.013724880035725223,0.010533462520239404,0.0016859240223870756,0.04843105842111115
0.32809832487273105,0.012173101649272329,0.8897423778546029,MLES,MLES,143.68519307259803,0.014187449367038717,0.010981286407910568,0.0015770132301323471,0.04957626689954662
0.3381267080835858,0.012173101649272329,0.8897423778546029,MLES,MLES,148.07695636007168,0.014336890488055126,0.010846952430234206,0.00192774828248302,0.04908709158663404
0.34815509129444056,0.012173101649272329,0.8897423778546029,MLES,MLES,152.46871964754533,0.014802453583192977,0.010962148052834145,0.002000416488463548,0.05037440227023774
0.3581834745052953,0.012173101649272329,0.8897423778546029,MLES,MLES,156.86048293501898,0.015365453441954382,0.011225591642356939,0.0020130980902161926,0.050532870216557044
0.3682118577161501,0.012173101649272329,0.8897423778546029,MLES,MLES,161.2522462224927,0.015521365285955668,0.011319005410835928,0.002179847166546966,0.050365129214750164
0.37824024092700487,0.012173101649272329,0.8897423778546029,MLES,MLES,165.64400950996634,0.015860149997207203,0.011536677576188818,0.0020681963122725867,0.05199904391536728
0.3882686241378596,0.012173101649272329,0.8897423778546029,MLES,MLES,170.03577279744,0.016404412334843695,0.011662030649421059,0.00241315559113641,0.051876614630021675
0.39829700734871437,0.012173101649272329,0.8897423778546029,MLES,MLES,174.42753608491364,0.016646168455221187,0.011805435145631349,0.0023511942253046244,0.052723658743109095
0.4083253905595691,0.012173101649272329,0.8897423778546029,MLES,MLES,178.81929937238732,0.016913062723448766,0.011725269420219111,0.002634525520829353,0.05441666992511585
0.4183537737704239,0.012173101649272329,0.8897423778546029,MLES,MLES,183.21106265986097,0.01755669067247094,0.011980461190480641,0.002817994603606663,0.05501221473421382
0.4283821569812787,0.012173101649272329,0.8897423778546029,MLES,MLES,187.60282594733465,0.017983337286386063,0.012181657053505759,0.0028861090374441914,0.05591861100935643
0.43841054019213344,0.012173101649272329,0.8897423778546029,MLES,MLES,191.9945892348083,0.018147466229366423,0.012266644086548853,0.0030408023934187524,0.05596066524173297
0.4484389234029882,0.012173101649272329,0.8897423778546029,MLES,MLES,196.38635252228195,0.018393434532463945,0.012581002877314942,0.003196455387124146,0.055742673414762654
0.45846730661384294,0.012173101649272329,0.8897423778546029,MLES,MLES,200.77811580975563,0.018796403597620845,0.012504763303464549,0.0033199581783143837,0.056325396358384745
0.4684956898246977,0.012173101649272329,0.8897423778546029,MLES,MLES,205.16987909722928,0.019599188256260645,0.012791001666041352,0.0035105874968331873,0.0588005014296946
0.47852407303555244,0.012173101649272329,0.8897423778546029,MLES,MLES,209.56164238470294,0.019700368454190133,0.012941886922357482,0.003388749838338243,0.05923388352656872
0.48855245624640725,0.012173101649272329,0.8897423778546029,MLES,MLES,213.95340567217661,0.020542690969914974,0.013334590918327836,0.003676808148451413,0.05932661300580203
0.498580839457262,0.012173101649272329,0.8897423778546029,MLES,MLES,218.34516895965027,0.020706564125986843,0.01332298913111287,0.003920902939290754,0.05941171010474717
0.5086092226681167,0.012173101649272329,0.8897423778546029,MLES,MLES,222.73693224712392,0.0211548362955675,0.013496023196138211,0.003854164651449811,0.060930776095604045
0.5186376058789715,0.012173101649272329,0.8897423778546029,MLES,MLES,227.12869553459757,0.021924415550244915,0.013995690195371622,0.004064695659194931,0.06181312110219607
0.5286659890898262,0.012173101649272329,0.8897423778546029,MLES,MLES,231.52045882207122,0.02185652495840651,0.013533053108267284,0.004285723777284348,0.06180804667833861
0.538694372300681,0.012173101649272329,0.8897423778546029,MLES,MLES,235.91222210954487,0.022565453989410893,0.013974211448003098,0.004403908044938449,0.06181588973177814
0.5487227555115357,0.012173101649272329,0.8897423778546029,MLES,MLES,240.30398539701855,0.022790095996060855,0.014148496492966433,0.004726399559859073,0.06464024151470751
0.5587511387223905,0.012173101649272329,0.8897423778546029,MLES,MLES,244.6957486844922,0.02318527573753167,0.014201332756686322,0.004897954003744297,0.06533819202371852
0.5687795219332452,0.012173101649272329,0.8897423778546029,MLES,MLES,249.08751197196585,0.024100224430049437,0.014466779455706041,0.004829281483515603,0.06431678409287035
0.5788079051441,0.012173101649272329,0.8897423778546029,MLES,MLES,253.4792752594395,0.024410667848217403,0.014611785610045192,0.005233001196786684,0.06544777448306804
0.5888362883549548,0.012173101649272329,0.8897423778546029,MLES,MLES,257.8710385469132,0.025192525365153103,0.014953802619039287,0.005714540271205397,0.06749438742656837
0.5988646715658096,0.012173101649272329,0.8897423778546029,MLES,MLES,262.2628018343869,0.025345470481519153,0.014900677748107737,0.005672930415277187,0.06680253312934302
0.6088930547766643,0.012173101649272329,0.8897423778546029,MLES,MLES,266.6545651218605,0.025703714825155474,0.01515726689996,0.005778507307398171,0.06858325382316806
0.6189214379875191,0.012173101649272329,0.8897423778546029,MLES,MLES,271.0463284093342,0.026166782889792205,0.015313644977032925,0.006059047871880427,0.06859818672472844
0.6289498211983738,0.012173101649272329,0.8897423778546029,MLES,MLES,275.4380916968079,0.026857699307194446,0.015256523220855338,0.006156431385174342,0.06837412468730752
0.6389782044092286,0.012173101649272329,0.8897423778546029,MLES,MLES,279.8298549842815,0.02761672035790436,0.015557622090204774,0.006476399225661124,0.07278751248151981
0.6490065876200833,0.012173101649272329,0.8897423778546029,MLES,MLES,284.2216182717552,0.028045576280467,0.01587161041231741,0.006901691043523552,0.07221461028440107
0.6590349708309381,0.012173101649272329,0.8897423778546029,MLES,MLES,288.6133815592288,0.028380839774600056,0.015978667166217164,0.0070631283536612115,0.07340998768599293
0.6690633540417928,0.012173101649272329,0.8897423778546029,MLES,MLES,293.0051448467025,0.029628001592886827,0.016194067508477423,0.007243878083013337,0.07435413390061599
0.6790917372526476,0.012173101649272329,0.8897423778546029,MLES,MLES,297.39690813417616,0.029834630100598343,0.016660755402600178,0.007411753882032071,0.07543000618001038
0.6891201204635024,0.012173101649272329,0.8897423778546029,MLES,MLES,301.7886714216498,0.030249725351958266,0.016666413585402037,0.00753607184178877,0.07572170180348407
0.6991485036743571,0.012173101649272329,0.8897423778546029,MLES,MLES,306.18043470912346,0.0312511121138891,0.01740777863822904,0.00823322306433212,0.07713747471575552
0.7091768868852119,0.012173101649272329,0.8897423778546029,MLES,MLES,310.57219799659714,0.031768349315872454,0.01731470971214436,0.007923181720102292,0.07896034946281026
0.7192052700960667,0.012173101649272329,0.8897423778546029,MLES,MLES,314.9639612840708,0.03274638790389917,0.01739181992400863,0.008746148987552297,0.07957713801518382
0.7292336533069215,0.012173101649272329,0.8897423778546029,MLES,MLES,319.3557245715445,0.03260345422320849,0.017211382402003768,0.008806431284260674,0.08095688892842756
0.7392620365177762,0.012173101649272329,0.8897423778546029,MLES,MLES,323.7474878590181,0.03326083766355121,0.017435954331876415,0.009025204909195282,0.08026094767121209
0.749290419728631,0.012173101649272329,0.8897423778546029,MLES,MLES,328.1392511464918,0.034432837125657416,0.018094837187651498,0.009231829973638458,0.08329378931364065
0.7593188029394857,0.012173101649272329,0.8897423778546029,MLES,MLES,332.5310144339654,0.034991878074582906,0.01796268328366417,0.009515860555537067,0.08245465555525046
0.7693471861503405,0.012173101649272329,0.8897423778546029,MLES,MLES,336.9227777214391,0.03545820934630871,0.018273867154550327,0.010059338870416372,0.08389412999129733
0.7793755693611952,0.012173101649272329,0.8897423778546029,MLES,MLES,341.3145410089128,0.036476920938447066,0.01865607816400846,0.010200533292110289,0.08558937467760616
0.78940395257205,0.012173101649272329,0.8897423778546029,MLES,MLES,345.7063042963864,0.036947693779167866,0.018784594613614935,0.010728157537926468,0.08604708972387255
0.7994323357829047,0.012173101649272329,0.8897423778546029,MLES,MLES,350.0980675838601,0.037666671515775976,0.018980808511548323,0.010967979380817833,0.0882629139422872
0.8094607189937595,0.012173101649272329,0.8897423778546029,MLES,MLES,354.48983087133377,0.03870675429764822,0.019202181124235274,0.011271361045509508,0.090512519385462
0.8194891022046142,0.012173101649272329,0.8897423778546029,MLES,MLES,358.8815941588074,0.039285733994091736,0.01956681325362131,0.011708848623256125,0.09010380257256015
0.829517485415469,0.012173101649272329,0.8897423778546029,MLES,MLES,363.27335744628107,0.040575335705134864,0.020182751885901448,0.011616852666304224,0.09246925371789368
0.8395458686263237,0.012173101649272329,0.8897423778546029,MLES,MLES,367.6651207337547,0.04111157255997981,0.019546213076697086,0.012169765345449094,0.09324394092805234
0.8495742518371786,0.012173101649272329,0.8897423778546029,MLES,MLES,372.0568840212284,0.041668890346076765,0.020104682397347577,0.01280381710950573,0.09406378205624763
0.8596026350480334,0.012173101649272329,0.8897423778546029,MLES,MLES,376.4486473087021,0.04218390550308709,0.019955401214618154,0.012958398614045982,0.09589963722216342
0.8696310182588881,0.012173101649272329,0.8897423778546029,MLES,MLES,380.84041059617573,0.043720052295495915,0.020627320678025064,0.01356146840003651,0.09731815005314626
0.8796594014697429,0.012173101649272329,0.8897423778546029,MLES,MLES,385.2321738836494,0.044029845736326706,0.020927516126853934,0.013966663985709312,0.09926190552415688
0.8896877846805976,0.012173101649272329,0.8897423778546029,MLES,MLES,389.62393717112303,0.044981002028436044,0.021269637545782163,0.01432065041268423,0.10183159878015913
0.8997161678914524,0.012173101649272329,0.8897423778546029,MLES,MLES,394.0157004585967,0.046394366528783794,0.021879379561408483,0.01480235062931653,0.10193736177422677
0.9097445511023071,0.012173101649272329,0.8897423778546029,MLES,MLES,398.4074637460704,0.04699387591291363,0.02171395169224391,0.015288704752432394,0.10420789932368599
0.9197729343131619,0.012173101649272329,0.8897423778546029,MLES,MLES,402.799227033544,0.048197829405481105,0.02192712520598477,0.015372614520715228,0.10600559971774559
0.9298013175240166,0.012173101649272329,0.8897423778546029,MLES,MLES,407.1909903210177,0.048755154507919604,0.02186490421227836,0.016229266862891112,0.10513966921875775
0.9398297007348714,0.012173101649272329,0.8897423778546029,MLES,MLES,411.5827536084913,0.04968366272737658,0.022388827427247814,0.016384581415563045,0.10628696979678823
0.9498580839457261,0.012173101649272329,0.8897423778546029,MLES,MLES,415.974516895965,0.050284147155672185,0.02270320479873166,0.01704241931645197,0.10920072188452996
0.9598864671565809,0.012173101649272329,0.8897423778546029,MLES,MLES,420.3662801834387,0.05177915712045679,0.023121033715306008,0.017534212876612627,0.11106133128252059
0.9699148503674357,0.012173101649272329,0.8897423778546029,MLES,MLES,424.75804347091236,0.05260018061907784,0.02302539287836023,0.01763413132422171,0.11298676836881652
0.9799432335782905,0.012173101649272329,0.8897423778546029,MLES,MLES,429.14980675838603,0.05303830209713508,0.023478894029578843,0.01780306929357071,0.11305952698339636
0.9899716167891452,0.012173101649272329,0.8897423778546029,MLES,MLES,433.54157004585966,0.05456836613645201,0.024076748766780738,0.018958776978017712,0.11632228017888631
1,0.012173101649272329,0.8897423778546029,MLES,MLES,437.93333333333334,0.05505160146426216,0.024298273711298647,0.019311794988820758,0.11615985892491229
0.007190062125378686,0.012173101649272329,0.8897423778546029,STCK,STCK,3.1487678734408395,0.001954076523166249,0.0027172824929700082,2.0085132210611925e-6,0.02252229550548496
0.017218445336233446,0.012173101649272329,0.8897423778546029,STCK,STCK,7.540531160914501,0.002028707483892862,0.0028029110359185476,2.882306834746355e-6,0.022967045203075468
0.02724682854708821,0.012173101649272329,0.8897423778546029,STCK,STCK,11.932294448388163,0.0021050086536504482,0.0028912669565125,3.195037801161878e-6,0.023490294741062505
0.03727521175794297,0.012173101649272329,0.8897423778546029,STCK,STCK,16.324057735861825,0.0021836948299364238,0.002999529081087524,3.7177169909773905e-6,0.025125484719293104
0.04730359496879773,0.012173101649272329,0.8897423778546029,STCK,STCK,20.715821023335486,0.002237357961521742,0.0030468213982348395,3.836617512655482e-6,0.024606257211200456
0.057331978179652486,0.012173101649272329,0.8897423778546029,STCK,STCK,25.107584310809145,0.002367554455207815,0.003218778024180441,5.5755454141989604e-6,0.024644288691800867
0.06736036139050726,0.012173101649272329,0.8897423778546029,STCK,STCK,29.499347598282814,0.0024112562663983553,0.00323742711490566,5.727216814025916e-6,0.024405323649672756
0.07738874460136201,0.012173101649272329,0.8897423778546029,STCK,STCK,33.89111088575647,0.002482598729492941,0.0033483606656539945,5.923182129428198e-6,0.024653433646312676
0.08741712781221678,0.012173101649272329,0.8897423778546029,STCK,STCK,38.282874173230134,0.002579593812140967,0.003455264591335675,9.194954177808982e-6,0.024619652071753737
0.09744551102307154,0.012173101649272329,0.8897423778546029,STCK,STCK,42.6746374607038,0.002672582006019577,0.0035639821178190187,7.81683267530165e-6,0.02490959097715593
0.1074738942339263,0.012173101649272329,0.8897423778546029,STCK,STCK,47.06640074817746,0.002669995694619922,0.0035012647492714765,1.0455751423386064e-5,0.024698122481681854
0.11750227744478106,0.012173101649272329,0.8897423778546029,STCK,STCK,51.45816403565112,0.0029257818528716584,0.0038381922767037934,1.0287778900515588e-5,0.025162241854316158
0.1275306606556358,0.012173101649272329,0.8897423778546029,STCK,STCK,55.84992732312478,0.002858795928606658,0.003749072830966782,9.559667580117942e-6,0.025596989238339196
0.13755904386649057,0.012173101649272329,0.8897423778546029,STCK,STCK,60.24169061059843,0.0030621909753045674,0.003931722071237135,1.366694389410839e-5,0.02568617334565065
0.14758742707734532,0.012173101649272329,0.8897423778546029,STCK,STCK,64.63345389807209,0.003234233359819244,0.004167469105058291,1.4871994871974057e-5,0.02638778930838164
0.1576158102882001,0.012173101649272329,0.8897423778546029,STCK,STCK,69.02521718554577,0.00326282976367697,0.00417641656398238,1.8459697465144732e-5,0.02759362014221129
0.16764419349905485,0.012173101649272329,0.8897423778546029,STCK,STCK,73.41698047301942,0.0032185540500023705,0.004088506391438797,2.259211333658042e-5,0.027682592121346154
0.1776725767099096,0.012173101649272329,0.8897423778546029,STCK,STCK,77.80874376049307,0.0032980634226803997,0.004172753483454728,2.1587180319891545e-5,0.027733030576724917
0.18770095992076438,0.012173101649272329,0.8897423778546029,STCK,STCK,82.20050704796675,0.0035573321680495715,0.004382502684202426,2.8352504629108996e-5,0.027259607570068546
0.19772934313161913,0.012173101649272329,0.8897423778546029,STCK,STCK,86.5922703354404,0.0036294417618164213,0.00441198457466958,3.1266874689547146e-5,0.02782391959602381
0.2077577263424739,0.012173101649272329,0.8897423778546029,STCK,STCK,90.98403362291407,0.003773898665437634,0.004684354810013995,3.023169876140563e-5,0.02809251084607106
0.21778610955332867,0.012173101649272329,0.8897423778546029,STCK,STCK,95.37579691038773,0.0037985528024796836,0.004646954757704168,3.332946244461596e-5,0.028669417798295262
0.22781449276418342,0.012173101649272329,0.8897423778546029,STCK,STCK,99.76756019786139,0.0039318505625627505,0.004738687292328426,4.237645566089556e-5,0.028307704627617836
0.23784287597503817,0.012173101649272329,0.8897423778546029,STCK,STCK,104.15932348533505,0.004057038122134494,0.0048876315390829405,4.2595708456150774e-5,0.029068938350339454
0.24787125918589295,0.012173101649272329,0.8897423778546029,STCK,STCK,108.55108677280872,0.004331590151613987,0.005124088009872943,4.2773551950262614e-5,0.0293401033003675
0.25789964239674773,0.012173101649272329,0.8897423778546029,STCK,STCK,112.9428500602824,0.004414208348966075,0.005218050304233825,5.711231493121466e-5,0.028818742536713383
0.2679280256076025,0.012173101649272329,0.8897423778546029,STCK,STCK,117.33461334775605,0.004613879920243851,0.005361133168671313,6.921241784550532e-5,0.030491877427202895
0.27795640881845723,0.012173101649272329,0.8897423778546029,STCK,STCK,121.72637663522971,0.00467599270908278,0.005423616444718362,6.682895321135755e-5,0.030049315308029918
0.287984792029312,0.012173101649272329,0.8897423778546029,STCK,STCK,126.11813992270336,0.004798420344938915,0.005469676438222676,8.678312403809044e-5,0.030552779737073443
0.2980131752401668,0.012173101649272329,0.8897423778546029,STCK,STCK,130.50990321017704,0.004749476626289455,0.0054992433141894835,7.170334083313495e-5,0.029796331651964086
0.30804155845102155,0.012173101649272329,0.8897423778546029,STCK,STCK,134.9016664976507,0.0049488437465356385,0.005608061604372327,9.018139775128621e-5,0.03036613322057072
0.3180699416618763,0.012173101649272329,0.8897423778546029,STCK,STCK,139.29342978512437,0.004994634049625637,0.00557461513305027,1.029073575485134e-4,0.031183401537572725
0.32809832487273105,0.012173101649272329,0.8897423778546029,STCK,STCK,143.68519307259803,0.005171651842891511,0.0058020367596915865,8.667614378087453e-5,0.031234610101312583
0.3381267080835858,0.012173101649272329,0.8897423778546029,STCK,STCK,148.07695636007168,0.005377412597469452,0.005944873995254082,1.2123272659789128e-4,0.032966135107965505
0.34815509129444056,0.012173101649272329,0.8897423778546029,STCK,STCK,152.46871964754533,0.005536233227041609,0.00606602967643349,1.275196802601904e-4,0.03192774159244358
0.3581834745052953,0.012173101649272329,0.8897423778546029,STCK,STCK,156.86048293501898,0.005688372028025828,0.006121225064364149,1.3338043129984423e-4,0.03193290388964477
0.3682118577161501,0.012173101649272329,0.8897423778546029,STCK,STCK,161.2522462224927,0.005880525418649518,0.006311064275793425,1.3606662032576207e-4,0.0335698416066015
0.37824024092700487,0.012173101649272329,0.8897423778546029,STCK,STCK,165.64400950996634,0.005955716963939238,0.006408297865160881,1.50706787431816e-4,0.033418196070876593
0.3882686241378596,0.012173101649272329,0.8897423778546029,STCK,STCK,170.03577279744,0.006184838441157128,0.006643213268008784,1.6438699908620578e-4,0.034257681258074706
0.39829700734871437,0.012173101649272329,0.8897423778546029,STCK,STCK,174.42753608491364,0.006434176203524995,0.006691822078647017,1.791497937977147e-4,0.03472830487884497
0.4083253905595691,0.012173101649272329,0.8897423778546029,STCK,STCK,178.81929937238732,0.006396675557466846,0.006583173577711486,2.040729714859788e-4,0.03306651078712386
0.4183537737704239,0.012173101649272329,0.8897423778546029,STCK,STCK,183.21106265986097,0.006646517744518698,0.006852546837463338,2.1621537495959125e-4,0.03474636181439871
0.4283821569812787,0.012173101649272329,0.8897423778546029,STCK,STCK,187.60282594733465,0.006736885913497781,0.006881336319247047,2.2719741339522409e-4,0.0351206683695643
0.43841054019213344,0.012173101649272329,0.8897423778546029,STCK,STCK,191.9945892348083,0.0070898321055842106,0.0071360027076096825,2.5953823040090004e-4,0.036256111904641945
0.4484389234029882,0.012173101649272329,0.8897423778546029,STCK,STCK,196.38635252228195,0.0072884322510743844,0.007338516528944334,2.5756504424635947e-4,0.03646912490691728
0.45846730661384294,0.012173101649272329,0.8897423778546029,STCK,STCK,200.77811580975563,0.007491364417417161,0.007449530897372276,3.0103072406127115e-4,0.03719832640437258
0.4684956898246977,0.012173101649272329,0.8897423778546029,STCK,STCK,205.16987909722928,0.007336725244163855,0.0073547045724639114,3.121837661638497e-4,0.036696273319181384
0.47852407303555244,0.012173101649272329,0.8897423778546029,STCK,STCK,209.56164238470294,0.007717354517580341,0.0075227891318830255,3.043228274679172e-4,0.03727962267578672
0.48855245624640725,0.012173101649272329,0.8897423778546029,STCK,STCK,213.95340567217661,0.007926995033996166,0.007670104275995175,3.6121122657680946e-4,0.03723184451088968
0.498580839457262,0.012173101649272329,0.8897423778546029,STCK,STCK,218.34516895965027,0.008172197793912669,0.007798758751844593,3.86693103220959e-4,0.037860259927437835
0.5086092226681167,0.012173101649272329,0.8897423778546029,STCK,STCK,222.73693224712392,0.00841034928434781,0.008061955811738205,3.5869217181208607e-4,0.039793211626868163
0.5186376058789715,0.012173101649272329,0.8897423778546029,STCK,STCK,227.12869553459757,0.00850186127824454,0.008030768827516474,4.473847787519099e-4,0.039873976292919194
0.5286659890898262,0.012173101649272329,0.8897423778546029,STCK,STCK,231.52045882207122,0.008817239852448467,0.008143073626582186,4.624407003561532e-4,0.03864836872976782
0.538694372300681,0.012173101649272329,0.8897423778546029,STCK,STCK,235.91222210954487,0.009148303914445252,0.008482932578538395,5.146101341879089e-4,0.04149295921549625
0.5487227555115357,0.012173101649272329,0.8897423778546029,STCK,STCK,240.30398539701855,0.009198358562326911,0.008528605144152098,5.2395023074599e-4,0.041769733377519026
0.5587511387223905,0.012173101649272329,0.8897423778546029,STCK,STCK,244.6957486844922,0.009437787162010845,0.0086293458462895,5.48463382950811e-4,0.041979603985176826
0.5687795219332452,0.012173101649272329,0.8897423778546029,STCK,STCK,249.08751197196585,0.00957928927234313,0.008884890866957889,6.508311021147645e-4,0.041808819311865204
0.5788079051441,0.012173101649272329,0.8897423778546029,STCK,STCK,253.4792752594395,0.009925949359900618,0.00900972345597392,6.201742026125202e-4,0.04199491253427654
0.5888362883549548,0.012173101649272329,0.8897423778546029,STCK,STCK,257.8710385469132,0.01025135228109946,0.00926133117250466,6.196994492717309e-4,0.04225892871920267
0.5988646715658096,0.012173101649272329,0.8897423778546029,STCK,STCK,262.2628018343869,0.010359591932416605,0.009032516722014657,7.96924469635325e-4,0.04296514707259464
0.6088930547766643,0.012173101649272329,0.8897423778546029,STCK,STCK,266.6545651218605,0.010516982421869818,0.009273791913515126,7.703740006587969e-4,0.04302190838210118
0.6189214379875191,0.012173101649272329,0.8897423778546029,STCK,STCK,271.0463284093342,0.01093404757415678,0.009396086343966967,7.914981029782706e-4,0.04404607712624115
0.6289498211983738,0.012173101649272329,0.8897423778546029,STCK,STCK,275.4380916968079,0.011047553894642455,0.009552761492254888,9.33402644296318e-4,0.04430912054878577
0.6389782044092286,0.012173101649272329,0.8897423778546029,STCK,STCK,279.8298549842815,0.011625104671584556,0.009712027631539239,8.59700180228143e-4,0.04504912594753126
0.6490065876200833,0.012173101649272329,0.8897423778546029,STCK,STCK,284.2216182717552,0.011596534304510098,0.010007243477165131,9.154661296396813e-4,0.04567883657249026
0.6590349708309381,0.012173101649272329,0.8897423778546029,STCK,STCK,288.6133815592288,0.012074180637922038,0.009848030449003571,0.001026610907935406,0.04807698170181762
0.6690633540417928,0.012173101649272329,0.8897423778546029,STCK,STCK,293.0051448467025,0.012331729917887078,0.010263887928264381,0.0010511968755828925,0.04627575052991272
0.6790917372526476,0.012173101649272329,0.8897423778546029,STCK,STCK,297.39690813417616,0.012515064947209565,0.010473055594143663,0.0011773402144500623,0.046607579894562615
0.6891201204635024,0.012173101649272329,0.8897423778546029,STCK,STCK,301.7886714216498,0.012882502283546215,0.0105354632513356,0.001209058419893439,0.04648007137051325
0.6991485036743571,0.012173101649272329,0.8897423778546029,STCK,STCK,306.18043470912346,0.013392175656565366,0.010946969752758513,0.0012169280485175957,0.048488003742223444
0.7091768868852119,0.012173101649272329,0.8897423778546029,STCK,STCK,310.57219799659714,0.013250410878180654,0.010735945239715532,0.0012499602321117268,0.049267882215559056
0.7192052700960667,0.012173101649272329,0.8897423778546029,STCK,STCK,314.9639612840708,0.013941835185459429,0.011017073840307095,0.0014770512530499918,0.04919694230003046
0.7292336533069215,0.012173101649272329,0.8897423778546029,STCK,STCK,319.3557245715445,0.014148593809531058,0.01126676495141979,0.0014671937114639657,0.05054812000574989
0.7392620365177762,0.012173101649272329,0.8897423778546029,STCK,STCK,323.7474878590181,0.014436962881814577,0.011242765843829064,0.0015510994441379233,0.05144592916695921
0.749290419728631,0.012173101649272329,0.8897423778546029,STCK,STCK,328.1392511464918,0.014713330917383794,0.011550325988276959,0.0016087049151583199,0.05186764524870305
0.7593188029394857,0.012173101649272329,0.8897423778546029,STCK,STCK,332.5310144339654,0.01505131166907259,0.01177090101959777,0.001553243598663928,0.05195032695790464
0.7693471861503405,0.012173101649272329,0.8897423778546029,STCK,STCK,336.9227777214391,0.015246556281390607,0.01177118180373829,0.0017377756898294275,0.05224742619251326
0.7793755693611952,0.012173101649272329,0.8897423778546029,STCK,STCK,341.3145410089128,0.016028077579628146,0.01200276283642442,0.0018726162432424795,0.05334240923761316
0.78940395257205,0.012173101649272329,0.8897423778546029,STCK,STCK,345.7063042963864,0.016140998017657955,0.012173444387526842,0.001985210397224404,0.0545242334325361
0.7994323357829047,0.012173101649272329,0.8897423778546029,STCK,STCK,350.0980675838601,0.016480147291859357,0.012416339346426058,0.0018946089640043877,0.054886682587175446
0.8094607189937595,0.012173101649272329,0.8897423778546029,STCK,STCK,354.48983087133377,0.01703147913957919,0.012573012481025277,0.0019596216761728013,0.05642605811176926
0.8194891022046142,0.012173101649272329,0.8897423778546029,STCK,STCK,358.8815941588074,0.017008868924533342,0.012546639025889865,0.0022975721929853854,0.05666725584076704
0.829517485415469,0.012173101649272329,0.8897423778546029,STCK,STCK,363.27335744628107,0.01751439890998506,0.01263873756158558,0.002203112197201543,0.05760432391570292
0.8395458686263237,0.012173101649272329,0.8897423778546029,STCK,STCK,367.6651207337547,0.017988259568593692,0.012830332507482098,0.0024576374400013977,0.05938693534146563
0.8495742518371786,0.012173101649272329,0.8897423778546029,STCK,STCK,372.0568840212284,0.018129398506525077,0.01296600818752096,0.002540502514274646,0.05771773317170513
0.8596026350480334,0.012173101649272329,0.8897423778546029,STCK,STCK,376.4486473087021,0.01885491212947378,0.013366034838561157,0.002443695351629156,0.05982349628253445
0.8696310182588881,0.012173101649272329,0.8897423778546029,STCK,STCK,380.84041059617573,0.019566489410393018,0.013663236193402326,0.0026850086324893933,0.05925612003134363
0.8796594014697429,0.012173101649272329,0.8897423778546029,STCK,STCK,385.2321738836494,0.0195480917083451,0.013704610691049996,0.002671479996578106,0.06030006008162449
0.8896877846805976,0.012173101649272329,0.8897423778546029,STCK,STCK,389.62393717112303,0.019980439215629447,0.013931224540593562,0.002793053694624988,0.06256039053432795
0.8997161678914524,0.012173101649272329,0.8897423778546029,STCK,STCK,394.0157004585967,0.020587466267750286,0.01410404386127137,0.0030798545842421607,0.0619759231872125
0.9097445511023071,0.012173101649272329,0.8897423778546029,STCK,STCK,398.4074637460704,0.020730834557025013,0.01440932386319075,0.003171993533718894,0.06416122934766466
0.9197729343131619,0.012173101649272329,0.8897423778546029,STCK,STCK,402.799227033544,0.021220573856244533,0.014305533461842346,0.0033734330383128424,0.0639472585484776
0.9298013175240166,0.012173101649272329,0.8897423778546029,STCK,STCK,407.1909903210177,0.02187560730687458,0.01503461550020852,0.0035365200689525815,0.06520771713302008
0.9398297007348714,0.012173101649272329,0.8897423778546029,STCK,STCK,411.5827536084913,0.021973064044116645,0.014926844342529519,0.0035545529026424043,0.06637226483726531
0.9498580839457261,0.012173101649272329,0.8897423778546029,STCK,STCK,415.974516895965,0.022958221974612805,0.015151327781948838,0.0038001978908809766,0.06797860181235277
0.9598864671565809,0.012173101649272329,0.8897423778546029,STCK,STCK,420.3662801834387,0.023496630691513275,0.015402879236335196,0.00396323636630479,0.06869297813754385
0.9699148503674357,0.012173101649272329,0.8897423778546029,STCK,STCK,424.75804347091236,0.02364403914472427,0.015625775550954367,0.004150429649867696,0.06955732921079738
0.9799432335782905,0.012173101649272329,0.8897423778546029,STCK,STCK,429.14980675838603,0.024233866603701935,0.015874915225802446,0.003838344932700352,0.06907311164923483
0.9899716167891452,0.012173101649272329,0.8897423778546029,STCK,STCK,433.54157004585966,0.02443886477929051,0.015797126065990864,0.00416724819706605,0.07020177322264036
1,0.012173101649272329,0.8897423778546029,STCK,STCK,437.93333333333334,0.025477369470647864,0.016657427811263417,0.004320596405415611,0.07209526518239966
