T_nor,CO2_resp_rate,FMC_nor,site,cond__,effect1__,estimate__,se__,lower__,upper__
0.8506027240844942,0.012173101649272329,0.24398307426783578,PNW,PNW,12.087309941520516,0.0016968113361754606,0.0024120973301936933,7.159943763883951e-7,0.023132945298579868
0.8514372101781498,0.012173101649272329,0.24398307426783578,PNW,PNW,12.367142772756836,0.0017234217112761254,0.0024453025447187192,8.222052578515112e-7,0.022530933985351255
0.8522716962718052,0.012173101649272329,0.24398307426783578,PNW,PNW,12.646975603993155,0.0017154823179964555,0.0024296168360641245,7.507608899357001e-7,0.022737647850442706
0.8531061823654608,0.012173101649272329,0.24398307426783578,PNW,PNW,12.926808435229532,0.0016390357884336422,0.002339789622856412,8.452164805812245e-7,0.0227163555541942
0.8539406684591163,0.012173101649272329,0.24398307426783578,PNW,PNW,13.206641266465851,0.0016902410801756178,0.002400869322345597,8.616462618103166e-7,0.022974700495049974
0.8547751545527718,0.012173101649272329,0.24398307426783578,PNW,PNW,13.486474097702171,0.0017080222604314802,0.0024219564761632294,8.579753403164913e-7,0.02291767581342723
0.8556096406464273,0.012173101649272329,0.24398307426783578,PNW,PNW,13.766306928938548,0.0017575265822673924,0.002478697963331895,8.404045138403774e-7,0.02217614143439509
0.8564441267400829,0.012173101649272329,0.24398307426783578,PNW,PNW,14.046139760174867,0.0017755084100812418,0.0025124000072716843,8.851164060646969e-7,0.02265220552130928
0.8572786128337383,0.012173101649272329,0.24398307426783578,PNW,PNW,14.325972591411187,0.0018607292915470961,0.002633368834662948,1.0930453587063265e-6,0.023510041763806663
0.8581130989273938,0.012173101649272329,0.24398307426783578,PNW,PNW,14.605805422647563,0.0018816094594975854,0.002632066949554578,1.6493616009112021e-6,0.02316413192680087
0.8589475850210494,0.012173101649272329,0.24398307426783578,PNW,PNW,14.885638253883883,0.0018961860605009053,0.002666676617559092,1.4646365323300929e-6,0.023427372303562958
0.859782071114705,0.012173101649272329,0.24398307426783578,PNW,PNW,15.16547108512026,0.00191200792758092,0.002693643408574392,1.1436616645961615e-6,0.024059865678835095
0.8606165572083604,0.012173101649272329,0.24398307426783578,PNW,PNW,15.445303916356579,0.0019468239003306712,0.0027206102785708778,1.7244837634303622e-6,0.022964612985029793
0.8614510433020159,0.012173101649272329,0.24398307426783578,PNW,PNW,15.725136747592899,0.0018970732255182486,0.0026497981233044275,1.5814460524163379e-6,0.022874025786192274
0.8622855293956715,0.012173101649272329,0.24398307426783578,PNW,PNW,16.004969578829275,0.001957125716437413,0.0027416125166904288,1.5703354622694818e-6,0.022830571891042185
0.8631200154893269,0.012173101649272329,0.24398307426783578,PNW,PNW,16.284802410065595,0.002002634885381103,0.0027741872484030165,2.052840282670256e-6,0.022731794194344745
0.8639545015829825,0.012173101649272329,0.24398307426783578,PNW,PNW,16.564635241301914,0.0019691034434318423,0.0027435299042018195,1.7520635670861344e-6,0.023135513566344204
0.864788987676638,0.012173101649272329,0.24398307426783578,PNW,PNW,16.84446807253829,0.0020572591785965994,0.00284828556946391,1.9301491491905077e-6,0.023983048338287516
0.8656234737702935,0.012173101649272329,0.24398307426783578,PNW,PNW,17.12430090377461,0.0021085417959287762,0.002926638003694234,2.089626137626134e-6,0.02334272950013957
0.866457959863949,0.012173101649272329,0.24398307426783578,PNW,PNW,17.40413373501093,0.002038158868902076,0.002822443329593853,2.061622611601878e-6,0.023802554929065523
0.8672924459576046,0.012173101649272329,0.24398307426783578,PNW,PNW,17.683966566247307,0.0021493340263848077,0.002970211438811897,2.570768011994354e-6,0.024448416134783196
0.86812693205126,0.012173101649272329,0.24398307426783578,PNW,PNW,17.963799397483626,0.002164787190766019,0.0029853452502043333,2.7917697447440977e-6,0.02354763534105479
0.8689614181449156,0.012173101649272329,0.24398307426783578,PNW,PNW,18.243632228720003,0.0022817490664611946,0.0031293923596770884,4.104049057495645e-6,0.024129906717451976
0.8697959042385711,0.012173101649272329,0.24398307426783578,PNW,PNW,18.523465059956322,0.0022558686231859684,0.0031221638841449754,3.4612751416830043e-6,0.02384993094419115
0.8706303903322266,0.012173101649272329,0.24398307426783578,PNW,PNW,18.803297891192642,0.0022236024773721903,0.003076323460333336,3.1635888789456002e-6,0.024426526763246297
0.8714648764258821,0.012173101649272329,0.24398307426783578,PNW,PNW,19.08313072242902,0.002276665407769248,0.0031192145658930667,2.789859690180515e-6,0.02379061497794111
0.8722993625195377,0.012173101649272329,0.24398307426783578,PNW,PNW,19.362963553665338,0.002276841425605418,0.003080512740862341,4.046517801475448e-6,0.02456035856911658
0.8731338486131932,0.012173101649272329,0.24398307426783578,PNW,PNW,19.642796384901715,0.0022910686631455158,0.0030926915436627193,4.067978397905262e-6,0.023248433606137417
0.8739683347068486,0.012173101649272329,0.24398307426783578,PNW,PNW,19.922629216138034,0.0022457572185654354,0.003047188671242177,5.501387626007522e-6,0.02460371960886737
0.8748028208005042,0.012173101649272329,0.24398307426783578,PNW,PNW,20.202462047374354,0.002419619731364962,0.003268872215067628,5.002326466743108e-6,0.02398992058672348
0.8756373068941598,0.012173101649272329,0.24398307426783578,PNW,PNW,20.48229487861073,0.0024223868999900546,0.0032691213295363442,4.6633270397953904e-6,0.024533871679907872
0.8764717929878152,0.012173101649272329,0.24398307426783578,PNW,PNW,20.76212770984705,0.0023899643574618497,0.0032408398874793367,5.567504909728162e-6,0.025047796599007407
0.8773062790814707,0.012173101649272329,0.24398307426783578,PNW,PNW,21.04196054108337,0.0025085428458210607,0.0033873317645543646,6.040903567045237e-6,0.024874571845126932
0.8781407651751263,0.012173101649272329,0.24398307426783578,PNW,PNW,21.321793372319746,0.002457771227421533,0.003336310163345082,5.219353759814705e-6,0.024228458768788656
0.8789752512687817,0.012173101649272329,0.24398307426783578,PNW,PNW,21.601626203556066,0.002442788817841153,0.0032780781071584477,4.9058001886514996e-6,0.024985807745508914
0.8798097373624373,0.012173101649272329,0.24398307426783578,PNW,PNW,21.881459034792385,0.002649286299066878,0.0035240408459629,5.954624357891447e-6,0.025957606670998015
0.8806442234560928,0.012173101649272329,0.24398307426783578,PNW,PNW,22.161291866028762,0.002575297489200207,0.0034697706855131437,7.0294951751114545e-6,0.02489290457788922
0.8814787095497483,0.012173101649272329,0.24398307426783578,PNW,PNW,22.44112469726508,0.0026167931066280853,0.0034941949727883134,6.998104300107764e-6,0.02467507190212465
0.8823131956434038,0.012173101649272329,0.24398307426783578,PNW,PNW,22.7209575285014,0.0025424382487726034,0.0034168538771526154,7.459339043631775e-6,0.024826088309837253
0.8831476817370594,0.012173101649272329,0.24398307426783578,PNW,PNW,23.000790359737778,0.002613517207542426,0.0034458843648708256,9.242930884549027e-6,0.02513817519785833
0.8839821678307148,0.012173101649272329,0.24398307426783578,PNW,PNW,23.280623190974097,0.0026846971532208637,0.0035704029792404802,8.17896570629222e-6,0.02557891238312636
0.8848166539243704,0.012173101649272329,0.24398307426783578,PNW,PNW,23.560456022210417,0.0026729915918828383,0.0035516466814961125,9.081470498786595e-6,0.02548045518171
0.8856511400180259,0.012173101649272329,0.24398307426783578,PNW,PNW,23.840288853446793,0.002668359528061606,0.0035090650947406884,8.476888126088041e-6,0.02549222249710863
0.8864856261116814,0.012173101649272329,0.24398307426783578,PNW,PNW,24.120121684683113,0.0028594945581352778,0.0038015448733883647,9.464741450923075e-6,0.026124566307398404
0.8873201122053369,0.012173101649272329,0.24398307426783578,PNW,PNW,24.399954515919433,0.002769271736671056,0.0036475016653724343,1.0186594846994684e-5,0.025527405688460604
0.8881545982989925,0.012173101649272329,0.24398307426783578,PNW,PNW,24.67978734715581,0.0028376897706234804,0.0037000406706918275,1.1805548240943337e-5,0.026553150326637586
0.888989084392648,0.012173101649272329,0.24398307426783578,PNW,PNW,24.95962017839213,0.0028269747019455667,0.0036959920775405577,1.1044356128378428e-5,0.026443213596476355
0.8898235704863035,0.012173101649272329,0.24398307426783578,PNW,PNW,25.23945300962845,0.00290526616700757,0.003806150705591112,1.1185002640586994e-5,0.026010216864528462
0.890658056579959,0.012173101649272329,0.24398307426783578,PNW,PNW,25.519285840864825,0.0029285046455449154,0.003820164578260053,1.1786079737658747e-5,0.0254413106739845
0.8914925426736146,0.012173101649272329,0.24398307426783578,PNW,PNW,25.799118672101145,0.002927172525902786,0.003831752815153388,1.0714410214065522e-5,0.026430296689307693
0.89232702876727,0.012173101649272329,0.24398307426783578,PNW,PNW,26.078951503337464,0.0030705538874762923,0.004018003544709525,1.1495282348704835e-5,0.02619966230613772
0.8931615148609255,0.012173101649272329,0.24398307426783578,PNW,PNW,26.35878433457384,0.0030387804325358748,0.003941793544278288,1.1580708421363962e-5,0.02686399286744179
0.8939960009545811,0.012173101649272329,0.24398307426783578,PNW,PNW,26.63861716581016,0.003048275510183405,0.0039449770952958395,1.228517500051054e-5,0.027052951773598826
0.8948304870482365,0.012173101649272329,0.24398307426783578,PNW,PNW,26.91844999704648,0.002956035523579791,0.0038573347428155083,1.3864589230433686e-5,0.02626467965500446
0.8956649731418921,0.012173101649272329,0.24398307426783578,PNW,PNW,27.198282828282856,0.0030438984881232473,0.003967893161483822,1.4415213959856812e-5,0.027386432737580832
0.8964994592355476,0.012173101649272329,0.24398307426783578,PNW,PNW,27.478115659519176,0.0032349424208490385,0.004092845982306895,1.5240283598868603e-5,0.027199941894834215
0.8973339453292031,0.012173101649272329,0.24398307426783578,PNW,PNW,27.757948490755496,0.0032965267264123874,0.004159255671652578,1.754657782607016e-5,0.02605247595006099
0.8981684314228586,0.012173101649272329,0.24398307426783578,PNW,PNW,28.037781321991872,0.0031224749031976036,0.004032230225338229,1.4517294815013397e-5,0.02751865216628046
0.8990029175165142,0.012173101649272329,0.24398307426783578,PNW,PNW,28.31761415322819,0.0032830076381075496,0.004171309264778886,1.8988164106598507e-5,0.027585498536412602
0.8998374036101697,0.012173101649272329,0.24398307426783578,PNW,PNW,28.59744698446457,0.003247541935161749,0.004113662543700791,2.0460225573800298e-5,0.027120697578003533
0.9006718897038252,0.012173101649272329,0.24398307426783578,PNW,PNW,28.877279815700888,0.0033627247609530203,0.004251744313581334,1.768826221112723e-5,0.02736547700548104
0.9015063757974807,0.012173101649272329,0.24398307426783578,PNW,PNW,29.157112646937208,0.003300926205303743,0.004191767918759047,1.9422659422927742e-5,0.02724305807101543
0.9023408618911363,0.012173101649272329,0.24398307426783578,PNW,PNW,29.436945478173584,0.003503995694167538,0.004382273231178732,2.426399834748584e-5,0.02804434347924431
0.9031753479847917,0.012173101649272329,0.24398307426783578,PNW,PNW,29.716778309409904,0.0034571059347623303,0.0043806405226857826,1.930800481222198e-5,0.02812249857313314
0.9040098340784473,0.012173101649272329,0.24398307426783578,PNW,PNW,29.996611140646223,0.0034566020135403056,0.004361754794836204,2.112943887664098e-5,0.027459414032858852
0.9048443201721028,0.012173101649272329,0.24398307426783578,PNW,PNW,30.2764439718826,0.003344010225005677,0.004204446787765701,2.561051115207536e-5,0.027096260369288503
0.9056788062657583,0.012173101649272329,0.24398307426783578,PNW,PNW,30.55627680311892,0.0036739408925799315,0.004576889931489398,2.669146022913234e-5,0.027493390098951666
0.9065132923594138,0.012173101649272329,0.24398307426783578,PNW,PNW,30.836109634355296,0.003585149149001765,0.0044570336234533115,3.0207176701202028e-5,0.02793342532494355
0.9073477784530694,0.012173101649272329,0.24398307426783578,PNW,PNW,31.115942465591615,0.0036412049854630925,0.004502725598420752,2.6608056496947627e-5,0.02774223530053342
0.9081822645467248,0.012173101649272329,0.24398307426783578,PNW,PNW,31.395775296827935,0.003629579660264682,0.004491180805313365,3.028104153084906e-5,0.029250359928238087
0.9090167506403803,0.012173101649272329,0.24398307426783578,PNW,PNW,31.67560812806431,0.0037970309542849183,0.004624470191859712,3.3274653504985634e-5,0.028756156705380016
0.9098512367340359,0.012173101649272329,0.24398307426783578,PNW,PNW,31.95544095930063,0.003819602581500904,0.00465794802315628,3.5909850199313076e-5,0.028677390385612078
0.9106857228276913,0.012173101649272329,0.24398307426783578,PNW,PNW,32.23527379053695,0.003700656371420059,0.00460068340755359,2.8836680765195887e-5,0.02828259840783897
0.9115202089213469,0.012173101649272329,0.24398307426783578,PNW,PNW,32.51510662177333,0.00391996238417969,0.004763077984749247,3.446188735812329e-5,0.028067631108586167
0.9123546950150024,0.012173101649272329,0.24398307426783578,PNW,PNW,32.79493945300965,0.0038813539968166567,0.004753147787524959,2.7110284614575898e-5,0.028458225326452136
0.9131891811086579,0.012173101649272329,0.24398307426783578,PNW,PNW,33.07477228424597,0.00391206604662694,0.0048258637265632676,2.7015359956468456e-5,0.028544005122191934
0.9140236672023134,0.012173101649272329,0.24398307426783578,PNW,PNW,33.35460511548234,0.003907492572287041,0.004700934434856228,4.122781477932334e-5,0.027827409497102554
0.914858153295969,0.012173101649272329,0.24398307426783578,PNW,PNW,33.63443794671866,0.003994246966933349,0.00484615411829443,4.138830903712529e-5,0.02868462204504846
0.9156926393896245,0.012173101649272329,0.24398307426783578,PNW,PNW,33.91427077795504,0.003979032269974151,0.004784229391823839,4.486195254331671e-5,0.028753599742183972
0.91652712548328,0.012173101649272329,0.24398307426783578,PNW,PNW,34.19410360919136,0.003926101170867459,0.0047852200413968735,3.6200420372113935e-5,0.029474268661068875
0.9173616115769355,0.012173101649272329,0.24398307426783578,PNW,PNW,34.47393644042768,0.00410612530396249,0.004930115752292891,3.899304225294498e-5,0.02963979242253078
0.9181960976705911,0.012173101649272329,0.24398307426783578,PNW,PNW,34.753769271664055,0.004270629245234511,0.005087220905859506,4.8729656429773365e-5,0.02989986690360044
0.9190305837642465,0.012173101649272329,0.24398307426783578,PNW,PNW,35.033602102900375,0.004190307812161172,0.005046967431593461,4.1134872529095154e-5,0.030478127932765293
0.9198650698579021,0.012173101649272329,0.24398307426783578,PNW,PNW,35.313434934136694,0.004171242533225407,0.004925241347281142,5.191977338743272e-5,0.028858518645531184
0.9206995559515576,0.012173101649272329,0.24398307426783578,PNW,PNW,35.59326776537307,0.004243210584409646,0.005098089002481718,4.7009621046230735e-5,0.0298603923303168
0.921534042045213,0.012173101649272329,0.24398307426783578,PNW,PNW,35.87310059660939,0.0043449692421400525,0.0051370031125120685,5.011448240114457e-5,0.02925461295024909
0.9223685281388686,0.012173101649272329,0.24398307426783578,PNW,PNW,36.15293342784571,0.004290570387759119,0.005060549801990168,4.890356798025177e-5,0.02895501629302781
0.9232030142325242,0.012173101649272329,0.24398307426783578,PNW,PNW,36.432766259082086,0.004371029205534675,0.005078427270096707,5.2412840341154856e-5,0.029376764750507798
0.9240375003261796,0.012173101649272329,0.24398307426783578,PNW,PNW,36.712599090318406,0.004529661956949656,0.005313672707753965,6.0676185950293066e-5,0.029751412589122034
0.9248719864198351,0.012173101649272329,0.24398307426783578,PNW,PNW,36.992431921554726,0.0044256747855409406,0.005276964794783622,5.558283434705898e-5,0.030034190596440764
0.9257064725134907,0.012173101649272329,0.24398307426783578,PNW,PNW,37.2722647527911,0.004595713197559963,0.005465923001907204,6.0391623775613856e-5,0.03165950412869233
0.9265409586071462,0.012173101649272329,0.24398307426783578,PNW,PNW,37.55209758402742,0.004690903408546174,0.005475997294620133,5.8274676267761786e-5,0.03174067663093364
0.9273754447008017,0.012173101649272329,0.24398307426783578,PNW,PNW,37.83193041526374,0.004516220316434533,0.005349845931378623,5.582568223717263e-5,0.03113913538914954
0.9282099307944572,0.012173101649272329,0.24398307426783578,PNW,PNW,38.11176324650012,0.004697032692457228,0.005448778830301098,6.616181356937053e-5,0.030729895723462262
0.9290444168881127,0.012173101649272329,0.24398307426783578,PNW,PNW,38.39159607773644,0.004650342210569944,0.005318511518342328,7.393693843327987e-5,0.03115133385251584
0.9298789029817682,0.012173101649272329,0.24398307426783578,PNW,PNW,38.67142890897276,0.004771336389388586,0.005550688975064729,6.942493551815202e-5,0.030776019916205672
0.9307133890754238,0.012173101649272329,0.24398307426783578,PNW,PNW,38.951261740209134,0.0048687569820866534,0.005640759414598694,7.030483603086751e-5,0.03121376312595372
0.9315478751690793,0.012173101649272329,0.24398307426783578,PNW,PNW,39.23109457144545,0.004883817244304223,0.005596103207804185,7.077126297046362e-5,0.031466216757544525
0.9323823612627348,0.012173101649272329,0.24398307426783578,PNW,PNW,39.51092740268177,0.004947369682546426,0.005663538538091772,7.590056513826281e-5,0.030671547497494803
0.9332168473563903,0.012173101649272329,0.24398307426783578,PNW,PNW,39.79076023391815,0.004881332385148769,0.0056628659233786734,7.977924251506827e-5,0.03092892710377502
0.8506027240844942,0.012173101649272329,0.24398307426783578,DRO,DRO,12.087309941520516,0.009880402904689074,0.008810372060953553,6.674760812709151e-4,0.04134390846246028
0.8514372101781498,0.012173101649272329,0.24398307426783578,DRO,DRO,12.367142772756836,0.010041122635551288,0.008923007734755442,6.73004250957319e-4,0.04184760970758414
0.8522716962718052,0.012173101649272329,0.24398307426783578,DRO,DRO,12.646975603993155,0.010252378090719355,0.009134218761007923,6.95240694138805e-4,0.04185753829169305
0.8531061823654608,0.012173101649272329,0.24398307426783578,DRO,DRO,12.926808435229532,0.009960656477703868,0.008700111538333808,7.112281326529875e-4,0.041861598811154616
0.8539406684591163,0.012173101649272329,0.24398307426783578,DRO,DRO,13.206641266465851,0.010424140946657008,0.009328194866918998,7.183537019162442e-4,0.04312373442225352
0.8547751545527718,0.012173101649272329,0.24398307426783578,DRO,DRO,13.486474097702171,0.010286612663680549,0.0090872356573576,7.114688536055414e-4,0.04289496689337415
0.8556096406464273,0.012173101649272329,0.24398307426783578,DRO,DRO,13.766306928938548,0.010368300820720863,0.009037627450337605,7.322755539421005e-4,0.04186537488686712
0.8564441267400829,0.012173101649272329,0.24398307426783578,DRO,DRO,14.046139760174867,0.010435363319705522,0.008985059047841791,7.683296763472086e-4,0.042049313939771786
0.8572786128337383,0.012173101649272329,0.24398307426783578,DRO,DRO,14.325972591411187,0.010749060484180966,0.009317029103238037,7.863182735387944e-4,0.04351879891964724
0.8581130989273938,0.012173101649272329,0.24398307426783578,DRO,DRO,14.605805422647563,0.010468197181237806,0.009059622710318684,8.824044350966826e-4,0.043496029790253216
0.8589475850210494,0.012173101649272329,0.24398307426783578,DRO,DRO,14.885638253883883,0.010902016238228437,0.009423947617223268,7.807392986975644e-4,0.043794087103351614
0.859782071114705,0.012173101649272329,0.24398307426783578,DRO,DRO,15.16547108512026,0.010879466616763386,0.009411956064240917,0.00084662925219019245,0.04244377298057609
0.8606165572083604,0.012173101649272329,0.24398307426783578,DRO,DRO,15.445303916356579,0.01089463151199498,0.009215497731342571,9.351740081315505e-4,0.04337009239193749
0.8614510433020159,0.012173101649272329,0.24398307426783578,DRO,DRO,15.725136747592899,0.011151759084047074,0.009384647158092799,9.418207557332538e-4,0.042852289156045976
0.8622855293956715,0.012173101649272329,0.24398307426783578,DRO,DRO,16.004969578829275,0.011043206029534992,0.009403752661252119,9.397904207269967e-4,0.043755773731101275
0.8631200154893269,0.012173101649272329,0.24398307426783578,DRO,DRO,16.284802410065595,0.011323598727514362,0.009423719753869712,9.64535585974071e-4,0.044096781136367724
0.8639545015829825,0.012173101649272329,0.24398307426783578,DRO,DRO,16.564635241301914,0.01143902190525909,0.009611883668704047,9.716941255393358e-4,0.04529798383129406
0.864788987676638,0.012173101649272329,0.24398307426783578,DRO,DRO,16.84446807253829,0.011269708660981426,0.009630720892887974,9.411030015803756e-4,0.04494542765605697
0.8656234737702935,0.012173101649272329,0.24398307426783578,DRO,DRO,17.12430090377461,0.011586564461703823,0.009635798777692023,9.79131158078549e-4,0.044246267230075784
0.866457959863949,0.012173101649272329,0.24398307426783578,DRO,DRO,17.40413373501093,0.011481366292969735,0.009886349289523741,9.513932829952031e-4,0.04598888135737131
0.8672924459576046,0.012173101649272329,0.24398307426783578,DRO,DRO,17.683966566247307,0.011516650316259043,0.00961610913909974,9.944196367405672e-4,0.04384496883787613
0.86812693205126,0.012173101649272329,0.24398307426783578,DRO,DRO,17.963799397483626,0.011683720242639282,0.009627735210307412,0.0010937052017903235,0.0451006320646111
0.8689614181449156,0.012173101649272329,0.24398307426783578,DRO,DRO,18.243632228720003,0.011785475530424392,0.009641908009169867,0.0011038145325080293,0.04499116126858706
0.8697959042385711,0.012173101649272329,0.24398307426783578,DRO,DRO,18.523465059956322,0.012002867448604893,0.009824838404899922,0.0011615687173127669,0.04571865824819023
0.8706303903322266,0.012173101649272329,0.24398307426783578,DRO,DRO,18.803297891192642,0.011768664517949046,0.009688301195783183,0.001052252210801538,0.0442978216182602
0.8714648764258821,0.012173101649272329,0.24398307426783578,DRO,DRO,19.08313072242902,0.012179152100204151,0.00972225051799414,0.001155528230542634,0.04523571020563218
0.8722993625195377,0.012173101649272329,0.24398307426783578,DRO,DRO,19.362963553665338,0.012400901706035876,0.009923079906628355,0.0012377742377151103,0.04582155826549034
0.8731338486131932,0.012173101649272329,0.24398307426783578,DRO,DRO,19.642796384901715,0.012318460214674972,0.009981613813306771,0.0011314085528050918,0.04587819427364722
0.8739683347068486,0.012173101649272329,0.24398307426783578,DRO,DRO,19.922629216138034,0.012176222631889224,0.010029263280936935,0.0011272151517174379,0.04609153611495306
0.8748028208005042,0.012173101649272329,0.24398307426783578,DRO,DRO,20.202462047374354,0.012552737895550137,0.010043482684761632,0.0013378438008430809,0.04641667129298663
0.8756373068941598,0.012173101649272329,0.24398307426783578,DRO,DRO,20.48229487861073,0.012757349511396133,0.010179038816078808,0.0012594025344586895,0.04655589440995878
0.8764717929878152,0.012173101649272329,0.24398307426783578,DRO,DRO,20.76212770984705,0.012612739623939447,0.010094533954282217,0.001421449705579564,0.04597671766204436
0.8773062790814707,0.012173101649272329,0.24398307426783578,DRO,DRO,21.04196054108337,0.012706280439684539,0.010023683555834969,0.0014005734583481557,0.04638268258610324
0.8781407651751263,0.012173101649272329,0.24398307426783578,DRO,DRO,21.321793372319746,0.012857611674658572,0.010235662158553415,0.001322577474952287,0.04738186969848918
0.8789752512687817,0.012173101649272329,0.24398307426783578,DRO,DRO,21.601626203556066,0.01309967970017568,0.010317976245259687,0.00136549870830906,0.04710655075761686
0.8798097373624373,0.012173101649272329,0.24398307426783578,DRO,DRO,21.881459034792385,0.013206357064754282,0.01022282742373348,0.0014172875704213266,0.04722534550620506
0.8806442234560928,0.012173101649272329,0.24398307426783578,DRO,DRO,22.161291866028762,0.013268941215513827,0.010416754482354709,0.001593598676123339,0.04751443582789232
0.8814787095497483,0.012173101649272329,0.24398307426783578,DRO,DRO,22.44112469726508,0.01332881063627323,0.010444565050378548,0.0014092398799257838,0.0479053941484099
0.8823131956434038,0.012173101649272329,0.24398307426783578,DRO,DRO,22.7209575285014,0.01321604723511315,0.01043171775806657,0.0014841024104644278,0.04763706503358
0.8831476817370594,0.012173101649272329,0.24398307426783578,DRO,DRO,23.000790359737778,0.013555820389296149,0.010571899285443196,0.0014428535329222589,0.04854460409562599
0.8839821678307148,0.012173101649272329,0.24398307426783578,DRO,DRO,23.280623190974097,0.013492465138140078,0.010387974043287725,0.0015864213492367812,0.04877405832341996
0.8848166539243704,0.012173101649272329,0.24398307426783578,DRO,DRO,23.560456022210417,0.013793858795863118,0.010652050486378514,0.0016442990589685359,0.04800320788525853
0.8856511400180259,0.012173101649272329,0.24398307426783578,DRO,DRO,23.840288853446793,0.01387165404204088,0.010559484382374333,0.0016489392311348624,0.04856312553523788
0.8864856261116814,0.012173101649272329,0.24398307426783578,DRO,DRO,24.120121684683113,0.013665790746893468,0.01049380827523948,0.0015427373612506069,0.048820260748650826
0.8873201122053369,0.012173101649272329,0.24398307426783578,DRO,DRO,24.399954515919433,0.014155039325059918,0.010714456843162301,0.001832461660033185,0.04826112604742472
0.8881545982989925,0.012173101649272329,0.24398307426783578,DRO,DRO,24.67978734715581,0.014217685782475075,0.01084954708725466,0.0016600010325849336,0.048869558681801026
0.888989084392648,0.012173101649272329,0.24398307426783578,DRO,DRO,24.95962017839213,0.014235761828449597,0.010886802822423238,0.0016777694151875523,0.049261861747757936
0.8898235704863035,0.012173101649272329,0.24398307426783578,DRO,DRO,25.23945300962845,0.01442074179710208,0.011176723068060813,0.0017726428438996121,0.049004248775167826
0.890658056579959,0.012173101649272329,0.24398307426783578,DRO,DRO,25.519285840864825,0.014265867738991269,0.010799224669291655,0.0017763999790977943,0.049065312853032034
0.8914925426736146,0.012173101649272329,0.24398307426783578,DRO,DRO,25.799118672101145,0.014698023861302666,0.011132929472500741,0.00194397999691664,0.049460869133357135
0.89232702876727,0.012173101649272329,0.24398307426783578,DRO,DRO,26.078951503337464,0.014774694475723662,0.011038263130193736,0.0019458891408871937,0.04957830023535577
0.8931615148609255,0.012173101649272329,0.24398307426783578,DRO,DRO,26.35878433457384,0.014807216055207923,0.011075701497576645,0.001917206053130885,0.049411680983230996
0.8939960009545811,0.012173101649272329,0.24398307426783578,DRO,DRO,26.63861716581016,0.01507883516022189,0.011189056896636145,0.0017815286200536097,0.05000145176409974
0.8948304870482365,0.012173101649272329,0.24398307426783578,DRO,DRO,26.91844999704648,0.015190871066894103,0.011245710424679822,0.0019610576520165506,0.05089234902440215
0.8956649731418921,0.012173101649272329,0.24398307426783578,DRO,DRO,27.198282828282856,0.015426964909300562,0.011235263562273015,0.0021051731277388374,0.051016984014272494
0.8964994592355476,0.012173101649272329,0.24398307426783578,DRO,DRO,27.478115659519176,0.015384486771452122,0.011229319002288893,0.001940821678380418,0.051458741950787104
0.8973339453292031,0.012173101649272329,0.24398307426783578,DRO,DRO,27.757948490755496,0.015581738011948334,0.011327330163355505,0.0020204509657721407,0.05287748893737389
0.8981684314228586,0.012173101649272329,0.24398307426783578,DRO,DRO,28.037781321991872,0.015519999153238751,0.011300885826835201,0.002155653421327517,0.051818004692536154
0.8990029175165142,0.012173101649272329,0.24398307426783578,DRO,DRO,28.31761415322819,0.015524650427162794,0.011550886414619642,0.0021312224800934796,0.052279543827632294
0.8998374036101697,0.012173101649272329,0.24398307426783578,DRO,DRO,28.59744698446457,0.015613807980486023,0.011428535775962591,0.0022876447562824977,0.05234924290430763
0.9006718897038252,0.012173101649272329,0.24398307426783578,DRO,DRO,28.877279815700888,0.015624765268566538,0.011375115596831173,0.0021264468631388388,0.05183629258977469
0.9015063757974807,0.012173101649272329,0.24398307426783578,DRO,DRO,29.157112646937208,0.015942097326204073,0.011793174240074596,0.0021913177045446426,0.05272048245378115
0.9023408618911363,0.012173101649272329,0.24398307426783578,DRO,DRO,29.436945478173584,0.015921343106771887,0.011478203124865322,0.00215302094101929,0.05151690181885152
0.9031753479847917,0.012173101649272329,0.24398307426783578,DRO,DRO,29.716778309409904,0.0162968222792211,0.01202311249314948,0.002115933873902187,0.05239253420509886
0.9040098340784473,0.012173101649272329,0.24398307426783578,DRO,DRO,29.996611140646223,0.01649917891491164,0.01204952017974,0.0023076305379157343,0.05338039643038257
0.9048443201721028,0.012173101649272329,0.24398307426783578,DRO,DRO,30.2764439718826,0.016536167405703198,0.011847115983207047,0.0023832711688298977,0.053098801841240245
0.9056788062657583,0.012173101649272329,0.24398307426783578,DRO,DRO,30.55627680311892,0.01671711649514197,0.01195234954471926,0.0024006171107543144,0.05294698325161972
0.9065132923594138,0.012173101649272329,0.24398307426783578,DRO,DRO,30.836109634355296,0.01700796566267783,0.012138340645521231,0.002465200376149158,0.05400891603125005
0.9073477784530694,0.012173101649272329,0.24398307426783578,DRO,DRO,31.115942465591615,0.016928181366242575,0.012087941001449585,0.0024416758808231153,0.054642575780039226
0.9081822645467248,0.012173101649272329,0.24398307426783578,DRO,DRO,31.395775296827935,0.016894087227353284,0.011813980840953081,0.002472975147864569,0.05431310522609174
0.9090167506403803,0.012173101649272329,0.24398307426783578,DRO,DRO,31.67560812806431,0.01735090222808413,0.012156341234801731,0.0025996015608867862,0.053967987235622475
0.9098512367340359,0.012173101649272329,0.24398307426783578,DRO,DRO,31.95544095930063,0.017241110722852743,0.011910759082904109,0.0025432505140428018,0.054450587357138563
0.9106857228276913,0.012173101649272329,0.24398307426783578,DRO,DRO,32.23527379053695,0.017293762380702737,0.012193445307062924,0.002497553927357672,0.05495474654750848
0.9115202089213469,0.012173101649272329,0.24398307426783578,DRO,DRO,32.51510662177333,0.017907710692784518,0.01235582874463038,0.002945049013088181,0.05440508802472734
0.9123546950150024,0.012173101649272329,0.24398307426783578,DRO,DRO,32.79493945300965,0.017565446950133075,0.012411260161036731,0.002575967463480493,0.055195570767933765
0.9131891811086579,0.012173101649272329,0.24398307426783578,DRO,DRO,33.07477228424597,0.017849096617923953,0.012412713375285505,0.0026658952544423263,0.05503598722799429
0.9140236672023134,0.012173101649272329,0.24398307426783578,DRO,DRO,33.35460511548234,0.018012944485768075,0.012340043041523422,0.0027160986826885087,0.05473087369324787
0.914858153295969,0.012173101649272329,0.24398307426783578,DRO,DRO,33.63443794671866,0.018018071378527557,0.012678891485280903,0.0027782043866665168,0.05636064572237083
0.9156926393896245,0.012173101649272329,0.24398307426783578,DRO,DRO,33.91427077795504,0.018449114406915323,0.012720015543202436,0.0028083066132520524,0.05614879351120101
0.91652712548328,0.012173101649272329,0.24398307426783578,DRO,DRO,34.19410360919136,0.018465721201502187,0.012774105855521594,0.002805810163175748,0.057156093369321107
0.9173616115769355,0.012173101649272329,0.24398307426783578,DRO,DRO,34.47393644042768,0.018454781109322763,0.01276386072193483,0.0028715257624848793,0.05762299914118384
0.9181960976705911,0.012173101649272329,0.24398307426783578,DRO,DRO,34.753769271664055,0.018706285190777383,0.012633393238790555,0.0030117157673296936,0.057452169645829845
0.9190305837642465,0.012173101649272329,0.24398307426783578,DRO,DRO,35.033602102900375,0.01887018350377412,0.012854885282977326,0.002895193650330024,0.05840019456171859
0.9198650698579021,0.012173101649272329,0.24398307426783578,DRO,DRO,35.313434934136694,0.01881294459508769,0.012996952557570312,0.002851267389048002,0.05790850271415119
0.9206995559515576,0.012173101649272329,0.24398307426783578,DRO,DRO,35.59326776537307,0.0191024753030977,0.01302516813467283,0.003055876572491323,0.05702020229897692
0.921534042045213,0.012173101649272329,0.24398307426783578,DRO,DRO,35.87310059660939,0.019223973623718436,0.01307255062123976,0.0031917101244621406,0.05818344575575352
0.9223685281388686,0.012173101649272329,0.24398307426783578,DRO,DRO,36.15293342784571,0.019490271762262236,0.013209487736053252,0.0032288732797562344,0.057883675463651994
0.9232030142325242,0.012173101649272329,0.24398307426783578,DRO,DRO,36.432766259082086,0.01967219915445672,0.013371842687856787,0.003190329543553601,0.058570950536732044
0.9240375003261796,0.012173101649272329,0.24398307426783578,DRO,DRO,36.712599090318406,0.019703735676075335,0.013284574423064693,0.003206796839316675,0.05977114512879917
0.9248719864198351,0.012173101649272329,0.24398307426783578,DRO,DRO,36.992431921554726,0.019766672886577547,0.013328243413972122,0.003081155787484136,0.059208162755794144
0.9257064725134907,0.012173101649272329,0.24398307426783578,DRO,DRO,37.2722647527911,0.02007694922334577,0.013477039976938634,0.003308683776091389,0.05997114222007458
0.9265409586071462,0.012173101649272329,0.24398307426783578,DRO,DRO,37.55209758402742,0.020562314394204737,0.013665715747884945,0.003412400614746003,0.06108958096705742
0.9273754447008017,0.012173101649272329,0.24398307426783578,DRO,DRO,37.83193041526374,0.020797833742626975,0.013662346235034185,0.0033502192509656525,0.06036093563168176
0.9282099307944572,0.012173101649272329,0.24398307426783578,DRO,DRO,38.11176324650012,0.020175920554906888,0.01349349574250256,0.0033061430627556623,0.05903514319380172
0.9290444168881127,0.012173101649272329,0.24398307426783578,DRO,DRO,38.39159607773644,0.02066154273342684,0.01355865567414896,0.0035429893432719437,0.060700362529633844
0.9298789029817682,0.012173101649272329,0.24398307426783578,DRO,DRO,38.67142890897276,0.020848967589235132,0.013650495118663727,0.0035283628428975913,0.06088042549368517
0.9307133890754238,0.012173101649272329,0.24398307426783578,DRO,DRO,38.951261740209134,0.020972294149243034,0.013666734371902581,0.003640303497668096,0.06114940052623406
0.9315478751690793,0.012173101649272329,0.24398307426783578,DRO,DRO,39.23109457144545,0.021205952396234587,0.0137922337130192,0.003699319810089095,0.061649803644499096
0.9323823612627348,0.012173101649272329,0.24398307426783578,DRO,DRO,39.51092740268177,0.021287171605050774,0.014027475313300111,0.0035328568744316517,0.06183980763326049
0.9332168473563903,0.012173101649272329,0.24398307426783578,DRO,DRO,39.79076023391815,0.021462891586015876,0.014152272614598763,0.0035435433222176372,0.06229088339907768
0.8506027240844942,0.012173101649272329,0.24398307426783578,MLRF,MLRF,12.087309941520516,0.007303369982321617,0.007230950377442994,3.158435147801262e-4,0.03586409961998225
0.8514372101781498,0.012173101649272329,0.24398307426783578,MLRF,MLRF,12.367142772756836,0.007365713797046997,0.00739164520260877,3.054038313973552e-4,0.0367897286952474
0.8522716962718052,0.012173101649272329,0.24398307426783578,MLRF,MLRF,12.646975603993155,0.007622237158040815,0.007417018311665704,3.6014274402850985e-4,0.03644218491835156
0.8531061823654608,0.012173101649272329,0.24398307426783578,MLRF,MLRF,12.926808435229532,0.007531483847232131,0.00737587558260286,2.9948561843515497e-4,0.0357787274232605
0.8539406684591163,0.012173101649272329,0.24398307426783578,MLRF,MLRF,13.206641266465851,0.007517746019149693,0.007322454065804735,3.264260246849942e-4,0.03687868372240239
0.8547751545527718,0.012173101649272329,0.24398307426783578,MLRF,MLRF,13.486474097702171,0.007574786695870323,0.007419986410666219,3.4812377020677644e-4,0.037274100844351524
0.8556096406464273,0.012173101649272329,0.24398307426783578,MLRF,MLRF,13.766306928938548,0.007669267584507972,0.007432221750446592,3.4308655142409924e-4,0.03650300668732877
0.8564441267400829,0.012173101649272329,0.24398307426783578,MLRF,MLRF,14.046139760174867,0.007789726347162565,0.007586285374799176,3.7514339242525037e-4,0.036382674106143785
0.8572786128337383,0.012173101649272329,0.24398307426783578,MLRF,MLRF,14.325972591411187,0.007724749669632998,0.0074864105388152274,3.926286241902696e-4,0.03733199294901546
0.8581130989273938,0.012173101649272329,0.24398307426783578,MLRF,MLRF,14.605805422647563,0.00791362565667852,0.007549256425480329,4.035714167799798e-4,0.03725727445843327
0.8589475850210494,0.012173101649272329,0.24398307426783578,MLRF,MLRF,14.885638253883883,0.007891981277040466,0.007540648711713624,3.9629594018012154e-4,0.038414144138492465
0.859782071114705,0.012173101649272329,0.24398307426783578,MLRF,MLRF,15.16547108512026,0.007970461645248058,0.007576069883931652,3.66017323475797e-4,0.03644541691713194
0.8606165572083604,0.012173101649272329,0.24398307426783578,MLRF,MLRF,15.445303916356579,0.008081393873112182,0.0077870732135927245,4.570308594287335e-4,0.038726246434047124
0.8614510433020159,0.012173101649272329,0.24398307426783578,MLRF,MLRF,15.725136747592899,0.008158055757376145,0.0077311170205127035,4.3949443277614133e-4,0.03822150079322978
0.8622855293956715,0.012173101649272329,0.24398307426783578,MLRF,MLRF,16.004969578829275,0.008266252783142627,0.007852218384219612,4.3305442457020364e-4,0.03824466161873649
0.8631200154893269,0.012173101649272329,0.24398307426783578,MLRF,MLRF,16.284802410065595,0.008356124135107664,0.007998565896850655,4.207210877329876e-4,0.03911619274087828
0.8639545015829825,0.012173101649272329,0.24398307426783578,MLRF,MLRF,16.564635241301914,0.008321590805978791,0.007825564218175467,4.248195776478827e-4,0.03807834020152102
0.864788987676638,0.012173101649272329,0.24398307426783578,MLRF,MLRF,16.84446807253829,0.0084299236174144691,0.007947817195633802,4.4632879357825824e-4,0.039439253913899304
0.8656234737702935,0.012173101649272329,0.24398307426783578,MLRF,MLRF,17.12430090377461,0.008468406792572408,0.007930419990360312,4.833536623680429e-4,0.038256922861997895
0.866457959863949,0.012173101649272329,0.24398307426783578,MLRF,MLRF,17.40413373501093,0.008868217306395091,0.008210097769987391,4.931554271544901e-4,0.0381576007914969
0.8672924459576046,0.012173101649272329,0.24398307426783578,MLRF,MLRF,17.683966566247307,0.00857695743622574,0.008064944702391712,5.082789201002086e-4,0.037970888882582834
0.86812693205126,0.012173101649272329,0.24398307426783578,MLRF,MLRF,17.963799397483626,0.008638006278731222,0.008073480075018692,4.746391547706896e-4,0.038745015252386814
0.8689614181449156,0.012173101649272329,0.24398307426783578,MLRF,MLRF,18.243632228720003,0.009020547707980373,0.00809855317374004,5.395810933399632e-4,0.039976840422306086
0.8697959042385711,0.012173101649272329,0.24398307426783578,MLRF,MLRF,18.523465059956322,0.009180548529202595,0.008304378338415139,5.698751410349081e-4,0.039572177454985626
0.8706303903322266,0.012173101649272329,0.24398307426783578,MLRF,MLRF,18.803297891192642,0.009037220969398685,0.008300894847599077,5.911778762945559e-4,0.03925880971052212
0.8714648764258821,0.012173101649272329,0.24398307426783578,MLRF,MLRF,19.08313072242902,0.00912683520324144,0.008413685753851232,5.905654691951749e-4,0.04046576420830824
0.8722993625195377,0.012173101649272329,0.24398307426783578,MLRF,MLRF,19.362963553665338,0.009126871099953679,0.008366281242972687,5.581593751070625e-4,0.03961068310755668
0.8731338486131932,0.012173101649272329,0.24398307426783578,MLRF,MLRF,19.642796384901715,0.009189570907229494,0.008330535599512173,6.510520361070979e-4,0.04053817539154445
0.8739683347068486,0.012173101649272329,0.24398307426783578,MLRF,MLRF,19.922629216138034,0.00899182572244087,0.008061969089581573,5.923226545794793e-4,0.03937740845460354
0.8748028208005042,0.012173101649272329,0.24398307426783578,MLRF,MLRF,20.202462047374354,0.009217515840825929,0.008326698496802929,6.775742047235663e-4,0.040145096315049686
0.8756373068941598,0.012173101649272329,0.24398307426783578,MLRF,MLRF,20.48229487861073,0.009466243764637988,0.00858462802020703,6.333637596641671e-4,0.04083330940146382
0.8764717929878152,0.012173101649272329,0.24398307426783578,MLRF,MLRF,20.76212770984705,0.009526242225854157,0.008460099987188585,6.659140667210476e-4,0.04059466364188455
0.8773062790814707,0.012173101649272329,0.24398307426783578,MLRF,MLRF,21.04196054108337,0.009542608821871086,0.00828364911957142,7.058274188319923e-4,0.039410163908254116
0.8781407651751263,0.012173101649272329,0.24398307426783578,MLRF,MLRF,21.321793372319746,0.009664033331757652,0.00844247468949501,6.313458980968242e-4,0.04002628913342401
0.8789752512687817,0.012173101649272329,0.24398307426783578,MLRF,MLRF,21.601626203556066,0.009618305375868151,0.008593380830838597,6.779746859540828e-4,0.04218903440676313
0.8798097373624373,0.012173101649272329,0.24398307426783578,MLRF,MLRF,21.881459034792385,0.009745261935193258,0.008755948284622313,7.220471608556479e-4,0.04132950679487951
0.8806442234560928,0.012173101649272329,0.24398307426783578,MLRF,MLRF,22.161291866028762,0.009932430969552972,0.008796116154910816,6.824539435324209e-4,0.04061141516930103
0.8814787095497483,0.012173101649272329,0.24398307426783578,MLRF,MLRF,22.44112469726508,0.010076837162282545,0.008857056462070037,7.253542700517954e-4,0.041229768547148264
0.8823131956434038,0.012173101649272329,0.24398307426783578,MLRF,MLRF,22.7209575285014,0.01006759194143617,0.008696777266073142,8.179859865437382e-4,0.040988823914863054
0.8831476817370594,0.012173101649272329,0.24398307426783578,MLRF,MLRF,23.000790359737778,0.010148946490732676,0.008837805447969587,7.349809811999128e-4,0.04229679974590278
0.8839821678307148,0.012173101649272329,0.24398307426783578,MLRF,MLRF,23.280623190974097,0.010205991595084878,0.00873462175102264,7.840225793332678e-4,0.04113335430459996
0.8848166539243704,0.012173101649272329,0.24398307426783578,MLRF,MLRF,23.560456022210417,0.010320811206692919,0.009099508628521146,7.575993808522606e-4,0.04223179589004669
0.8856511400180259,0.012173101649272329,0.24398307426783578,MLRF,MLRF,23.840288853446793,0.010601445116505744,0.009043770897886537,7.882175598632985e-4,0.042310827247932024
0.8864856261116814,0.012173101649272329,0.24398307426783578,MLRF,MLRF,24.120121684683113,0.010452737530908404,0.008849980854776672,7.624362273802594e-4,0.042328525501381
0.8873201122053369,0.012173101649272329,0.24398307426783578,MLRF,MLRF,24.399954515919433,0.01060567411994188,0.009342820250594783,8.414985815288232e-4,0.04270646544889366
0.8881545982989925,0.012173101649272329,0.24398307426783578,MLRF,MLRF,24.67978734715581,0.010364489828698193,0.008986251046583201,8.874515238684102e-4,0.042174187353937506
0.888989084392648,0.012173101649272329,0.24398307426783578,MLRF,MLRF,24.95962017839213,0.010845242806108511,0.009235826744268386,9.563358311644919e-4,0.04319075266538786
0.8898235704863035,0.012173101649272329,0.24398307426783578,MLRF,MLRF,25.23945300962845,0.010853035984536023,0.009154250772084907,9.116470623881645e-4,0.04315868584947813
0.890658056579959,0.012173101649272329,0.24398307426783578,MLRF,MLRF,25.519285840864825,0.010873319062053084,0.009317501395753772,8.51789708505374e-4,0.04329060702477592
0.8914925426736146,0.012173101649272329,0.24398307426783578,MLRF,MLRF,25.799118672101145,0.011099298399521947,0.009406005188522651,8.975377341760389e-4,0.04370967132673729
0.89232702876727,0.012173101649272329,0.24398307426783578,MLRF,MLRF,26.078951503337464,0.011176201436772856,0.009356069886474033,9.336135292123036e-4,0.04266776228669214
0.8931615148609255,0.012173101649272329,0.24398307426783578,MLRF,MLRF,26.35878433457384,0.011224165324812858,0.009491802323355147,0.0010155351759616258,0.04334736458271543
0.8939960009545811,0.012173101649272329,0.24398307426783578,MLRF,MLRF,26.63861716581016,0.011333724933115616,0.00957144126530269,0.0010155962340489607,0.04294999938029092
0.8948304870482365,0.012173101649272329,0.24398307426783578,MLRF,MLRF,26.91844999704648,0.011504056965123851,0.009637058170074481,0.001011392709595092,0.0442445566595549
0.8956649731418921,0.012173101649272329,0.24398307426783578,MLRF,MLRF,27.198282828282856,0.011269637743379274,0.00956949157825348,9.898771222351759e-4,0.04373818977429849
0.8964994592355476,0.012173101649272329,0.24398307426783578,MLRF,MLRF,27.478115659519176,0.011732411240245136,0.009703171098512346,0.0011250476050071291,0.04353576843962149
0.8973339453292031,0.012173101649272329,0.24398307426783578,MLRF,MLRF,27.757948490755496,0.011875326477809266,0.00980900277846978,0.0010496419700182173,0.04437477812010512
0.8981684314228586,0.012173101649272329,0.24398307426783578,MLRF,MLRF,28.037781321991872,0.011584198569091047,0.009628102220078266,0.001123239931691427,0.0459091857275274
0.8990029175165142,0.012173101649272329,0.24398307426783578,MLRF,MLRF,28.31761415322819,0.011735790874849897,0.00959609139046369,0.0011823039925002346,0.045076743883607245
0.8998374036101697,0.012173101649272329,0.24398307426783578,MLRF,MLRF,28.59744698446457,0.011842615194212775,0.009817060637418195,0.0010733241581203788,0.04533838440276515
0.9006718897038252,0.012173101649272329,0.24398307426783578,MLRF,MLRF,28.877279815700888,0.012092978761848353,0.009838176779213755,0.0011323792076356797,0.04470206793718284
0.9015063757974807,0.012173101649272329,0.24398307426783578,MLRF,MLRF,29.157112646937208,0.012001506439033744,0.009808899015007025,0.0011963736738868607,0.045818334041592614
0.9023408618911363,0.012173101649272329,0.24398307426783578,MLRF,MLRF,29.436945478173584,0.01239682492330789,0.010083192942679614,0.0011338119473998428,0.04570392732901743
0.9031753479847917,0.012173101649272329,0.24398307426783578,MLRF,MLRF,29.716778309409904,0.012306811388575485,0.009755753132047879,0.0012190713822546814,0.04692181520527493
0.9040098340784473,0.012173101649272329,0.24398307426783578,MLRF,MLRF,29.996611140646223,0.012470940893668955,0.009960098446418639,0.001242178852807563,0.04717151822689274
0.9048443201721028,0.012173101649272329,0.24398307426783578,MLRF,MLRF,30.2764439718826,0.012584652085633748,0.010254127360020035,0.0012624596190386856,0.04567637646452834
0.9056788062657583,0.012173101649272329,0.24398307426783578,MLRF,MLRF,30.55627680311892,0.012587189055079313,0.010190414500740574,0.001269514696236125,0.046583094498531444
0.9065132923594138,0.012173101649272329,0.24398307426783578,MLRF,MLRF,30.836109634355296,0.012833503238886282,0.01032313173361304,0.0013102548331980362,0.04686389265690478
0.9073477784530694,0.012173101649272329,0.24398307426783578,MLRF,MLRF,31.115942465591615,0.01285693916562289,0.010461911159950007,0.0012921535466737144,0.04706037670828658
0.9081822645467248,0.012173101649272329,0.24398307426783578,MLRF,MLRF,31.395775296827935,0.01313755954556139,0.010645636247565012,0.0013308943990588862,0.0470353635033613
0.9090167506403803,0.012173101649272329,0.24398307426783578,MLRF,MLRF,31.67560812806431,0.012840261291720521,0.010336541970408387,0.0012883608098462414,0.04702731747335916
0.9098512367340359,0.012173101649272329,0.24398307426783578,MLRF,MLRF,31.95544095930063,0.013291468164970122,0.01051497227929552,0.0013320491149164063,0.04828500245445378
0.9106857228276913,0.012173101649272329,0.24398307426783578,MLRF,MLRF,32.23527379053695,0.013340595453514816,0.010631020801578255,0.0013734486198630955,0.048658912222062256
0.9115202089213469,0.012173101649272329,0.24398307426783578,MLRF,MLRF,32.51510662177333,0.013542287299677842,0.010487550242748828,0.001468369431222941,0.04820936453123348
0.9123546950150024,0.012173101649272329,0.24398307426783578,MLRF,MLRF,32.79493945300965,0.013371675854108644,0.010529810169161909,0.0012744394747503187,0.04873268222985746
0.9131891811086579,0.012173101649272329,0.24398307426783578,MLRF,MLRF,33.07477228424597,0.013582972754616443,0.010561798831754048,0.0013881009500349324,0.04741116676346876
0.9140236672023134,0.012173101649272329,0.24398307426783578,MLRF,MLRF,33.35460511548234,0.013706025180478747,0.010739865258210466,0.001455502479839893,0.049600514683813254
0.914858153295969,0.012173101649272329,0.24398307426783578,MLRF,MLRF,33.63443794671866,0.01366169967666292,0.010632010761980854,0.0014584931820626952,0.049296432007779556
0.9156926393896245,0.012173101649272329,0.24398307426783578,MLRF,MLRF,33.91427077795504,0.013839781015195424,0.010772525840323883,0.0015021462136042443,0.04864690288799731
0.91652712548328,0.012173101649272329,0.24398307426783578,MLRF,MLRF,34.19410360919136,0.014399378381808513,0.011270900062973542,0.001553621864213186,0.04983952790809833
0.9173616115769355,0.012173101649272329,0.24398307426783578,MLRF,MLRF,34.47393644042768,0.014242137283614637,0.011226285229791579,0.0015927509376768901,0.04954406811429621
0.9181960976705911,0.012173101649272329,0.24398307426783578,MLRF,MLRF,34.753769271664055,0.014326710321253634,0.011333197791233728,0.001611877892679849,0.04984765539016861
0.9190305837642465,0.012173101649272329,0.24398307426783578,MLRF,MLRF,35.033602102900375,0.014317773581195417,0.011308816788687736,0.0015566026189125443,0.05129526144785348
0.9198650698579021,0.012173101649272329,0.24398307426783578,MLRF,MLRF,35.313434934136694,0.01446746622160783,0.011318333092700012,0.0016163170351677966,0.05108895239322455
0.9206995559515576,0.012173101649272329,0.24398307426783578,MLRF,MLRF,35.59326776537307,0.014552803436225519,0.011056501959901826,0.0015301673586177711,0.05003697254191433
0.921534042045213,0.012173101649272329,0.24398307426783578,MLRF,MLRF,35.87310059660939,0.014922064334287496,0.011506635001861774,0.0017075367709776823,0.05109584624324166
0.9223685281388686,0.012173101649272329,0.24398307426783578,MLRF,MLRF,36.15293342784571,0.01489161510224675,0.01138448471446579,0.0017605794500141667,0.05140354546985438
0.9232030142325242,0.012173101649272329,0.24398307426783578,MLRF,MLRF,36.432766259082086,0.01498861358228647,0.011476365109730527,0.0016881038827214086,0.052059930789517025
0.9240375003261796,0.012173101649272329,0.24398307426783578,MLRF,MLRF,36.712599090318406,0.015444709299163816,0.011678370272264517,0.0018861329585121833,0.05181943506071697
0.9248719864198351,0.012173101649272329,0.24398307426783578,MLRF,MLRF,36.992431921554726,0.015284624916159131,0.011693936913286195,0.0017512512968468194,0.05226554578341697
0.9257064725134907,0.012173101649272329,0.24398307426783578,MLRF,MLRF,37.2722647527911,0.015234149644141121,0.011491419214285255,0.001739685266310809,0.0517237824133201
0.9265409586071462,0.012173101649272329,0.24398307426783578,MLRF,MLRF,37.55209758402742,0.015679249622846947,0.011851919562254407,0.0017671362284291674,0.05234846216879095
0.9273754447008017,0.012173101649272329,0.24398307426783578,MLRF,MLRF,37.83193041526374,0.015548390005869217,0.011881713089862167,0.001862643380381351,0.05299673686534661
0.9282099307944572,0.012173101649272329,0.24398307426783578,MLRF,MLRF,38.11176324650012,0.015589646974657595,0.011717805378719517,0.0018654793988319652,0.05255505096168654
0.9290444168881127,0.012173101649272329,0.24398307426783578,MLRF,MLRF,38.39159607773644,0.015832356064160752,0.011947055767775452,0.0019535419181626046,0.054058243969844516
0.9298789029817682,0.012173101649272329,0.24398307426783578,MLRF,MLRF,38.67142890897276,0.015610101923423554,0.011700878132604703,0.0018506720815359202,0.05319237481449655
0.9307133890754238,0.012173101649272329,0.24398307426783578,MLRF,MLRF,38.951261740209134,0.01614043633955796,0.012268085150834001,0.0018053087444750491,0.05310210079764949
0.9315478751690793,0.012173101649272329,0.24398307426783578,MLRF,MLRF,39.23109457144545,0.016186003649340627,0.012000981211279446,0.001720441142147461,0.05511246025267002
0.9323823612627348,0.012173101649272329,0.24398307426783578,MLRF,MLRF,39.51092740268177,0.01612687265910083,0.011957294286863613,0.0019021719139467592,0.05406390856429099
0.9332168473563903,0.012173101649272329,0.24398307426783578,MLRF,MLRF,39.79076023391815,0.01684270444522205,0.01239564469001492,0.001976940667957802,0.05570097487821038
0.8506027240844942,0.012173101649272329,0.24398307426783578,MLES,MLES,12.087309941520516,0.008395155223411742,0.007974743362333002,4.7694255535725064e-4,0.03854604993828098
0.8514372101781498,0.012173101649272329,0.24398307426783578,MLES,MLES,12.367142772756836,0.008519491732007558,0.007989589891021078,4.6411501853157967e-4,0.0374421299014848
0.8522716962718052,0.012173101649272329,0.24398307426783578,MLES,MLES,12.646975603993155,0.008696427812045106,0.008035037428270072,5.020874066580898e-4,0.03755477293474069
0.8531061823654608,0.012173101649272329,0.24398307426783578,MLES,MLES,12.926808435229532,0.0087187242809819,0.008151039680524384,4.906044966290115e-4,0.039054492233044524
0.8539406684591163,0.012173101649272329,0.24398307426783578,MLES,MLES,13.206641266465851,0.00871214563365905,0.007955557527688822,4.915699513276053e-4,0.03937362664476129
0.8547751545527718,0.012173101649272329,0.24398307426783578,MLES,MLES,13.486474097702171,0.00887339182033992,0.008183569971893477,5.344286026054154e-4,0.038729681516658565
0.8556096406464273,0.012173101649272329,0.24398307426783578,MLES,MLES,13.766306928938548,0.008949186668551042,0.008269601709496666,4.933483864534152e-4,0.04009242584125296
0.8564441267400829,0.012173101649272329,0.24398307426783578,MLES,MLES,14.046139760174867,0.008905103852138982,0.008091918468900903,5.536145002758302e-4,0.039121252451414824
0.8572786128337383,0.012173101649272329,0.24398307426783578,MLES,MLES,14.325972591411187,0.009011693059834078,0.008260293729296975,5.880930842794091e-4,0.04014202753006158
0.8581130989273938,0.012173101649272329,0.24398307426783578,MLES,MLES,14.605805422647563,0.009243924681004415,0.008365784019934782,5.71293151993639e-4,0.04069205675436189
0.8589475850210494,0.012173101649272329,0.24398307426783578,MLES,MLES,14.885638253883883,0.009219165581962918,0.008265991733819983,5.369916684824442e-4,0.040281555943936544
0.859782071114705,0.012173101649272329,0.24398307426783578,MLES,MLES,15.16547108512026,0.009381979817769543,0.00845160380357894,6.414936482165166e-4,0.04001956942085561
0.8606165572083604,0.012173101649272329,0.24398307426783578,MLES,MLES,15.445303916356579,0.009351110472830295,0.008535356714195651,6.172599013689705e-4,0.04096162557767441
0.8614510433020159,0.012173101649272329,0.24398307426783578,MLES,MLES,15.725136747592899,0.009343463028926564,0.008443238396657008,6.401344424766837e-4,0.04084247668174605
0.8622855293956715,0.012173101649272329,0.24398307426783578,MLES,MLES,16.004969578829275,0.009593056343772796,0.008519440753341913,6.688010051340558e-4,0.040189887805213945
0.8631200154893269,0.012173101649272329,0.24398307426783578,MLES,MLES,16.284802410065595,0.009582025702100455,0.008500656888944191,6.343187249514246e-4,0.04007447602604715
0.8639545015829825,0.012173101649272329,0.24398307426783578,MLES,MLES,16.564635241301914,0.009726527835763298,0.0083748275065511045,7.358653832302483e-4,0.04053372990810972
0.864788987676638,0.012173101649272329,0.24398307426783578,MLES,MLES,16.84446807253829,0.009847110757979217,0.008731886817241847,6.819934900224825e-4,0.040375802510117687
0.8656234737702935,0.012173101649272329,0.24398307426783578,MLES,MLES,17.12430090377461,0.009722355543311308,0.00851459658310996,7.00055856846692e-4,0.041989034340365265
0.866457959863949,0.012173101649272329,0.24398307426783578,MLES,MLES,17.40413373501093,0.009916585347442705,0.008772006119957067,6.603144602360008e-4,0.040827510094800824
0.8672924459576046,0.012173101649272329,0.24398307426783578,MLES,MLES,17.683966566247307,0.009999076042104845,0.0088294840319409,7.79064750033996e-4,0.04096590255383406
0.86812693205126,0.012173101649272329,0.24398307426783578,MLES,MLES,17.963799397483626,0.010012588277813829,0.00894726215609266,7.925293150002836e-4,0.04171243824192296
0.8689614181449156,0.012173101649272329,0.24398307426783578,MLES,MLES,18.243632228720003,0.010110042692475217,0.008782222515517883,7.791363222709784e-4,0.04178640244754386
0.8697959042385711,0.012173101649272329,0.24398307426783578,MLES,MLES,18.523465059956322,0.010251284223475536,0.00896152189281332,7.585155513489096e-4,0.04229998237650404
0.8706303903322266,0.012173101649272329,0.24398307426783578,MLES,MLES,18.803297891192642,0.010333457154594699,0.009043902845075669,8.241013123268515e-4,0.04167992063991529
0.8714648764258821,0.012173101649272329,0.24398307426783578,MLES,MLES,19.08313072242902,0.010339570017459087,0.00882780066632238,8.659900752222284e-4,0.04200076897695218
0.8722993625195377,0.012173101649272329,0.24398307426783578,MLES,MLES,19.362963553665338,0.010578834379698511,0.00905751063635678,7.98655936915466e-4,0.04180593251374822
0.8731338486131932,0.012173101649272329,0.24398307426783578,MLES,MLES,19.642796384901715,0.010306135415820341,0.008895528258901098,8.256898191175937e-4,0.04212309869449422
0.8739683347068486,0.012173101649272329,0.24398307426783578,MLES,MLES,19.922629216138034,0.010646265864859259,0.009158219202982968,8.663852369031185e-4,0.04208096444754979
0.8748028208005042,0.012173101649272329,0.24398307426783578,MLES,MLES,20.202462047374354,0.01097405399561475,0.00922474159413354,9.236129837296817e-4,0.0431350447865691
0.8756373068941598,0.012173101649272329,0.24398307426783578,MLES,MLES,20.48229487861073,0.010868150141910568,0.00910454407437197,9.194967150688811e-4,0.04347919593770338
0.8764717929878152,0.012173101649272329,0.24398307426783578,MLES,MLES,20.76212770984705,0.010839907721110743,0.00911032957903546,8.891903813457911e-4,0.04329045409026932
0.8773062790814707,0.012173101649272329,0.24398307426783578,MLES,MLES,21.04196054108337,0.010957637785024864,0.009199054038932512,9.415954234781594e-4,0.043748380275841534
0.8781407651751263,0.012173101649272329,0.24398307426783578,MLES,MLES,21.321793372319746,0.011168118802254231,0.009233674152826993,9.142479487598503e-4,0.0439262658039713
0.8789752512687817,0.012173101649272329,0.24398307426783578,MLES,MLES,21.601626203556066,0.011610355339296215,0.009679328341483145,9.992820400773175e-4,0.04453419675951034
0.8798097373624373,0.012173101649272329,0.24398307426783578,MLES,MLES,21.881459034792385,0.011457533301761675,0.009631852936089714,0.0010137956807794435,0.0442032408144785
0.8806442234560928,0.012173101649272329,0.24398307426783578,MLES,MLES,22.161291866028762,0.011244522216932349,0.009363360673833305,0.0010795227859392248,0.042559185401707104
0.8814787095497483,0.012173101649272329,0.24398307426783578,MLES,MLES,22.44112469726508,0.011453908510743797,0.009660105850552457,0.0010053152966298352,0.044708615952691835
0.8823131956434038,0.012173101649272329,0.24398307426783578,MLES,MLES,22.7209575285014,0.011737209901505535,0.009501546608644986,0.0010438233561911668,0.044326269091382174
0.8831476817370594,0.012173101649272329,0.24398307426783578,MLES,MLES,23.000790359737778,0.011730567407666686,0.009658422729682222,0.0010683921204536553,0.04413392539575136
0.8839821678307148,0.012173101649272329,0.24398307426783578,MLES,MLES,23.280623190974097,0.011669120020138844,0.009380780585578164,0.0012208431778203926,0.045814065481794675
0.8848166539243704,0.012173101649272329,0.24398307426783578,MLES,MLES,23.560456022210417,0.01222053893037349,0.0098710749362386,0.0011475019199331806,0.04530474510396861
0.8856511400180259,0.012173101649272329,0.24398307426783578,MLES,MLES,23.840288853446793,0.01193207392418557,0.009654108121877943,0.001151032229934398,0.045683655442860814
0.8864856261116814,0.012173101649272329,0.24398307426783578,MLES,MLES,24.120121684683113,0.012277573053177004,0.010119779382029041,0.001198522516277024,0.04649767312482236
0.8873201122053369,0.012173101649272329,0.24398307426783578,MLES,MLES,24.399954515919433,0.012345087074931458,0.010117648183295672,0.0012439529986320646,0.046783954808283026
0.8881545982989925,0.012173101649272329,0.24398307426783578,MLES,MLES,24.67978734715581,0.012129566210956228,0.009857002179967017,0.0012591888749252037,0.045711353867493254
0.888989084392648,0.012173101649272329,0.24398307426783578,MLES,MLES,24.95962017839213,0.012355342995560575,0.01005719915800868,0.0012434062133131535,0.04702083704893076
0.8898235704863035,0.012173101649272329,0.24398307426783578,MLES,MLES,25.23945300962845,0.01243421346593897,0.009948276830844526,0.0013375694657957612,0.046228862502996015
0.890658056579959,0.012173101649272329,0.24398307426783578,MLES,MLES,25.519285840864825,0.012436539277944275,0.010082127761823417,0.0012116096927875814,0.046641028563929474
0.8914925426736146,0.012173101649272329,0.24398307426783578,MLES,MLES,25.799118672101145,0.01278358919304525,0.01003439390515074,0.001337063622489467,0.04612586449569426
0.89232702876727,0.012173101649272329,0.24398307426783578,MLES,MLES,26.078951503337464,0.012766663948057226,0.01019052567835826,0.0012542086562635872,0.04700780802720399
0.8931615148609255,0.012173101649272329,0.24398307426783578,MLES,MLES,26.35878433457384,0.013086288918944401,0.010251214403470156,0.0013829272896576188,0.047203893343885556
0.8939960009545811,0.012173101649272329,0.24398307426783578,MLES,MLES,26.63861716581016,0.012812379897227824,0.010215644976290574,0.0013513223661101928,0.046616909874923035
0.8948304870482365,0.012173101649272329,0.24398307426783578,MLES,MLES,26.91844999704648,0.013094091363116601,0.010192496822552478,0.0013504857253112674,0.046396590922678796
0.8956649731418921,0.012173101649272329,0.24398307426783578,MLES,MLES,27.198282828282856,0.013312780326829105,0.010649885383998298,0.0013237453856405523,0.04798131176558314
0.8964994592355476,0.012173101649272329,0.24398307426783578,MLES,MLES,27.478115659519176,0.013481829269326999,0.010359732364211291,0.001440490432291501,0.04696165536968927
0.8973339453292031,0.012173101649272329,0.24398307426783578,MLES,MLES,27.757948490755496,0.01318249899833409,0.010358283723322016,0.0014885015101933022,0.04807388488656983
0.8981684314228586,0.012173101649272329,0.24398307426783578,MLES,MLES,28.037781321991872,0.013644481695143158,0.010543526900902938,0.0014957285820207918,0.049588762333053996
0.8990029175165142,0.012173101649272329,0.24398307426783578,MLES,MLES,28.31761415322819,0.013657875629747825,0.010736691089617214,0.0015720906446896883,0.04829545317544029
0.8998374036101697,0.012173101649272329,0.24398307426783578,MLES,MLES,28.59744698446457,0.013490599985454838,0.010593867056506367,0.001481421413294272,0.0488254199738366
0.9006718897038252,0.012173101649272329,0.24398307426783578,MLES,MLES,28.877279815700888,0.013790525615418448,0.010895119430488973,0.0015492080934981919,0.0492153857687123
0.9015063757974807,0.012173101649272329,0.24398307426783578,MLES,MLES,29.157112646937208,0.01382062665453261,0.010631481528415011,0.0014951134190569401,0.04939659319950273
0.9023408618911363,0.012173101649272329,0.24398307426783578,MLES,MLES,29.436945478173584,0.014093546986371962,0.010812883573846502,0.001639782233542729,0.04931322615868639
0.9031753479847917,0.012173101649272329,0.24398307426783578,MLES,MLES,29.716778309409904,0.014165807601587416,0.010973133227467687,0.0015130196906012045,0.04961192214902767
0.9040098340784473,0.012173101649272329,0.24398307426783578,MLES,MLES,29.996611140646223,0.014044026905569218,0.010790394390631659,0.0015635641488652159,0.04948586077649003
0.9048443201721028,0.012173101649272329,0.24398307426783578,MLES,MLES,30.2764439718826,0.014324558779844692,0.010740072087807185,0.0015989899680821276,0.048183971758010674
0.9056788062657583,0.012173101649272329,0.24398307426783578,MLES,MLES,30.55627680311892,0.014353507799884278,0.010793109332054079,0.0017650904134430365,0.04928895210441802
0.9065132923594138,0.012173101649272329,0.24398307426783578,MLES,MLES,30.836109634355296,0.014585004519292549,0.01106794502170928,0.0016586319242417118,0.05037839395667557
0.9073477784530694,0.012173101649272329,0.24398307426783578,MLES,MLES,31.115942465591615,0.014986053381989295,0.011309957823293408,0.0017454124213731126,0.04995315788562916
0.9081822645467248,0.012173101649272329,0.24398307426783578,MLES,MLES,31.395775296827935,0.014815285473985997,0.011145834422748148,0.0017914335120247974,0.05012740004524723
0.9090167506403803,0.012173101649272329,0.24398307426783578,MLES,MLES,31.67560812806431,0.014913865695746712,0.011147104771271584,0.0018252099262372342,0.05018058902412409
0.9098512367340359,0.012173101649272329,0.24398307426783578,MLES,MLES,31.95544095930063,0.014918720088522016,0.01128809199666081,0.0018149585752536728,0.050831463084475996
0.9106857228276913,0.012173101649272329,0.24398307426783578,MLES,MLES,32.23527379053695,0.01530134613359376,0.011294325200611856,0.0018885914231849732,0.052192267451074956
0.9115202089213469,0.012173101649272329,0.24398307426783578,MLES,MLES,32.51510662177333,0.015069905782005219,0.011235496528036496,0.0018021182924109456,0.05169403815100931
0.9123546950150024,0.012173101649272329,0.24398307426783578,MLES,MLES,32.79493945300965,0.015403314086966935,0.011485177119745874,0.0018879290032767667,0.05154828468755677
0.9131891811086579,0.012173101649272329,0.24398307426783578,MLES,MLES,33.07477228424597,0.015672408118227368,0.011692567342468381,0.001988509091461175,0.0522330932882643
0.9140236672023134,0.012173101649272329,0.24398307426783578,MLES,MLES,33.35460511548234,0.015494676087094914,0.011642410855620627,0.0019517983453178622,0.053438617702409943
0.914858153295969,0.012173101649272329,0.24398307426783578,MLES,MLES,33.63443794671866,0.015951587161606176,0.011671592304703732,0.0020318015259209606,0.05282629194094639
0.9156926393896245,0.012173101649272329,0.24398307426783578,MLES,MLES,33.91427077795504,0.016162895352841343,0.011863556551497836,0.0020826209124531255,0.05375628297274826
0.91652712548328,0.012173101649272329,0.24398307426783578,MLES,MLES,34.19410360919136,0.016116942175486003,0.0118404616179572,0.0020321759233596047,0.052716824044305936
0.9173616115769355,0.012173101649272329,0.24398307426783578,MLES,MLES,34.47393644042768,0.016282355795237794,0.012172996808865001,0.0019783460015162777,0.053573618320016045
0.9181960976705911,0.012173101649272329,0.24398307426783578,MLES,MLES,34.753769271664055,0.016347942670695056,0.01200371749623645,0.0021341275327254185,0.05286133297943733
0.9190305837642465,0.012173101649272329,0.24398307426783578,MLES,MLES,35.033602102900375,0.016182183212760604,0.011855371222549064,0.0022327556689366755,0.05337477510957467
0.9198650698579021,0.012173101649272329,0.24398307426783578,MLES,MLES,35.313434934136694,0.01606946598586924,0.011812048914102155,0.002160157242907573,0.05432278415052895
0.9206995559515576,0.012173101649272329,0.24398307426783578,MLES,MLES,35.59326776537307,0.016718142857359945,0.012130502526107192,0.0020685031989428008,0.054594227618618214
0.921534042045213,0.012173101649272329,0.24398307426783578,MLES,MLES,35.87310059660939,0.016873833346151987,0.01221064454237815,0.0021333310599593795,0.054774897445756046
0.9223685281388686,0.012173101649272329,0.24398307426783578,MLES,MLES,36.15293342784571,0.01681964860048097,0.012152977615550713,0.002274213302500302,0.0542243981342249
0.9232030142325242,0.012173101649272329,0.24398307426783578,MLES,MLES,36.432766259082086,0.017498364727899382,0.012344968821246215,0.002298878227751721,0.05455593041966107
0.9240375003261796,0.012173101649272329,0.24398307426783578,MLES,MLES,36.712599090318406,0.0171436888950305,0.012371239460011443,0.002223510589981123,0.05520223610219238
0.9248719864198351,0.012173101649272329,0.24398307426783578,MLES,MLES,36.992431921554726,0.017540713149255274,0.012555750989541701,0.002168068810395577,0.05609616010953856
0.9257064725134907,0.012173101649272329,0.24398307426783578,MLES,MLES,37.2722647527911,0.017498136164338752,0.01241129053354904,0.0023572643368192764,0.05646180376719049
0.9265409586071462,0.012173101649272329,0.24398307426783578,MLES,MLES,37.55209758402742,0.01747492983137712,0.01248156478048522,0.0023994219420331283,0.057355224220085474
0.9273754447008017,0.012173101649272329,0.24398307426783578,MLES,MLES,37.83193041526374,0.01783227853506527,0.012571932653918354,0.00228719313212087,0.05796109152646307
0.9282099307944572,0.012173101649272329,0.24398307426783578,MLES,MLES,38.11176324650012,0.017780587439218835,0.012752836565683691,0.0023113164442440473,0.05617841400554966
0.9290444168881127,0.012173101649272329,0.24398307426783578,MLES,MLES,38.39159607773644,0.01828077802526877,0.013147669485681853,0.0025354916753040756,0.05907844990366409
0.9298789029817682,0.012173101649272329,0.24398307426783578,MLES,MLES,38.67142890897276,0.018131527893358854,0.012960862022473808,0.002590823283426426,0.056739128040516604
0.9307133890754238,0.012173101649272329,0.24398307426783578,MLES,MLES,38.951261740209134,0.018295181906880432,0.013056984882972722,0.0025413434903569492,0.058436358049982894
0.9315478751690793,0.012173101649272329,0.24398307426783578,MLES,MLES,39.23109457144545,0.01833888643229092,0.013303999071056517,0.002551740504277615,0.05823169666473795
0.9323823612627348,0.012173101649272329,0.24398307426783578,MLES,MLES,39.51092740268177,0.018499896926343427,0.013227297389334543,0.0026807081109748625,0.05765682251333291
0.9332168473563903,0.012173101649272329,0.24398307426783578,MLES,MLES,39.79076023391815,0.018735058502054126,0.013145146945043564,0.002641463103261361,0.05965472504498295
0.8506027240844942,0.012173101649272329,0.24398307426783578,STCK,STCK,12.087309941520516,0.0027174488316852943,0.0036012599338034034,6.660242048103558e-6,0.02533152096518076
0.8514372101781498,0.012173101649272329,0.24398307426783578,STCK,STCK,12.367142772756836,0.0028231502875577376,0.0037138656640721872,8.363023631173491e-6,0.024935607173701867
0.8522716962718052,0.012173101649272329,0.24398307426783578,STCK,STCK,12.646975603993155,0.002759772380851676,0.0036442392598080814,8.118639925892266e-6,0.026220052502857884
0.8531061823654608,0.012173101649272329,0.24398307426783578,STCK,STCK,12.926808435229532,0.002847669133802788,0.003763450243578571,9.3492996154743e-6,0.02542619779930363
0.8539406684591163,0.012173101649272329,0.24398307426783578,STCK,STCK,13.206641266465851,0.0029119964716571483,0.0037972602226469167,1.171394756389888e-5,0.02466549969491252
0.8547751545527718,0.012173101649272329,0.24398307426783578,STCK,STCK,13.486474097702171,0.00286966014153998,0.003760517752382988,1.1384403334536827e-5,0.0265110622735703
0.8556096406464273,0.012173101649272329,0.24398307426783578,STCK,STCK,13.766306928938548,0.002886568951402547,0.0037700961982097022,8.272670381791667e-6,0.025730860514753245
0.8564441267400829,0.012173101649272329,0.24398307426783578,STCK,STCK,14.046139760174867,0.0029287438767000894,0.0038290249464747062,9.342900205818181e-6,0.025665065197261444
0.8572786128337383,0.012173101649272329,0.24398307426783578,STCK,STCK,14.325972591411187,0.0029992071926824818,0.0038909278936691345,1.207631056209949e-5,0.026980752773049694
0.8581130989273938,0.012173101649272329,0.24398307426783578,STCK,STCK,14.605805422647563,0.0029760924681806735,0.0038684181041257057,1.1462809480468437e-5,0.0255859899272786
0.8589475850210494,0.012173101649272329,0.24398307426783578,STCK,STCK,14.885638253883883,0.002970057513559856,0.003894692902262054,1.1920282195193841e-5,0.026980777747778496
0.859782071114705,0.012173101649272329,0.24398307426783578,STCK,STCK,15.16547108512026,0.002974389699778677,0.003873621281970049,1.596796254530142e-5,0.026143390296917483
0.8606165572083604,0.012173101649272329,0.24398307426783578,STCK,STCK,15.445303916356579,0.003061590285653149,0.003972306759261001,1.4547912570623133e-5,0.026389904359132674
0.8614510433020159,0.012173101649272329,0.24398307426783578,STCK,STCK,15.725136747592899,0.003171865803709051,0.004094026827822516,1.2627382897457784e-5,0.02657402264737189
0.8622855293956715,0.012173101649272329,0.24398307426783578,STCK,STCK,16.004969578829275,0.0031740650637308654,0.004078753471188455,1.7697133160008956e-5,0.02617596305998606
0.8631200154893269,0.012173101649272329,0.24398307426783578,STCK,STCK,16.284802410065595,0.0031276215854885254,0.0040162136077224134,1.3875559308854546e-5,0.027198369965109433
0.8639545015829825,0.012173101649272329,0.24398307426783578,STCK,STCK,16.564635241301914,0.0032876250041333466,0.004163232521304563,1.900067778067545e-5,0.026760233702709753
0.864788987676638,0.012173101649272329,0.24398307426783578,STCK,STCK,16.84446807253829,0.0032686703132313068,0.004179044067743345,1.4949205100687788e-5,0.027002906788129367
0.8656234737702935,0.012173101649272329,0.24398307426783578,STCK,STCK,17.12430090377461,0.003327186114867398,0.004250850852625024,1.733761527412665e-5,0.027067263045275965
0.866457959863949,0.012173101649272329,0.24398307426783578,STCK,STCK,17.40413373501093,0.0032806481345238575,0.004157809504211086,1.723569381457912e-5,0.02726720081189751
0.8672924459576046,0.012173101649272329,0.24398307426783578,STCK,STCK,17.683966566247307,0.00343029631634759,0.0042908870718346,2.2642126881263035e-5,0.02726762828311772
0.86812693205126,0.012173101649272329,0.24398307426783578,STCK,STCK,17.963799397483626,0.0033569062761540586,0.004264201577404874,1.6867475945388095e-5,0.028227074314110107
0.8689614181449156,0.012173101649272329,0.24398307426783578,STCK,STCK,18.243632228720003,0.003393854756906373,0.00431584969943309,1.881493153126584e-5,0.02747016116586619
0.8697959042385711,0.012173101649272329,0.24398307426783578,STCK,STCK,18.523465059956322,0.0034719633427004702,0.004360640793285314,2.0212614946048607e-5,0.027743754187691844
0.8706303903322266,0.012173101649272329,0.24398307426783578,STCK,STCK,18.803297891192642,0.0034997133927429846,0.00434388298940128,2.052814016621514e-5,0.027830264599914802
0.8714648764258821,0.012173101649272329,0.24398307426783578,STCK,STCK,19.08313072242902,0.003608299171024385,0.004514985635042276,2.2048449897148798e-5,0.0272414547800643
0.8722993625195377,0.012173101649272329,0.24398307426783578,STCK,STCK,19.362963553665338,0.0034365519894224697,0.004296067590330511,2.7860598669826892e-5,0.026695314339804776
0.8731338486131932,0.012173101649272329,0.24398307426783578,STCK,STCK,19.642796384901715,0.0036557905963646945,0.004540888549359215,2.770186660135032e-5,0.02793272216753536
0.8739683347068486,0.012173101649272329,0.24398307426783578,STCK,STCK,19.922629216138034,0.003595949143041179,0.004453378404882918,2.5739804506904185e-5,0.028464218660028472
0.8748028208005042,0.012173101649272329,0.24398307426783578,STCK,STCK,20.202462047374354,0.0037485408115678,0.004696393647991621,3.154907105351202e-5,0.028648767210570705
0.8756373068941598,0.012173101649272329,0.24398307426783578,STCK,STCK,20.48229487861073,0.0038290061406247096,0.004673137551015936,2.9193257275615013e-5,0.028274007671738082
0.8764717929878152,0.012173101649272329,0.24398307426783578,STCK,STCK,20.76212770984705,0.0037302711641575836,0.004577209951847377,3.183111167215735e-5,0.027297537934226276
0.8773062790814707,0.012173101649272329,0.24398307426783578,STCK,STCK,21.04196054108337,0.003816575953200884,0.004645288867589619,3.259931068860052e-5,0.028424112497180982
0.8781407651751263,0.012173101649272329,0.24398307426783578,STCK,STCK,21.321793372319746,0.0038678583193258974,0.004717695792877608,3.834043373808881e-5,0.02793280501328421
0.8789752512687817,0.012173101649272329,0.24398307426783578,STCK,STCK,21.601626203556066,0.003927845865169109,0.004797453323448281,3.919975900605996e-5,0.029352300967464953
0.8798097373624373,0.012173101649272329,0.24398307426783578,STCK,STCK,21.881459034792385,0.003974937997613284,0.0047952093649993475,4.145191889400459e-5,0.02838025696827011
0.8806442234560928,0.012173101649272329,0.24398307426783578,STCK,STCK,22.161291866028762,0.004023347346155236,0.004796461788703245,4.085296310444103e-5,0.028462602480870233
0.8814787095497483,0.012173101649272329,0.24398307426783578,STCK,STCK,22.44112469726508,0.0040500004981342905,0.0048727755595364955,4.056645418083631e-5,0.02838161105338668
0.8823131956434038,0.012173101649272329,0.24398307426783578,STCK,STCK,22.7209575285014,0.004076342531608203,0.004928446769609521,3.783606264015358e-5,0.029468799413500727
0.8831476817370594,0.012173101649272329,0.24398307426783578,STCK,STCK,23.000790359737778,0.004135681689563207,0.004946613574139476,3.962951081559709e-5,0.027782798604658973
0.8839821678307148,0.012173101649272329,0.24398307426783578,STCK,STCK,23.280623190974097,0.004206755059577329,0.0050003050389391904,4.681710605700089e-5,0.029280437079295146
0.8848166539243704,0.012173101649272329,0.24398307426783578,STCK,STCK,23.560456022210417,0.003973138279792249,0.004838137004141673,4.422135878048881e-5,0.02911650885341
0.8856511400180259,0.012173101649272329,0.24398307426783578,STCK,STCK,23.840288853446793,0.0041661792535418185,0.004962378453299962,5.53298965818203e-5,0.02909847423855224
0.8864856261116814,0.012173101649272329,0.24398307426783578,STCK,STCK,24.120121684683113,0.004224247374338252,0.0050687424464824025,4.641818132028605e-5,0.028851370493679872
0.8873201122053369,0.012173101649272329,0.24398307426783578,STCK,STCK,24.399954515919433,0.004234037905713377,0.005059708774930941,5.6917357413160555e-5,0.029426996056726894
0.8881545982989925,0.012173101649272329,0.24398307426783578,STCK,STCK,24.67978734715581,0.004454364197897081,0.005158338883464302,5.183788486361908e-5,0.030615347087088768
0.888989084392648,0.012173101649272329,0.24398307426783578,STCK,STCK,24.95962017839213,0.004458844504006259,0.005221126703804616,5.580136926716107e-5,0.029556034342739818
0.8898235704863035,0.012173101649272329,0.24398307426783578,STCK,STCK,25.23945300962845,0.004497826391364345,0.0052213431835931605,5.2975184365627806e-5,0.02942631090826116
0.890658056579959,0.012173101649272329,0.24398307426783578,STCK,STCK,25.519285840864825,0.004504121028700412,0.00526298967219551,6.018604608405394e-5,0.030343693779413972
0.8914925426736146,0.012173101649272329,0.24398307426783578,STCK,STCK,25.799118672101145,0.004601818857203838,0.005279123146903723,7.056158006692001e-5,0.030888707011034366
0.89232702876727,0.012173101649272329,0.24398307426783578,STCK,STCK,26.078951503337464,0.004539737260504971,0.005318163215131144,5.543969297378006e-5,0.030609896725886043
0.8931615148609255,0.012173101649272329,0.24398307426783578,STCK,STCK,26.35878433457384,0.004559491008044722,0.005280588503681032,6.533194966515377e-5,0.029752674125771074
0.8939960009545811,0.012173101649272329,0.24398307426783578,STCK,STCK,26.63861716581016,0.004814104722167514,0.0056107018660039925,6.573673367617638e-5,0.03102792580804616
0.8948304870482365,0.012173101649272329,0.24398307426783578,STCK,STCK,26.91844999704648,0.004662494593134409,0.005452157584567848,7.28408948366008e-5,0.03040219083170864
0.8956649731418921,0.012173101649272329,0.24398307426783578,STCK,STCK,27.198282828282856,0.004626892639813118,0.005328585943738151,7.021456633875224e-5,0.03095035326005439
0.8964994592355476,0.012173101649272329,0.24398307426783578,STCK,STCK,27.478115659519176,0.004862116517441478,0.005619122629171824,8.150991945811734e-5,0.03086078445285167
0.8973339453292031,0.012173101649272329,0.24398307426783578,STCK,STCK,27.757948490755496,0.0048829915698918825,0.005641301973833007,7.193498641141152e-5,0.030902880355225208
0.8981684314228586,0.012173101649272329,0.24398307426783578,STCK,STCK,28.037781321991872,0.004746598556380861,0.005499042517814517,7.744677413802085e-5,0.03176725959276863
0.8990029175165142,0.012173101649272329,0.24398307426783578,STCK,STCK,28.31761415322819,0.004912280332801079,0.005556513066781471,8.783940895272118e-5,0.03137911682595012
0.8998374036101697,0.012173101649272329,0.24398307426783578,STCK,STCK,28.59744698446457,0.005111070205626386,0.005768124143100812,8.862829340247253e-5,0.03148043805093179
0.9006718897038252,0.012173101649272329,0.24398307426783578,STCK,STCK,28.877279815700888,0.005076082322023612,0.005641972280497082,9.011690041517335e-5,0.030630021365265832
0.9015063757974807,0.012173101649272329,0.24398307426783578,STCK,STCK,29.157112646937208,0.005182776754947695,0.005805182474956186,9.667642206068272e-5,0.03133569202391161
0.9023408618911363,0.012173101649272329,0.24398307426783578,STCK,STCK,29.436945478173584,0.005207875560239436,0.0058137292409314425,1.0342806296215325e-4,0.03141743098827756
0.9031753479847917,0.012173101649272329,0.24398307426783578,STCK,STCK,29.716778309409904,0.0053154463869884636,0.005991447100457988,1.0138406476808231e-4,0.03170640221928563
0.9040098340784473,0.012173101649272329,0.24398307426783578,STCK,STCK,29.996611140646223,0.005186030194184073,0.00581148703957081,1.1953795048751394e-4,0.03215435275912339
0.9048443201721028,0.012173101649272329,0.24398307426783578,STCK,STCK,30.2764439718826,0.005223550487873671,0.005766724040122016,1.0139364281181502e-4,0.031125541067048026
0.9056788062657583,0.012173101649272329,0.24398307426783578,STCK,STCK,30.55627680311892,0.005323318439923161,0.0059630017937788915,9.867050860217077e-5,0.03147599696942737
0.9065132923594138,0.012173101649272329,0.24398307426783578,STCK,STCK,30.836109634355296,0.0052976338836994066,0.005847675418005946,1.194418092221501e-4,0.032065159632781455
0.9073477784530694,0.012173101649272329,0.24398307426783578,STCK,STCK,31.115942465591615,0.005566605043380272,0.0061629966541788105,1.0649139660525963e-4,0.032379193451686814
0.9081822645467248,0.012173101649272329,0.24398307426783578,STCK,STCK,31.395775296827935,0.005528470394796943,0.0060877417253915,1.0538214607390334e-4,0.03281709772558908
0.9090167506403803,0.012173101649272329,0.24398307426783578,STCK,STCK,31.67560812806431,0.005476697884283,0.006056953263584832,1.1043216709409159e-4,0.03281154915248125
0.9098512367340359,0.012173101649272329,0.24398307426783578,STCK,STCK,31.95544095930063,0.0056643077285881156,0.006212943008392797,1.3579904884364506e-4,0.03345304290635904
0.9106857228276913,0.012173101649272329,0.24398307426783578,STCK,STCK,32.23527379053695,0.005779854864875055,0.006212424288049835,1.3060584319002683e-4,0.03323505108189079
0.9115202089213469,0.012173101649272329,0.24398307426783578,STCK,STCK,32.51510662177333,0.005752319403968784,0.006184179293894544,1.3247266123553414e-4,0.032360817558315554
0.9123546950150024,0.012173101649272329,0.24398307426783578,STCK,STCK,32.79493945300965,0.005771791756767132,0.006201087142267684,1.6283275071245036e-4,0.0331174717871109
0.9131891811086579,0.012173101649272329,0.24398307426783578,STCK,STCK,33.07477228424597,0.005918364690631577,0.006352881300472166,1.2095323992990674e-4,0.03283797483819349
0.9140236672023134,0.012173101649272329,0.24398307426783578,STCK,STCK,33.35460511548234,0.006025467567477072,0.0064275773270312106,1.4471758794734445e-4,0.03274170792428081
0.914858153295969,0.012173101649272329,0.24398307426783578,STCK,STCK,33.63443794671866,0.005809709044030086,0.006257449676373786,1.4131592115272963e-4,0.033415244303824074
0.9156926393896245,0.012173101649272329,0.24398307426783578,STCK,STCK,33.91427077795504,0.006056722317350452,0.006470245803203751,1.5032419116315027e-4,0.033428305646699956
0.91652712548328,0.012173101649272329,0.24398307426783578,STCK,STCK,34.19410360919136,0.005852567648622091,0.006208074884731018,1.453384648308427e-4,0.03373558989138029
0.9173616115769355,0.012173101649272329,0.24398307426783578,STCK,STCK,34.47393644042768,0.006136366371350058,0.006522481265189101,1.5839080166763254e-4,0.03408328972655843
0.9181960976705911,0.012173101649272329,0.24398307426783578,STCK,STCK,34.753769271664055,0.0062916081797365995,0.006561912119703461,1.6196240412048846e-4,0.03424645620356138
0.9190305837642465,0.012173101649272329,0.24398307426783578,STCK,STCK,35.033602102900375,0.0063108429219432115,0.0067109336616178305,1.4977011592340976e-4,0.034287243447289374
0.9198650698579021,0.012173101649272329,0.24398307426783578,STCK,STCK,35.313434934136694,0.006300323915803792,0.006778731252491351,1.5234242209033317e-4,0.03415491205900165
0.9206995559515576,0.012173101649272329,0.24398307426783578,STCK,STCK,35.59326776537307,0.0065383195025189005,0.006852070313040418,1.9456991033725606e-4,0.034465394197132106
0.921534042045213,0.012173101649272329,0.24398307426783578,STCK,STCK,35.87310059660939,0.006506821235046383,0.006831497654289346,1.7278375591894956e-4,0.03392257017089711
0.9223685281388686,0.012173101649272329,0.24398307426783578,STCK,STCK,36.15293342784571,0.006611051251813122,0.00696781292925346,1.6892925371036918e-4,0.03495650624344136
0.9232030142325242,0.012173101649272329,0.24398307426783578,STCK,STCK,36.432766259082086,0.006595145972477101,0.006840363373538561,1.799253082954128e-4,0.03408622465719073
0.9240375003261796,0.012173101649272329,0.24398307426783578,STCK,STCK,36.712599090318406,0.006554487225635303,0.006921691419655849,1.845808806537778e-4,0.03539417207207556
0.9248719864198351,0.012173101649272329,0.24398307426783578,STCK,STCK,36.992431921554726,0.0064863403838034805,0.006814810979467536,2.034933330694621e-4,0.0349725249812927
0.9257064725134907,0.012173101649272329,0.24398307426783578,STCK,STCK,37.2722647527911,0.006527913097526461,0.006866114455625517,1.8997909332422902e-4,0.03457423057013805
0.9265409586071462,0.012173101649272329,0.24398307426783578,STCK,STCK,37.55209758402742,0.006714791690333805,0.007009282353600618,1.9827470625670188e-4,0.034168458176257785
0.9273754447008017,0.012173101649272329,0.24398307426783578,STCK,STCK,37.83193041526374,0.006770310155211921,0.007003512170953565,2.0821776322669036e-4,0.03499929210044126
0.9282099307944572,0.012173101649272329,0.24398307426783578,STCK,STCK,38.11176324650012,0.0068822358495904895,0.007091975693888895,2.2365689065811332e-4,0.03530313907214624
0.9290444168881127,0.012173101649272329,0.24398307426783578,STCK,STCK,38.39159607773644,0.006823006813192332,0.006937146649797081,2.28498799504022e-4,0.036385100467202586
0.9298789029817682,0.012173101649272329,0.24398307426783578,STCK,STCK,38.67142890897276,0.0069366123009191845,0.007116468524987886,2.3319845131486336e-4,0.036211426430512686
0.9307133890754238,0.012173101649272329,0.24398307426783578,STCK,STCK,38.951261740209134,0.0070713295152306736,0.007262265276512013,2.4293603169516415e-4,0.03641422849524889
0.9315478751690793,0.012173101649272329,0.24398307426783578,STCK,STCK,39.23109457144545,0.007298265326209705,0.007402598957176663,2.4864193984499655e-4,0.036196151302492624
0.9323823612627348,0.012173101649272329,0.24398307426783578,STCK,STCK,39.51092740268177,0.007211165045800294,0.0073019129794113825,2.509433470427022e-4,0.03643242266401427
0.9332168473563903,0.012173101649272329,0.24398307426783578,STCK,STCK,39.79076023391815,0.007278803609841873,0.007310361042143542,2.6817723527701296e-4,0.03634475595123085
