FMC_nor,CO2_resp_rate,site,cond__,effect1__,estimate__,se__,lower__,upper__
0.00719006212537868,0.01022053646911867,PNW,PNW,3.148767873440837,6.323267009962481e-4,9.304378635365668e-4,2.7912000626212403e-8,0.01468091758081814
0.01721844533623344,0.01022053646911867,PNW,PNW,7.540531160914497,6.201053195233633e-4,9.1371052654649e-4,3.1365621123809885e-8,0.01486642081091211
0.02724682854708821,0.01022053646911867,PNW,PNW,11.932294448388163,6.397168472689687e-4,9.409609426259524e-4,3.1077076384219755e-8,0.01439820451568471
0.03727521175794297,0.01022053646911867,PNW,PNW,16.324057735861825,6.834194987456917e-4,0.00100465211214702,3.0792009776334e-8,0.01474272867752137
0.04730359496879773,0.01022053646911867,PNW,PNW,20.715821023335486,7.055510660361246e-4,0.00103716527739039,4.954763239390607e-8,0.0153407560980148
0.05733197817965248,0.01022053646911867,PNW,PNW,25.10758431080914,6.767003405990714e-4,9.958175629616614e-4,3.6472685164255386e-8,0.01469435324944304
0.06736036139050726,0.01022053646911867,PNW,PNW,29.499347598282814,7.172375053070164e-4,0.00105272537996092,6.36014710250348e-8,0.01509962820252264
0.07738874460136201,0.01022053646911867,PNW,PNW,33.89111088575647,7.170694049881592e-4,0.00105235155505009,7.568729440703422e-8,0.01521232358347624
0.08741712781221678,0.01022053646911867,PNW,PNW,38.282874173230134,7.831077681124948e-4,0.0011487810777625,7.317122799182934e-8,0.01520925551632309
0.09744551102307154,0.01022053646911867,PNW,PNW,42.6746374607038,7.505470502129363e-4,0.00109909007661411,6.198296297758828e-8,0.01520491778258363
0.1074738942339263,0.01022053646911867,PNW,PNW,47.06640074817746,7.724758448497296e-4,0.00113129588329477,1.2175162281888e-7,0.01511731303181487
0.11750227744478106,0.01022053646911867,PNW,PNW,51.45816403565112,7.735884941651948e-4,0.0011307521796196,1.0841242756832738e-7,0.0152647353635204
0.1275306606556358,0.01022053646911867,PNW,PNW,55.84992732312478,7.941236304742638e-4,0.00116041813865925,1.0679793518526425e-7,0.01523413436111354
0.13755904386649057,0.01022053646911867,PNW,PNW,60.24169061059843,7.977389242092726e-4,0.00116761438682013,1.308554588365799e-7,0.01583009770011682
0.14758742707734532,0.01022053646911867,PNW,PNW,64.63345389807209,8.377972266259298e-4,0.00122328779095116,1.2506904282338062e-7,0.01564423309565787
0.1576158102882001,0.01022053646911867,PNW,PNW,69.02521718554577,8.233054712500121e-4,0.00120661793196353,1.1670945912813288e-7,0.01616056972289776
0.16764419349905485,0.01022053646911867,PNW,PNW,73.41698047301942,8.69518379795692e-4,0.00126752478922533,1.2711467559983244e-7,0.01628051042607846
0.1776725767099096,0.01022053646911867,PNW,PNW,77.80874376049307,9.234343404844768e-4,0.00134405938750548,1.6148844109172386e-7,0.01603300597390821
0.1877009599207644,0.01022053646911867,PNW,PNW,82.20050704796677,8.619700643790514e-4,0.00125019133625044,1.7109235561415405e-7,0.01574063413237174
0.1977293431316191,0.01022053646911867,PNW,PNW,86.59227033544039,9.478134099269952e-4,0.00137647442610437,2.1179895459167405e-7,0.01656587413006299
0.2077577263424739,0.01022053646911867,PNW,PNW,90.98403362291407,9.063190503805556e-4,0.00131873302607288,1.321363811735744e-7,0.01547682594632876
0.21778610955332867,0.01022053646911867,PNW,PNW,95.37579691038773,9.72066185053782e-4,0.0014094027015844,2.069457161938354e-7,0.01616915324471249
0.22781449276418345,0.01022053646911867,PNW,PNW,99.7675601978614,9.767609159705651e-4,0.0014131099518669,2.057591362392328e-7,0.01552966167484783
0.23784287597503817,0.01022053646911867,PNW,PNW,104.15932348533505,9.624681200628836e-4,0.0013954318941058,2.404107000646688e-7,0.01671247345894514
0.24787125918589295,0.01022053646911867,PNW,PNW,108.55108677280872,0.00101284663257338,0.00146663221894876,3.056662971170269e-7,0.01683255626180099
0.25789964239674773,0.01022053646911867,PNW,PNW,112.9428500602824,0.00101998222440261,0.00147003582145827,3.434495739143557e-7,0.01623992345936993
0.2679280256076025,0.01022053646911867,PNW,PNW,117.33461334775605,0.00104044986190425,0.00150192250743335,3.55378320275815e-7,0.01653992088844622
0.27795640881845723,0.01022053646911867,PNW,PNW,121.72637663522971,0.00104862821855101,0.00150424338246477,3.56174744169045e-7,0.01679159022449656
0.287984792029312,0.01022053646911867,PNW,PNW,126.11813992270336,0.00108920301542824,0.00156597132095873,4.2554455695837643e-7,0.01744554615903756
0.2980131752401668,0.01022053646911867,PNW,PNW,130.50990321017704,0.00104902023973442,0.00151575348750784,2.7934365197035345e-7,0.01665056985410249
0.30804155845102155,0.01022053646911867,PNW,PNW,134.9016664976507,0.00110768287589567,0.00158967519577659,3.8901976628559523e-7,0.01710379277924071
0.3180699416618763,0.01022053646911867,PNW,PNW,139.29342978512437,0.00115587100024577,0.00165289160307136,3.545195272361402e-7,0.01702194370601606
0.32809832487273105,0.01022053646911867,PNW,PNW,143.68519307259803,0.00116656685020032,0.0016629835444856,5.105345667132364e-7,0.01674824800298815
0.3381267080835858,0.01022053646911867,PNW,PNW,148.07695636007168,0.00109171536576335,0.00156788904001991,4.6518103500021396e-7,0.01741661869546109
0.34815509129444056,0.01022053646911867,PNW,PNW,152.46871964754533,0.00118776589009803,0.00169425836679414,7.267276743519664e-7,0.01693594050229699
0.3581834745052953,0.01022053646911867,PNW,PNW,156.86048293501898,0.00123891514434458,0.00177475025580609,8.567628806882304e-7,0.01682156815561581
0.3682118577161501,0.01022053646911867,PNW,PNW,161.2522462224927,0.00120312862217803,0.00172502277109894,5.703256712522896e-7,0.01679578960268151
0.37824024092700487,0.01022053646911867,PNW,PNW,165.64400950996634,0.00133952858496579,0.00189372406460255,6.130304310768562e-7,0.01737123896665526
0.3882686241378596,0.01022053646911867,PNW,PNW,170.03577279744,0.00130209278394186,0.0018323574052049,7.990830791619846e-7,0.01715665523700451
0.3982970073487144,0.01022053646911867,PNW,PNW,174.42753608491367,0.00133348210853058,0.00189239449461832,7.569924973206338e-7,0.01774760201840762
0.4083253905595691,0.01022053646911867,PNW,PNW,178.81929937238732,0.0012633330628153,0.00179763252028485,9.147681269506396e-7,0.01740688691081588
0.4183537737704239,0.01022053646911867,PNW,PNW,183.21106265986097,0.00138317741008729,0.00196101492312728,6.839525852676335e-7,0.01833420348664221
0.4283821569812787,0.01022053646911867,PNW,PNW,187.60282594733465,0.00133867763586032,0.00187591911889629,1.0046872297479731e-6,0.01767419376277772
0.43841054019213344,0.01022053646911867,PNW,PNW,191.9945892348083,0.00143960067352688,0.00202347602653995,1.263219703815789e-6,0.01801770281712824
0.4484389234029882,0.01022053646911867,PNW,PNW,196.38635252228195,0.00145088910609108,0.00203403409782027,1.1917584021127738e-6,0.01820243680997264
0.45846730661384294,0.01022053646911867,PNW,PNW,200.77811580975563,0.00146488149184063,0.00206526361570037,1.4636783844199829e-6,0.01853220518540053
0.4684956898246977,0.01022053646911867,PNW,PNW,205.16987909722928,0.00147655250903297,0.00207323879818884,1.1294985331896691e-6,0.01790820788615484
0.4785240730355525,0.01022053646911867,PNW,PNW,209.56164238470296,0.00148277658086204,0.00207115310429246,1.0950144689132437e-6,0.0180969533035927
0.4885524562464073,0.01022053646911867,PNW,PNW,213.95340567217664,0.00145668092552553,0.00204496611155808,1.360300433202173e-6,0.0174261516414001
0.498580839457262,0.01022053646911867,PNW,PNW,218.34516895965027,0.00161275053974858,0.0022502934838515,1.8439109377494192e-6,0.0186586526424387
0.5086092226681167,0.01022053646911867,PNW,PNW,222.73693224712392,0.00155597890961131,0.00217381826537545,1.8877836498734047e-6,0.01851697543828197
0.5186376058789715,0.01022053646911867,PNW,PNW,227.12869553459757,0.00168709659638421,0.00233034896096536,1.965304941471278e-6,0.01894028325417808
0.5286659890898262,0.01022053646911867,PNW,PNW,231.52045882207122,0.00163297524210245,0.00227179738610128,1.8628345237302376e-6,0.01852233759036926
0.538694372300681,0.01022053646911867,PNW,PNW,235.91222210954487,0.00174534754935778,0.00241678086314181,2.154340469480598e-6,0.01907108402921951
0.5487227555115357,0.01022053646911867,PNW,PNW,240.30398539701855,0.00169564390223958,0.00236337633284959,2.045066349569026e-6,0.01972986528356915
0.5587511387223905,0.01022053646911867,PNW,PNW,244.6957486844922,0.00175605349835316,0.00240466076204046,2.2338550116028192e-6,0.01930629323094682
0.5687795219332452,0.01022053646911867,PNW,PNW,249.08751197196585,0.00175008920917941,0.0024192310222228,2.2913960416272844e-6,0.01946261597741324
0.5788079051441,0.01022053646911867,PNW,PNW,253.4792752594395,0.00175579309281606,0.0024007167719394,2.574707550529275e-6,0.01909504090182024
0.5888362883549548,0.01022053646911867,PNW,PNW,257.8710385469132,0.00178913849417533,0.00246001048689623,2.5897893678363496e-6,0.01898934215549599
0.5988646715658096,0.01022053646911867,PNW,PNW,262.2628018343869,0.00186544746947769,0.00252629373036719,2.3843591380581422e-6,0.01987954575016468
0.6088930547766643,0.01022053646911867,PNW,PNW,266.6545651218605,0.0018528541658224,0.0025268934066064,4.265383080334173e-6,0.01980295278002905
0.6189214379875191,0.01022053646911867,PNW,PNW,271.0463284093342,0.00186434379428371,0.00255760818559197,3.191342837120943e-6,0.01939939963836767
0.6289498211983738,0.01022053646911867,PNW,PNW,275.4380916968079,0.00189830331855893,0.00257783280356631,3.927143351511546e-6,0.02002555287425569
0.6389782044092286,0.01022053646911867,PNW,PNW,279.8298549842815,0.00201260133476126,0.00272040162340571,3.82288297418282e-6,0.02018094453967028
0.6490065876200833,0.01022053646911867,PNW,PNW,284.2216182717552,0.00198399746147423,0.00269043290622472,3.486652359559319e-6,0.02028349642825587
0.6590349708309381,0.01022053646911867,PNW,PNW,288.6133815592288,0.00198681633018018,0.00266918306786058,3.590203967043751e-6,0.02009082069222443
0.6690633540417928,0.01022053646911867,PNW,PNW,293.0051448467025,0.00201892003538606,0.00274244353537366,3.3343224914630072e-6,0.02045308045046348
0.6790917372526476,0.01022053646911867,PNW,PNW,297.39690813417616,0.0020883307578995,0.0028111822214969,4.258979903834807e-6,0.02016667763841981
0.6891201204635024,0.01022053646911867,PNW,PNW,301.7886714216498,0.0020538070960656,0.00276351277882909,4.728011934528072e-6,0.02096510133150834
0.6991485036743571,0.01022053646911867,PNW,PNW,306.18043470912346,0.00214804634363955,0.00289565055926561,4.898090376606273e-6,0.02118565480242817
0.7091768868852119,0.01022053646911867,PNW,PNW,310.57219799659714,0.00213871871746994,0.00284509926060349,6.247291812679945e-6,0.02047634531059114
0.7192052700960667,0.01022053646911867,PNW,PNW,314.9639612840708,0.00217479001614933,0.00290482544777356,5.805747377598237e-6,0.02043709579896843
0.7292336533069215,0.01022053646911867,PNW,PNW,319.3557245715445,0.00223848546115781,0.00296255472173375,4.946106029570433e-6,0.02018634574115724
0.7392620365177762,0.01022053646911867,PNW,PNW,323.7474878590181,0.00227696231886755,0.00303550403491685,4.533436662857295e-6,0.02030948816003914
0.749290419728631,0.01022053646911867,PNW,PNW,328.1392511464918,0.00230517014936892,0.00305810063816662,6.002144806507505e-6,0.02050414392888069
0.7593188029394857,0.01022053646911867,PNW,PNW,332.5310144339654,0.00234964899269953,0.00310052705499659,5.967852548607666e-6,0.02126041083874655
0.7693471861503405,0.01022053646911867,PNW,PNW,336.9227777214391,0.00232363448240595,0.00305228801510588,6.280053402017024e-6,0.02052417817357993
0.7793755693611952,0.01022053646911867,PNW,PNW,341.3145410089128,0.00240851046651394,0.00318663291212902,6.291350059665872e-6,0.02170141816409036
0.78940395257205,0.01022053646911867,PNW,PNW,345.7063042963864,0.00238792281166136,0.00314787340712278,6.603302951032504e-6,0.0220347328300904
0.7994323357829047,0.01022053646911867,PNW,PNW,350.0980675838601,0.002528883208676,0.00330992423910516,1.0010201235958651e-5,0.02235172657027658
0.8094607189937595,0.01022053646911867,PNW,PNW,354.48983087133377,0.00247285952656256,0.00324439895316199,6.611104943743413e-6,0.02154283925500664
0.8194891022046142,0.01022053646911867,PNW,PNW,358.8815941588074,0.00259933427764306,0.00340753422682797,9.472768762607184e-6,0.02231646117963555
0.829517485415469,0.01022053646911867,PNW,PNW,363.27335744628107,0.00261773162207853,0.00336858520247296,8.912754703615778e-6,0.02133710637029124
0.8395458686263237,0.01022053646911867,PNW,PNW,367.6651207337547,0.00266830674233486,0.00346051871692385,8.44756863156413e-6,0.02239223534714212
0.8495742518371786,0.01022053646911867,PNW,PNW,372.0568840212284,0.00265589948833704,0.00340920994161217,8.813611742207553e-6,0.02276897973059195
0.8596026350480334,0.01022053646911867,PNW,PNW,376.4486473087021,0.00267840131138573,0.0034693738674938,9.738795796872071e-6,0.0221771419097432
0.8696310182588881,0.01022053646911867,PNW,PNW,380.84041059617573,0.00275420329015771,0.00356426730469922,1.1570944414583442e-5,0.02304107453006671
0.8796594014697429,0.01022053646911867,PNW,PNW,385.2321738836494,0.00269863919863641,0.00346113556902462,1.3504816572113565e-5,0.02277125683975641
0.8896877846805976,0.01022053646911867,PNW,PNW,389.62393717112303,0.00288014296596365,0.00366261143940567,1.248682150325787e-5,0.02329613415460903
0.8997161678914524,0.01022053646911867,PNW,PNW,394.0157004585967,0.00284330988897863,0.00363302951122996,1.1142586680138296e-5,0.02323649174213651
0.9097445511023072,0.01022053646911867,PNW,PNW,398.4074637460704,0.00294384443229938,0.00372925593614666,1.0426173010231304e-5,0.02278438188478136
0.919772934313162,0.01022053646911867,PNW,PNW,402.79922703354407,0.0030096158339545,0.00384679669487218,1.0759973680723972e-5,0.02325261508560738
0.9298013175240166,0.01022053646911867,PNW,PNW,407.1909903210177,0.00300106049052663,0.00382791635927598,1.3306499243697792e-5,0.02364211374015155
0.9398297007348714,0.01022053646911867,PNW,PNW,411.5827536084913,0.00305623324440943,0.00385588709871667,1.337181041658701e-5,0.02316835921616337
0.949858083945726,0.01022053646911867,PNW,PNW,415.97451689596494,0.00303347492875814,0.00384462040909242,1.6316416997178064e-5,0.02312564801949712
0.9598864671565808,0.01022053646911867,PNW,PNW,420.3662801834386,0.00296932501570985,0.00374671492575151,1.697345903800784e-5,0.02406821800022645
0.9699148503674356,0.01022053646911867,PNW,PNW,424.7580434709123,0.00315811580399171,0.00399609650395694,1.9578213762076292e-5,0.02485979109354704
0.9799432335782904,0.01022053646911867,PNW,PNW,429.149806758386,0.00329766879659348,0.00412842592902725,1.8253209157902664e-5,0.02323776283374996
0.9899716167891452,0.01022053646911867,PNW,PNW,433.54157004585966,0.00331449000290188,0.00412982011740075,1.3157013271082603e-5,0.02449854050048358
1,0.01022053646911867,PNW,PNW,437.93333333333334,0.00329105061799969,0.00409270621928145,1.7869550655771697e-5,0.024594453265016
0.00719006212537868,0.01022053646911867,DRO,DRO,3.148767873440837,0.01175857954452121,0.00893948952305901,0.00143768154847487,0.0412888531724247
0.01721844533623344,0.01022053646911867,DRO,DRO,7.540531160914497,0.01186182057420594,0.00900965895371684,0.00145868413271906,0.04046194394125177
0.02724682854708821,0.01022053646911867,DRO,DRO,11.932294448388163,0.01204986812921478,0.00915857860281238,0.00155594500893251,0.04332861444118109
0.03727521175794297,0.01022053646911867,DRO,DRO,16.324057735861825,0.01229501755186308,0.00913743843094996,0.00150990254372739,0.04247083672901525
0.04730359496879773,0.01022053646911867,DRO,DRO,20.715821023335486,0.01233842003842024,0.00912536461768226,0.00152935655132857,0.04150842499736821
0.05733197817965248,0.01022053646911867,DRO,DRO,25.10758431080914,0.01245345143121006,0.00916425262247411,0.00170706674216208,0.04132131959997706
0.06736036139050726,0.01022053646911867,DRO,DRO,29.499347598282814,0.01277933685157989,0.00926608600506837,0.00158719797882709,0.04142163262445168
0.07738874460136201,0.01022053646911867,DRO,DRO,33.89111088575647,0.01268481625295871,0.00937538478193424,0.00165228490647095,0.04197930133634098
0.08741712781221678,0.01022053646911867,DRO,DRO,38.282874173230134,0.0128752009513023,0.00931132863291361,0.00179663499821106,0.04232391457635273
0.09744551102307154,0.01022053646911867,DRO,DRO,42.6746374607038,0.01292576679733427,0.00936335939817226,0.00178712596972632,0.04347101516398079
0.1074738942339263,0.01022053646911867,DRO,DRO,47.06640074817746,0.01314288754963036,0.00939344324118988,0.00184609799780072,0.04328810616216454
0.11750227744478106,0.01022053646911867,DRO,DRO,51.45816403565112,0.01342118425865426,0.00949857509253378,0.00180459976640859,0.0424249292176256
0.1275306606556358,0.01022053646911867,DRO,DRO,55.84992732312478,0.01336774635862541,0.00953124407986003,0.00201145082601461,0.0439029706274019
0.13755904386649057,0.01022053646911867,DRO,DRO,60.24169061059843,0.01353619543921313,0.00976911764108522,0.00190745501688579,0.04435467630281584
0.14758742707734532,0.01022053646911867,DRO,DRO,64.63345389807209,0.01346256254573581,0.00958007951450327,0.00203088170425474,0.04304714722917186
0.1576158102882001,0.01022053646911867,DRO,DRO,69.02521718554577,0.01394831759049193,0.00988985473295134,0.00208200477285637,0.04380521746582497
0.16764419349905485,0.01022053646911867,DRO,DRO,73.41698047301942,0.01382705335372062,0.00969210084035194,0.00208920465429105,0.04380429037527746
0.1776725767099096,0.01022053646911867,DRO,DRO,77.80874376049307,0.01393509454481733,0.00996326707280487,0.00210144969749312,0.04394462209503608
0.1877009599207644,0.01022053646911867,DRO,DRO,82.20050704796677,0.01417692656684207,0.00976025205858118,0.00233881229744445,0.04403135315532137
0.1977293431316191,0.01022053646911867,DRO,DRO,86.59227033544039,0.01443021210504571,0.00986895708473544,0.00238441197057594,0.04513345144129103
0.2077577263424739,0.01022053646911867,DRO,DRO,90.98403362291407,0.01424027149572541,0.0096222162879435209,0.00244260709256471,0.04433397531164977
0.21778610955332867,0.01022053646911867,DRO,DRO,95.37579691038773,0.01468059238218734,0.00991152953685738,0.00245001506974736,0.04641284203981234
0.22781449276418345,0.01022053646911867,DRO,DRO,99.7675601978614,0.01464645801503735,0.00989457003382893,0.00240240772714337,0.04509797519228931
0.23784287597503817,0.01022053646911867,DRO,DRO,104.15932348533505,0.01490660098126474,0.01018329565765893,0.00233715680180474,0.04566486296172906
0.24787125918589295,0.01022053646911867,DRO,DRO,108.55108677280872,0.01502735137338861,0.01022976484891859,0.0023525692715205,0.04505173882341666
0.25789964239674773,0.01022053646911867,DRO,DRO,112.9428500602824,0.01479952405469676,0.01008597285575679,0.00256117910500572,0.0457367213382926
0.2679280256076025,0.01022053646911867,DRO,DRO,117.33461334775605,0.01525913164871365,0.01002448822675257,0.00254335919038507,0.04565609797230018
0.27795640881845723,0.01022053646911867,DRO,DRO,121.72637663522971,0.01528915490708185,0.01016968585796495,0.00261818997577538,0.04697296859080543
0.287984792029312,0.01022053646911867,DRO,DRO,126.11813992270336,0.01552039134927007,0.0104138685819828,0.00262000297482428,0.04642552762741534
0.2980131752401668,0.01022053646911867,DRO,DRO,130.50990321017704,0.0156102724767803,0.01019711248943424,0.00265648354857606,0.04759428867516487
0.30804155845102155,0.01022053646911867,DRO,DRO,134.9016664976507,0.01567119168920533,0.01035770047181392,0.00289014454009101,0.04631986825735751
0.3180699416618763,0.01022053646911867,DRO,DRO,139.29342978512437,0.01593889882297689,0.01044937598725339,0.00282046443209335,0.04709466911377678
0.32809832487273105,0.01022053646911867,DRO,DRO,143.68519307259803,0.01631911297915307,0.01060635616895119,0.0028349005036715,0.04712343747829669
0.3381267080835858,0.01022053646911867,DRO,DRO,148.07695636007168,0.01623004926359479,0.0102377814824776,0.00297493799914313,0.04780591693727049
0.34815509129444056,0.01022053646911867,DRO,DRO,152.46871964754533,0.01647824887175191,0.01082305350066997,0.00317515905495334,0.04839865705398868
0.3581834745052953,0.01022053646911867,DRO,DRO,156.86048293501898,0.01654060397645638,0.01079956499773465,0.0030882104302498,0.04776422917032831
0.3682118577161501,0.01022053646911867,DRO,DRO,161.2522462224927,0.01669412503903345,0.01075727924185857,0.0030924028549351,0.04888588696760154
0.37824024092700487,0.01022053646911867,DRO,DRO,165.64400950996634,0.01692123414123916,0.01073828498432341,0.00318446564982955,0.04781757150183936
0.3882686241378596,0.01022053646911867,DRO,DRO,170.03577279744,0.01694617749036189,0.01096063315015685,0.00306434347638387,0.04867351310685106
0.3982970073487144,0.01022053646911867,DRO,DRO,174.42753608491367,0.01701207537271786,0.01073183587151863,0.00322726217609575,0.04888739345677911
0.4083253905595691,0.01022053646911867,DRO,DRO,178.81929937238732,0.0172829498076496,0.01074697383243712,0.00349748541571281,0.04914873531665793
0.4183537737704239,0.01022053646911867,DRO,DRO,183.21106265986097,0.0176312131162624,0.01090745343964333,0.00360542424411449,0.04909972516136289
0.4283821569812787,0.01022053646911867,DRO,DRO,187.60282594733465,0.01747381685087061,0.01093447198957258,0.00348167886158561,0.04996982965521521
0.43841054019213344,0.01022053646911867,DRO,DRO,191.9945892348083,0.01813624050309402,0.01104785285706099,0.0036754431869583,0.05040027426762918
0.4484389234029882,0.01022053646911867,DRO,DRO,196.38635252228195,0.0179305723578463,0.01119626160550299,0.00360151881830949,0.04969019287450793
0.45846730661384294,0.01022053646911867,DRO,DRO,200.77811580975563,0.01804321971342044,0.01139467229208649,0.00362260610527971,0.05079624429269597
0.4684956898246977,0.01022053646911867,DRO,DRO,205.16987909722928,0.01819457767825913,0.011363112391348981,0.00383314957395731,0.05203808089318694
0.4785240730355525,0.01022053646911867,DRO,DRO,209.56164238470296,0.01862141215506789,0.01118353012778614,0.00392229533526889,0.0516609526538765
0.4885524562464073,0.01022053646911867,DRO,DRO,213.95340567217664,0.01875245651397433,0.01118743559368421,0.00400186383026865,0.05132404381182785
0.498580839457262,0.01022053646911867,DRO,DRO,218.34516895965027,0.01867835326568039,0.01130054604948174,0.00403276781211686,0.05164558764221522
0.5086092226681167,0.01022053646911867,DRO,DRO,222.73693224712392,0.01897001190723643,0.01143751335920315,0.00432163038229334,0.05248254090844462
0.5186376058789715,0.01022053646911867,DRO,DRO,227.12869553459757,0.01932548587622708,0.01154084566484482,0.00431378898219335,0.05260696473353905
0.5286659890898262,0.01022053646911867,DRO,DRO,231.52045882207122,0.01922712745687018,0.01132779068302482,0.00416945949515681,0.05246005840160326
0.538694372300681,0.01022053646911867,DRO,DRO,235.91222210954487,0.01972251627027052,0.01186116730280942,0.00406545499214307,0.05265028039503394
0.5487227555115357,0.01022053646911867,DRO,DRO,240.30398539701855,0.01969796222022998,0.01162277775601366,0.00443576280361631,0.05279912206874044
0.5587511387223905,0.01022053646911867,DRO,DRO,244.6957486844922,0.01996688733881888,0.01172750419061799,0.00446857429282796,0.05237073257232991
0.5687795219332452,0.01022053646911867,DRO,DRO,249.08751197196585,0.02015048719641701,0.01188118445108555,0.00444995708720048,0.05317432953911472
0.5788079051441,0.01022053646911867,DRO,DRO,253.4792752594395,0.02038124871916298,0.01183285043198195,0.00476303994213695,0.05433950396737185
0.5888362883549548,0.01022053646911867,DRO,DRO,257.8710385469132,0.02039445373207352,0.011845732929479,0.0047477271932679,0.05329378582847052
0.5988646715658096,0.01022053646911867,DRO,DRO,262.2628018343869,0.02077080441327393,0.01201064989401957,0.00476019182751939,0.05515433634897184
0.6088930547766643,0.01022053646911867,DRO,DRO,266.6545651218605,0.02101114127506028,0.01229587756460909,0.00478425126034812,0.0544803166938438
0.6189214379875191,0.01022053646911867,DRO,DRO,271.0463284093342,0.0210836542914762,0.0122754241550312,0.0049208057951827,0.05570032546083196
0.6289498211983738,0.01022053646911867,DRO,DRO,275.4380916968079,0.02105901330137081,0.01216403629214159,0.00493864860777842,0.05557221959050891
0.6389782044092286,0.01022053646911867,DRO,DRO,279.8298549842815,0.02125295378273257,0.01213038033461531,0.00499463565724177,0.05572575391041255
0.6490065876200833,0.01022053646911867,DRO,DRO,284.2216182717552,0.02151630760619363,0.01225918685977293,0.0050714016944823,0.0563601310988837
0.6590349708309381,0.01022053646911867,DRO,DRO,288.6133815592288,0.02166070965181155,0.01230180723273016,0.00517126106882755,0.05611501854419697
0.6690633540417928,0.01022053646911867,DRO,DRO,293.0051448467025,0.02193208116503429,0.01251424577632042,0.00525106056315965,0.05741833097137058
0.6790917372526476,0.01022053646911867,DRO,DRO,297.39690813417616,0.02239718542287943,0.01272530565116655,0.00548542318833491,0.05789761220121568
0.6891201204635024,0.01022053646911867,DRO,DRO,301.7886714216498,0.02232012626562242,0.0126023179354374,0.00562346204005819,0.05749088196619786
0.6991485036743571,0.01022053646911867,DRO,DRO,306.18043470912346,0.02285754781519347,0.01293967980230803,0.00536709244229816,0.05767438129928826
0.7091768868852119,0.01022053646911867,DRO,DRO,310.57219799659714,0.02288256168496868,0.01281327712175046,0.0056580882113979,0.05767640740796344
0.7192052700960667,0.01022053646911867,DRO,DRO,314.9639612840708,0.0229702330950552,0.01281057255313368,0.00528568277597995,0.05776874125936621
0.7292336533069215,0.01022053646911867,DRO,DRO,319.3557245715445,0.02307411037051711,0.01277058006249774,0.00570352430560472,0.05923079419229199
0.7392620365177762,0.01022053646911867,DRO,DRO,323.7474878590181,0.02302964294546969,0.01293503906791939,0.00580777523078747,0.05898776023576674
0.749290419728631,0.01022053646911867,DRO,DRO,328.1392511464918,0.02357210574602238,0.01293581131601436,0.00583294736083472,0.05947619631829341
0.7593188029394857,0.01022053646911867,DRO,DRO,332.5310144339654,0.02392424800310177,0.01310344864831666,0.0057928400954594,0.06051792583652483
0.7693471861503405,0.01022053646911867,DRO,DRO,336.9227777214391,0.0242113585655748,0.01322685566653494,0.00611186782123997,0.06126435413058832
0.7793755693611952,0.01022053646911867,DRO,DRO,341.3145410089128,0.02440174790549996,0.01329653652586659,0.00634939485729402,0.06165790954100992
0.78940395257205,0.01022053646911867,DRO,DRO,345.7063042963864,0.02448406936958958,0.01352506164684976,0.00616207407778523,0.06098588238364626
0.7994323357829047,0.01022053646911867,DRO,DRO,350.0980675838601,0.02489484649989794,0.01337749352679259,0.00642122143808716,0.06275023763392111
0.8094607189937595,0.01022053646911867,DRO,DRO,354.48983087133377,0.02529822946191735,0.0134360332979562,0.00667012759487243,0.06337622460684093
0.8194891022046142,0.01022053646911867,DRO,DRO,358.8815941588074,0.02543890358934423,0.01373084999169689,0.00670391047463039,0.06317030856676388
0.829517485415469,0.01022053646911867,DRO,DRO,363.27335744628107,0.02562325213031294,0.01350322797578668,0.00650452579041177,0.06315843635294774
0.8395458686263237,0.01022053646911867,DRO,DRO,367.6651207337547,0.02553474526612159,0.01362089458777325,0.00666785519410373,0.06206848307086259
0.8495742518371786,0.01022053646911867,DRO,DRO,372.0568840212284,0.02584267596246342,0.0139040693358711,0.00656814094586179,0.06443142653716163
0.8596026350480334,0.01022053646911867,DRO,DRO,376.4486473087021,0.02610678683463421,0.0139446719363827,0.00686423123847336,0.06432797877548443
0.8696310182588881,0.01022053646911867,DRO,DRO,380.84041059617573,0.02614417415849855,0.01407875669884978,0.00646905939463032,0.06495682012916051
0.8796594014697429,0.01022053646911867,DRO,DRO,385.2321738836494,0.02616794445843603,0.01387931402570218,0.00696622394745724,0.06575474326040967
0.8896877846805976,0.01022053646911867,DRO,DRO,389.62393717112303,0.02700916365911889,0.01415968298812581,0.00706575998500642,0.06585264037467581
0.8997161678914524,0.01022053646911867,DRO,DRO,394.0157004585967,0.02691008958069548,0.01431921708757123,0.00743427431414345,0.06599936422589679
0.9097445511023072,0.01022053646911867,DRO,DRO,398.4074637460704,0.02737016238989376,0.0141494718599809,0.00744852446398805,0.06517460510377773
0.919772934313162,0.01022053646911867,DRO,DRO,402.79922703354407,0.02750213526834453,0.01445885448972014,0.00751109005435916,0.06683679961043296
0.9298013175240166,0.01022053646911867,DRO,DRO,407.1909903210177,0.02787000851685916,0.01463090687008236,0.00766586449835096,0.06835587691540089
0.9398297007348714,0.01022053646911867,DRO,DRO,411.5827536084913,0.02826388893183353,0.01448655464796841,0.00767671135626458,0.06711125928645939
0.949858083945726,0.01022053646911867,DRO,DRO,415.97451689596494,0.02833374038649783,0.01488013281885685,0.00774919194896945,0.06786596325387834
0.9598864671565808,0.01022053646911867,DRO,DRO,420.3662801834386,0.02853940641587652,0.01520867528854597,0.00790066422930376,0.06864844115866726
0.9699148503674356,0.01022053646911867,DRO,DRO,424.7580434709123,0.0289335001208578,0.01504570525388427,0.00789041399026593,0.0690281651975617
0.9799432335782904,0.01022053646911867,DRO,DRO,429.149806758386,0.02926411450287268,0.01492047811416179,0.00807567450282105,0.06976416707207295
0.9899716167891452,0.01022053646911867,DRO,DRO,433.54157004585966,0.02942377658418931,0.01507858440247999,0.00813235564541181,0.07020269900190144
1,0.01022053646911867,DRO,DRO,437.93333333333334,0.02947756688383071,0.0150828994064249,0.00809672196088654,0.06896965447833747
0.00719006212537868,0.01022053646911867,MLRF,MLRF,3.148767873440837,0.00641842795842866,0.00617456649548438,2.944033214324031e-4,0.03123743502770755
0.01721844533623344,0.01022053646911867,MLRF,MLRF,7.540531160914497,0.0066062239980548,0.00642066844067586,3.317802813936456e-4,0.03085109229221831
0.02724682854708821,0.01022053646911867,MLRF,MLRF,11.932294448388163,0.006627542978073,0.00622548320194057,3.432089925757652e-4,0.02941855194224147
0.03727521175794297,0.01022053646911867,MLRF,MLRF,16.324057735861825,0.00663970176159626,0.0062458956175283,3.483621152506276e-4,0.03027753538418565
0.04730359496879773,0.01022053646911867,MLRF,MLRF,20.715821023335486,0.00672503101743823,0.00634219875642258,3.42647220543739e-4,0.03085561192859976
0.05733197817965248,0.01022053646911867,MLRF,MLRF,25.10758431080914,0.00682043067360974,0.00634292387244871,3.5747262657923756e-4,0.03126727008472057
0.06736036139050726,0.01022053646911867,MLRF,MLRF,29.499347598282814,0.00685749023066699,0.00635305559693706,4.0104105500120626e-4,0.03048202754598502
0.07738874460136201,0.01022053646911867,MLRF,MLRF,33.89111088575647,0.00698939681751802,0.00654550258655628,3.914569352991045e-4,0.03115001738052321
0.08741712781221678,0.01022053646911867,MLRF,MLRF,38.282874173230134,0.00694822084283599,0.0063707008845959,4.2007865236487767e-4,0.031191954734225
0.09744551102307154,0.01022053646911867,MLRF,MLRF,42.6746374607038,0.00715445110891813,0.00664497510010978,4.128134557705667e-4,0.03184185843136197
0.1074738942339263,0.01022053646911867,MLRF,MLRF,47.06640074817746,0.00696443131097754,0.00645237465592652,4.291047701707653e-4,0.03141447069582305
0.11750227744478106,0.01022053646911867,MLRF,MLRF,51.45816403565112,0.00730325861223957,0.00672585470276611,4.209620387856396e-4,0.03209836313204606
0.1275306606556358,0.01022053646911867,MLRF,MLRF,55.84992732312478,0.00715415219525042,0.00650276282259787,4.614622620049404e-4,0.03185879225937756
0.13755904386649057,0.01022053646911867,MLRF,MLRF,60.24169061059843,0.00747744575293243,0.00694804947227306,4.706648905031183e-4,0.0323500477325919
0.14758742707734532,0.01022053646911867,MLRF,MLRF,64.63345389807209,0.00753942273918173,0.00674079328259325,5.168227144975143e-4,0.03172232197573554
0.1576158102882001,0.01022053646911867,MLRF,MLRF,69.02521718554577,0.00749129772482071,0.0068001726329267,4.583295860484212e-4,0.03203265266277926
0.16764419349905485,0.01022053646911867,MLRF,MLRF,73.41698047301942,0.00767202665582327,0.00692466254099087,5.128989974431195e-4,0.03300077728004743
0.1776725767099096,0.01022053646911867,MLRF,MLRF,77.80874376049307,0.00773644948678011,0.00693958046849529,5.298997076757576e-4,0.03317278227721716
0.1877009599207644,0.01022053646911867,MLRF,MLRF,82.20050704796677,0.00768552767351279,0.00702115552315092,5.195907689441762e-4,0.03288411366372482
0.1977293431316191,0.01022053646911867,MLRF,MLRF,86.59227033544039,0.0079600949383044,0.00699396205341009,5.82673096596212e-4,0.03355978673162975
0.2077577263424739,0.01022053646911867,MLRF,MLRF,90.98403362291407,0.0079727721214148,0.00708060372685441,5.399202285917569e-4,0.03344465514534935
0.21778610955332867,0.01022053646911867,MLRF,MLRF,95.37579691038773,0.00807564393028698,0.00715588421865089,6.4569227912233e-4,0.03324589624864931
0.22781449276418345,0.01022053646911867,MLRF,MLRF,99.7675601978614,0.00819808260409053,0.00724686728159008,6.074026620842125e-4,0.03332417066302503
0.23784287597503817,0.01022053646911867,MLRF,MLRF,104.15932348533505,0.0082123605526976,0.00713652077547477,6.097114319763469e-4,0.03322845923155027
0.24787125918589295,0.01022053646911867,MLRF,MLRF,108.55108677280872,0.00835047101659356,0.0071780906690994,7.013893751321061e-4,0.03345921449521581
0.25789964239674773,0.01022053646911867,MLRF,MLRF,112.9428500602824,0.00843432365195147,0.00729045996558493,6.370575931587016e-4,0.03389925305984247
0.2679280256076025,0.01022053646911867,MLRF,MLRF,117.33461334775605,0.00847910569216384,0.00734022153035632,6.526604760793835e-4,0.03346496947006611
0.27795640881845723,0.01022053646911867,MLRF,MLRF,121.72637663522971,0.00852977878514875,0.00715881307737342,6.980359351715673e-4,0.03408274067817785
0.287984792029312,0.01022053646911867,MLRF,MLRF,126.11813992270336,0.0086024728920888,0.00738959269352019,7.526181288324134e-4,0.03430771429065163
0.2980131752401668,0.01022053646911867,MLRF,MLRF,130.50990321017704,0.00892109418485542,0.00749068894137888,7.826475429399768e-4,0.03509547989706763
0.30804155845102155,0.01022053646911867,MLRF,MLRF,134.9016664976507,0.00868975088158965,0.00736899001834195,7.554676234504635e-4,0.03429448917473936
0.3180699416618763,0.01022053646911867,MLRF,MLRF,139.29342978512437,0.00890983892888741,0.00762058883643287,8.011778561815349e-4,0.03464311501670378
0.32809832487273105,0.01022053646911867,MLRF,MLRF,143.68519307259803,0.00900718158198143,0.00751568882711767,7.836698133850173e-4,0.03583207189705617
0.3381267080835858,0.01022053646911867,MLRF,MLRF,148.07695636007168,0.00904472878723486,0.00751903095143754,8.972823996282737e-4,0.03554611804023386
0.34815509129444056,0.01022053646911867,MLRF,MLRF,152.46871964754533,0.00921452437434074,0.00760414539095826,8.164592425237423e-4,0.03561840736456137
0.3581834745052953,0.01022053646911867,MLRF,MLRF,156.86048293501898,0.0092754746483149,0.0077644307474633,8.578126051802908e-4,0.03555765683298138
0.3682118577161501,0.01022053646911867,MLRF,MLRF,161.2522462224927,0.00947220082862077,0.00783861924807486,8.50660739312037e-4,0.03562363400523589
0.37824024092700487,0.01022053646911867,MLRF,MLRF,165.64400950996634,0.00958922351752667,0.0078471510578013,9.124428074792316e-4,0.036024781487367
0.3882686241378596,0.01022053646911867,MLRF,MLRF,170.03577279744,0.00954178494064872,0.0074821080675799,9.261464052402168e-4,0.03566971082597463
0.3982970073487144,0.01022053646911867,MLRF,MLRF,174.42753608491367,0.00955069463148781,0.00770370214868765,0.00104380071470108,0.03669377417674696
0.4083253905595691,0.01022053646911867,MLRF,MLRF,178.81929937238732,0.00992256205499641,0.00798954275839452,9.740931244973464e-4,0.03754240134468212
0.4183537737704239,0.01022053646911867,MLRF,MLRF,183.21106265986097,0.00986488290749688,0.008019314266955,0.00102032947464509,0.03620237453619026
0.4283821569812787,0.01022053646911867,MLRF,MLRF,187.60282594733465,0.00994321146845681,0.0080767188984637,0.00108372494743384,0.03662526060194306
0.43841054019213344,0.01022053646911867,MLRF,MLRF,191.9945892348083,0.01013366562795555,0.00810857227726097,0.00102730508186234,0.03765668626222644
0.4484389234029882,0.01022053646911867,MLRF,MLRF,196.38635252228195,0.010067917506411,0.00812727629083487,0.00104052701273282,0.03788359290901334
0.45846730661384294,0.01022053646911867,MLRF,MLRF,200.77811580975563,0.01017004308156745,0.00803183902889194,0.0010973227446903,0.03765406272521198
0.4684956898246977,0.01022053646911867,MLRF,MLRF,205.16987909722928,0.01043139946845453,0.00810603745178246,0.00112032553983986,0.03834884207183661
0.4785240730355525,0.01022053646911867,MLRF,MLRF,209.56164238470296,0.01059395603881662,0.00826865492762524,0.00117747812197083,0.03833608520465976
0.4885524562464073,0.01022053646911867,MLRF,MLRF,213.95340567217664,0.01065737503338195,0.00824596192056231,0.00119146033376471,0.03774130884180018
0.498580839457262,0.01022053646911867,MLRF,MLRF,218.34516895965027,0.01079772883022663,0.0084443905681951,0.00122320250514299,0.03886829245547195
0.5086092226681167,0.01022053646911867,MLRF,MLRF,222.73693224712392,0.01085771940811266,0.00838261940532808,0.00131030938375081,0.03899768236492815
0.5186376058789715,0.01022053646911867,MLRF,MLRF,227.12869553459757,0.0107052631474632,0.00827417393495268,0.00131748724717193,0.03773383806422607
0.5286659890898262,0.01022053646911867,MLRF,MLRF,231.52045882207122,0.01111455898216635,0.00845114598772722,0.00131173231461826,0.0381041507866057
0.538694372300681,0.01022053646911867,MLRF,MLRF,235.91222210954487,0.01135497448706328,0.00858264269434537,0.00141331766381541,0.03882136219756973
0.5487227555115357,0.01022053646911867,MLRF,MLRF,240.30398539701855,0.0112278550420973,0.00839282620500827,0.00137671000849738,0.03980367176270776
0.5587511387223905,0.01022053646911867,MLRF,MLRF,244.6957486844922,0.011247938795562,0.0085886151002768,0.00137518829679829,0.03887405588227247
0.5687795219332452,0.01022053646911867,MLRF,MLRF,249.08751197196585,0.01168702988920622,0.00901635272437623,0.00132659787782545,0.0401379194989608
0.5788079051441,0.01022053646911867,MLRF,MLRF,253.4792752594395,0.01154936729988782,0.00874586645906345,0.00149688070622324,0.03958429913965023
0.5888362883549548,0.01022053646911867,MLRF,MLRF,257.8710385469132,0.01185101214209629,0.00898937763414014,0.0014179494931314,0.04008030432319998
0.5988646715658096,0.01022053646911867,MLRF,MLRF,262.2628018343869,0.01178926525106379,0.00877601142019564,0.00154089206728347,0.04003437357253558
0.6088930547766643,0.01022053646911867,MLRF,MLRF,266.6545651218605,0.01211010696349897,0.00877366164999594,0.00159909476723332,0.04067988492300509
0.6189214379875191,0.01022053646911867,MLRF,MLRF,271.0463284093342,0.01212278282498897,0.00923229426106178,0.00152976726286731,0.04098297657440143
0.6289498211983738,0.01022053646911867,MLRF,MLRF,275.4380916968079,0.01231452020074438,0.00895693491311002,0.00164628136181163,0.04104393513784096
0.6389782044092286,0.01022053646911867,MLRF,MLRF,279.8298549842815,0.01231241738966796,0.00916197431311252,0.0016163060513204,0.04150243309302263
0.6490065876200833,0.01022053646911867,MLRF,MLRF,284.2216182717552,0.01247464074894066,0.00923567495519764,0.00161848209824012,0.04160081286841782
0.6590349708309381,0.01022053646911867,MLRF,MLRF,288.6133815592288,0.01267441821959721,0.00919331334642827,0.00174068360433875,0.04168929575309978
0.6690633540417928,0.01022053646911867,MLRF,MLRF,293.0051448467025,0.0125824032113339,0.00921462651066815,0.00167521272686164,0.04148600093966376
0.6790917372526476,0.01022053646911867,MLRF,MLRF,297.39690813417616,0.01278420609236225,0.00922715583932022,0.00172480676242023,0.04255024366131824
0.6891201204635024,0.01022053646911867,MLRF,MLRF,301.7886714216498,0.01268231022828932,0.00938863640315067,0.00173278174657353,0.04305676433017166
0.6991485036743571,0.01022053646911867,MLRF,MLRF,306.18043470912346,0.01308561376076002,0.00941006512577957,0.00172142384787624,0.04269532068562175
0.7091768868852119,0.01022053646911867,MLRF,MLRF,310.57219799659714,0.01313645545926539,0.00936382418715063,0.00183141648273918,0.04285930666226574
0.7192052700960667,0.01022053646911867,MLRF,MLRF,314.9639612840708,0.01328054952391234,0.00935256875527671,0.00203312368268821,0.04299815867901525
0.7292336533069215,0.01022053646911867,MLRF,MLRF,319.3557245715445,0.01342109594339145,0.00936121682618816,0.00213100014083985,0.04273281902460717
0.7392620365177762,0.01022053646911867,MLRF,MLRF,323.7474878590181,0.01385416774844363,0.00967296473492124,0.00194275812975267,0.04346274015829816
0.749290419728631,0.01022053646911867,MLRF,MLRF,328.1392511464918,0.01370017026625618,0.00957715723450419,0.00208262140973132,0.04351908838527153
0.7593188029394857,0.01022053646911867,MLRF,MLRF,332.5310144339654,0.01378934763968418,0.00996734858834736,0.00212099116648124,0.043891185092173
0.7693471861503405,0.01022053646911867,MLRF,MLRF,336.9227777214391,0.01381032453255806,0.0097525871617209,0.00207179135911181,0.04359275876772188
0.7793755693611952,0.01022053646911867,MLRF,MLRF,341.3145410089128,0.01436909891507958,0.00989023640506076,0.00210973919201621,0.0445669107413777
0.78940395257205,0.01022053646911867,MLRF,MLRF,345.7063042963864,0.01440234564231106,0.00995474879149275,0.00211575178887464,0.0450403938982525
0.7994323357829047,0.01022053646911867,MLRF,MLRF,350.0980675838601,0.01426655591439961,0.0099593884793871,0.00209448184344999,0.0447260051619906
0.8094607189937595,0.01022053646911867,MLRF,MLRF,354.48983087133377,0.01454674085702822,0.01014588428695394,0.00225806587225644,0.04476325062851603
0.8194891022046142,0.01022053646911867,MLRF,MLRF,358.8815941588074,0.01487671955466212,0.01019390299798483,0.00226524188085552,0.04529665965258307
0.829517485415469,0.01022053646911867,MLRF,MLRF,363.27335744628107,0.01522215101607741,0.01026937978855377,0.00231657630937323,0.04611956781303061
0.8395458686263237,0.01022053646911867,MLRF,MLRF,367.6651207337547,0.01509665692710133,0.01037470070728746,0.00227570342535486,0.04629309846104669
0.8495742518371786,0.01022053646911867,MLRF,MLRF,372.0568840212284,0.01517242335319293,0.01052596879359123,0.00247314413386949,0.04685046669426524
0.8596026350480334,0.01022053646911867,MLRF,MLRF,376.4486473087021,0.01537220620447495,0.01054802164418295,0.00240385604404168,0.04710425809876797
0.8696310182588881,0.01022053646911867,MLRF,MLRF,380.84041059617573,0.01534343147277353,0.01053579889853758,0.00247144968354169,0.04709860099951608
0.8796594014697429,0.01022053646911867,MLRF,MLRF,385.2321738836494,0.01553276063391155,0.01062071920578158,0.00249606905908172,0.04829758315146258
0.8896877846805976,0.01022053646911867,MLRF,MLRF,389.62393717112303,0.0156341291643646,0.01046057011051357,0.00249576330935324,0.04697021704453608
0.8997161678914524,0.01022053646911867,MLRF,MLRF,394.0157004585967,0.01606749475074737,0.01091568434008194,0.00247783387051565,0.04844450633669191
0.9097445511023072,0.01022053646911867,MLRF,MLRF,398.4074637460704,0.01606703841228793,0.01067797189495901,0.00253323705905405,0.04784738475362493
0.919772934313162,0.01022053646911867,MLRF,MLRF,402.79922703354407,0.01605232947703607,0.01070106784797684,0.00272105669730432,0.04854062387731499
0.9298013175240166,0.01022053646911867,MLRF,MLRF,407.1909903210177,0.01625577395599697,0.0110206251126351,0.00279601807890051,0.04908437951903929
0.9398297007348714,0.01022053646911867,MLRF,MLRF,411.5827536084913,0.01640847360952205,0.01097094185869266,0.00292067911427888,0.04991946811218348
0.949858083945726,0.01022053646911867,MLRF,MLRF,415.97451689596494,0.01662766708723547,0.01134506155263778,0.00266451566618632,0.05010741989016751
0.9598864671565808,0.01022053646911867,MLRF,MLRF,420.3662801834386,0.01683330512332865,0.0113286379829274,0.00274064884074364,0.05071808812012735
0.9699148503674356,0.01022053646911867,MLRF,MLRF,424.7580434709123,0.0172735161484641,0.0114090259520258,0.00276227730155285,0.04960665363534532
0.9799432335782904,0.01022053646911867,MLRF,MLRF,429.149806758386,0.01720751835209311,0.01142089130959379,0.00289732148436735,0.05139263136053818
0.9899716167891452,0.01022053646911867,MLRF,MLRF,433.54157004585966,0.01721070477685088,0.01160022267533876,0.00287478681595568,0.0507591900928976
1,0.01022053646911867,MLRF,MLRF,437.93333333333334,0.01774312954435213,0.01144314833701763,0.0030662609208746,0.05205970766464438
0.00719006212537868,0.01022053646911867,MLES,MLES,3.148767873440837,0.00645339566711618,0.00611442376346103,3.1562586972293987e-4,0.03127715877306795
0.01721844533623344,0.01022053646911867,MLES,MLES,7.540531160914497,0.00646584049119534,0.00623055186402532,3.4798536354914384e-4,0.03083214164821688
0.02724682854708821,0.01022053646911867,MLES,MLES,11.932294448388163,0.00659772420839858,0.00632123778331141,3.362262149493882e-4,0.03027451843346461
0.03727521175794297,0.01022053646911867,MLES,MLES,16.324057735861825,0.00674519746338273,0.0062965227592596,3.541096640044364e-4,0.03189550018581333
0.04730359496879773,0.01022053646911867,MLES,MLES,20.715821023335486,0.00685969349164752,0.00654310660002427,3.705502856693653e-4,0.0314678663265482
0.05733197817965248,0.01022053646911867,MLES,MLES,25.10758431080914,0.00685226031190165,0.00640452634704976,3.982322023499127e-4,0.03221242610127225
0.06736036139050726,0.01022053646911867,MLES,MLES,29.499347598282814,0.00686157254852811,0.00641894562828411,3.891626599802803e-4,0.03148766603016251
0.07738874460136201,0.01022053646911867,MLES,MLES,33.89111088575647,0.006817596997487,0.00633173538614937,4.4252065169551815e-4,0.03025581079579023
0.08741712781221678,0.01022053646911867,MLES,MLES,38.282874173230134,0.00708667708821964,0.00659803747805199,4.0911803091322346e-4,0.0311980516871344
0.09744551102307154,0.01022053646911867,MLES,MLES,42.6746374607038,0.00721488223932711,0.0066092709532444,4.293814380239496e-4,0.03206667210561145
0.1074738942339263,0.01022053646911867,MLES,MLES,47.06640074817746,0.00715530051606936,0.00656484362137176,4.7751329970812534e-4,0.03262274703494274
0.11750227744478106,0.01022053646911867,MLES,MLES,51.45816403565112,0.00731351919603615,0.00662210708649477,4.4193969028675346e-4,0.03223728151710845
0.1275306606556358,0.01022053646911867,MLES,MLES,55.84992732312478,0.00739481851847136,0.00663646573284514,4.455732471331962e-4,0.03149865924790611
0.13755904386649057,0.01022053646911867,MLES,MLES,60.24169061059843,0.00746621962841068,0.00673823859993855,4.554862629696709e-4,0.03243254870645173
0.14758742707734532,0.01022053646911867,MLES,MLES,64.63345389807209,0.007629265410031,0.00684526829667288,5.082552404225448e-4,0.03282921853179021
0.1576158102882001,0.01022053646911867,MLES,MLES,69.02521718554577,0.00773561804769862,0.00695603402184186,5.158668187411664e-4,0.03235350803554834
0.16764419349905485,0.01022053646911867,MLES,MLES,73.41698047301942,0.00769330224039203,0.00693501615221692,5.367537730533614e-4,0.03249672659542212
0.1776725767099096,0.01022053646911867,MLES,MLES,77.80874376049307,0.00767893882073532,0.00697956881971572,5.175136385217792e-4,0.03276587863061009
0.1877009599207644,0.01022053646911867,MLES,MLES,82.20050704796677,0.00780678267229102,0.00704096031099174,5.375581259577567e-4,0.03239078271840164
0.1977293431316191,0.01022053646911867,MLES,MLES,86.59227033544039,0.00792065558600703,0.00693258326534665,6.199677560387179e-4,0.03177729435367984
0.2077577263424739,0.01022053646911867,MLES,MLES,90.98403362291407,0.00797696210473856,0.00700512589225852,5.736188930043707e-4,0.03278046593260489
0.21778610955332867,0.01022053646911867,MLES,MLES,95.37579691038773,0.00813282574951641,0.0071079019240064,6.35664652074162e-4,0.03311041673434554
0.22781449276418345,0.01022053646911867,MLES,MLES,99.7675601978614,0.00825778400773753,0.00710466134044136,6.72981886653085e-4,0.03372293063282037
0.23784287597503817,0.01022053646911867,MLES,MLES,104.15932348533505,0.00824993591654525,0.00723905909628766,6.289391983969411e-4,0.03388123964840913
0.24787125918589295,0.01022053646911867,MLES,MLES,108.55108677280872,0.00819790084720708,0.00704323624214511,6.878086351266859e-4,0.03333303235150566
0.25789964239674773,0.01022053646911867,MLES,MLES,112.9428500602824,0.00849084949707388,0.00723363968370664,6.778655828313636e-4,0.03304988556279418
0.2679280256076025,0.01022053646911867,MLES,MLES,117.33461334775605,0.0085255614371365,0.00721227652485395,7.40679179220266e-4,0.03414093804565647
0.27795640881845723,0.01022053646911867,MLES,MLES,121.72637663522971,0.0087586424201197,0.00743278068236429,7.303328520165431e-4,0.0344956734060169
0.287984792029312,0.01022053646911867,MLES,MLES,126.11813992270336,0.00872977171294221,0.00737332204205502,7.188915564987808e-4,0.0357141623346334
0.2980131752401668,0.01022053646911867,MLES,MLES,130.50990321017704,0.00877892045060324,0.00750061336432709,7.71798800339727e-4,0.03509578501542125
0.30804155845102155,0.01022053646911867,MLES,MLES,134.9016664976507,0.00894918906734213,0.00758536363151192,8.418120250891408e-4,0.03537792948363302
0.3180699416618763,0.01022053646911867,MLES,MLES,139.29342978512437,0.0090310747799839,0.00754323900439415,7.446473673068853e-4,0.03485885661608259
0.32809832487273105,0.01022053646911867,MLES,MLES,143.68519307259803,0.00916665264790424,0.00766564650372487,8.920182357615354e-4,0.03569713651448104
0.3381267080835858,0.01022053646911867,MLES,MLES,148.07695636007168,0.00921109402985049,0.00751956302502453,8.826396311622559e-4,0.03471804927595681
0.34815509129444056,0.01022053646911867,MLES,MLES,152.46871964754533,0.00938497080850661,0.00766907024769045,8.674613311970512e-4,0.03598291646525568
0.3581834745052953,0.01022053646911867,MLES,MLES,156.86048293501898,0.00924842639966175,0.0076236339946977,8.912773997948266e-4,0.03514848818158443
0.3682118577161501,0.01022053646911867,MLES,MLES,161.2522462224927,0.00947503646621726,0.00780039759143198,9.108902405801936e-4,0.03604137314005726
0.37824024092700487,0.01022053646911867,MLES,MLES,165.64400950996634,0.00960495709607531,0.00777185890007512,9.540455784156444e-4,0.0364089978535381
0.3882686241378596,0.01022053646911867,MLES,MLES,170.03577279744,0.00969050686006009,0.00784407894474508,9.161033954197356e-4,0.03574523419436471
0.3982970073487144,0.01022053646911867,MLES,MLES,174.42753608491367,0.00988559093300845,0.00802523699719868,9.22152764517938e-4,0.03752062188688282
0.4083253905595691,0.01022053646911867,MLES,MLES,178.81929937238732,0.00975921649658029,0.00785916179890402,9.953186936856098e-4,0.03587493470413079
0.4183537737704239,0.01022053646911867,MLES,MLES,183.21106265986097,0.01005783361309384,0.00807301030311011,9.89229064313976e-4,0.03603272816459428
0.4283821569812787,0.01022053646911867,MLES,MLES,187.60282594733465,0.01014799485938648,0.00806548653756558,0.00103692124235851,0.03601778180436476
0.43841054019213344,0.01022053646911867,MLES,MLES,191.9945892348083,0.01008201118443272,0.00785174231879344,0.00102726088660816,0.03653476740594365
0.4484389234029882,0.01022053646911867,MLES,MLES,196.38635252228195,0.0100534981021433,0.00802295203186334,0.00107716472361016,0.03690739665199639
0.45846730661384294,0.01022053646911867,MLES,MLES,200.77811580975563,0.01025500839003899,0.00803010752486034,0.00114882051379987,0.03714240070747078
0.4684956898246977,0.01022053646911867,MLES,MLES,205.16987909722928,0.01056218315509949,0.00828037025200329,0.00116111360941743,0.03761021062986448
0.4785240730355525,0.01022053646911867,MLES,MLES,209.56164238470296,0.01065521066232476,0.00834234128933249,0.00114854117433438,0.03833468609910331
0.4885524562464073,0.01022053646911867,MLES,MLES,213.95340567217664,0.01061831873441549,0.00839589535427869,0.00114479016279667,0.03862260775725704
0.498580839457262,0.01022053646911867,MLES,MLES,218.34516895965027,0.0105907017941567,0.00832476782914879,0.00120052404630634,0.0385318164962234
0.5086092226681167,0.01022053646911867,MLES,MLES,222.73693224712392,0.01112433031427024,0.00854240954313098,0.00132368335917245,0.03736448434566872
0.5186376058789715,0.01022053646911867,MLES,MLES,227.12869553459757,0.01084212727225899,0.00832367508748162,0.00125594086589989,0.03979002002125212
0.5286659890898262,0.01022053646911867,MLES,MLES,231.52045882207122,0.01109477674555053,0.0083334664448277,0.00122898213633561,0.03859286867255902
0.538694372300681,0.01022053646911867,MLES,MLES,235.91222210954487,0.01113795149879267,0.00860285512194732,0.00132183088752575,0.0394042975498115
0.5487227555115357,0.01022053646911867,MLES,MLES,240.30398539701855,0.01138091742368732,0.00862694056588532,0.00133682356011955,0.04015905210139264
0.5587511387223905,0.01022053646911867,MLES,MLES,244.6957486844922,0.01167184973602329,0.00873954415132965,0.00139483169839915,0.03974452239425052
0.5687795219332452,0.01022053646911867,MLES,MLES,249.08751197196585,0.01146552405961469,0.00864067910840387,0.00135616258895804,0.03904619739014754
0.5788079051441,0.01022053646911867,MLES,MLES,253.4792752594395,0.01174170093244317,0.00876593260763683,0.00141424351256692,0.04022058419544227
0.5888362883549548,0.01022053646911867,MLES,MLES,257.8710385469132,0.01171474114506773,0.00877132235130643,0.00147245430536662,0.03937536840468382
0.5988646715658096,0.01022053646911867,MLES,MLES,262.2628018343869,0.01195328664884574,0.0088744779960711,0.00147805757908343,0.03956604353822258
0.6088930547766643,0.01022053646911867,MLES,MLES,266.6545651218605,0.01214388437566886,0.008971516230496,0.00165002066235444,0.04037311703728427
0.6189214379875191,0.01022053646911867,MLES,MLES,271.0463284093342,0.01225269554935423,0.00915419354890334,0.00153780513636845,0.03973651714988522
0.6289498211983738,0.01022053646911867,MLES,MLES,275.4380916968079,0.01232761835871796,0.009175635731992,0.00169505742748955,0.04155866109525302
0.6389782044092286,0.01022053646911867,MLES,MLES,279.8298549842815,0.01245656685102684,0.00909120466236335,0.00163719469780172,0.04183178077403338
0.6490065876200833,0.01022053646911867,MLES,MLES,284.2216182717552,0.01243097162936745,0.0090743905294654,0.00165117829995326,0.04280434232241816
0.6590349708309381,0.01022053646911867,MLES,MLES,288.6133815592288,0.01260918707755505,0.0091728013019132491,0.00174438488686772,0.04253318585609803
0.6690633540417928,0.01022053646911867,MLES,MLES,293.0051448467025,0.01290217080654691,0.0094627999214368,0.00175734707430674,0.04207434831750661
0.6790917372526476,0.01022053646911867,MLES,MLES,297.39690813417616,0.01291524121177333,0.0093225207961055,0.00180588246403905,0.0423491341934586
0.6891201204635024,0.01022053646911867,MLES,MLES,301.7886714216498,0.0130404408614455,0.00937249193744028,0.00184670365346963,0.04233470078368209
0.6991485036743571,0.01022053646911867,MLES,MLES,306.18043470912346,0.01329584796137286,0.00959755272550738,0.00181687815057704,0.04300410411695361
0.7091768868852119,0.01022053646911867,MLES,MLES,310.57219799659714,0.01331103931881626,0.00952898054419546,0.00179051249899853,0.04265221547597715
0.7192052700960667,0.01022053646911867,MLES,MLES,314.9639612840708,0.01355463074476862,0.00969636275876735,0.00203318494877846,0.04362066031615877
0.7292336533069215,0.01022053646911867,MLES,MLES,319.3557245715445,0.01350303255781033,0.00961832416845588,0.00203379828333039,0.04363797993293603
0.7392620365177762,0.01022053646911867,MLES,MLES,323.7474878590181,0.01356254502410232,0.00980774934295459,0.00192530153424402,0.04360968177884013
0.749290419728631,0.01022053646911867,MLES,MLES,328.1392511464918,0.0139672803427925,0.00980814599866972,0.00202062441173607,0.04467840177096705
0.7593188029394857,0.01022053646911867,MLES,MLES,332.5310144339654,0.01413290997946023,0.01007761950295696,0.00200545301249531,0.04427201575288587
0.7693471861503405,0.01022053646911867,MLES,MLES,336.9227777214391,0.01425469021814719,0.01009703905589084,0.00207316499596672,0.04473043741983217
0.7793755693611952,0.01022053646911867,MLES,MLES,341.3145410089128,0.01425226478564418,0.0099451892294124,0.00195551879049895,0.04495636522231243
0.78940395257205,0.01022053646911867,MLES,MLES,345.7063042963864,0.01450613474099172,0.01022182811641835,0.00214466644563161,0.04515820537701959
0.7994323357829047,0.01022053646911867,MLES,MLES,350.0980675838601,0.01444899320171818,0.01008412410945296,0.00221633290750292,0.04560305549696262
0.8094607189937595,0.01022053646911867,MLES,MLES,354.48983087133377,0.01453017310923641,0.01024435670499626,0.00220182439328723,0.04615584651432083
0.8194891022046142,0.01022053646911867,MLES,MLES,358.8815941588074,0.01461892709516763,0.010215537448039,0.00219945226452694,0.04561323644750677
0.829517485415469,0.01022053646911867,MLES,MLES,363.27335744628107,0.0150641570067706,0.01035572349087448,0.00238916922334095,0.04633346843712468
0.8395458686263237,0.01022053646911867,MLES,MLES,367.6651207337547,0.0151477974904752,0.01048179980749234,0.00239649741543622,0.04682645050211703
0.8495742518371786,0.01022053646911867,MLES,MLES,372.0568840212284,0.01515701810233092,0.01025312070932659,0.00230523044456876,0.04717847057990955
0.8596026350480334,0.01022053646911867,MLES,MLES,376.4486473087021,0.01542510229029171,0.01051336572758426,0.00245653629785625,0.04658639300753513
0.8696310182588881,0.01022053646911867,MLES,MLES,380.84041059617573,0.0156623911982209,0.01047755067805729,0.0026197654739445,0.04661643985327775
0.8796594014697429,0.01022053646911867,MLES,MLES,385.2321738836494,0.01569043107173971,0.01049043613277613,0.0025817847255375,0.04752680093345956
0.8896877846805976,0.01022053646911867,MLES,MLES,389.62393717112303,0.01571299270339455,0.0108164589867809,0.00251493517109721,0.04886909049070039
0.8997161678914524,0.01022053646911867,MLES,MLES,394.0157004585967,0.01614191684463255,0.01079424802366478,0.00264501439009418,0.04895359274710258
0.9097445511023072,0.01022053646911867,MLES,MLES,398.4074637460704,0.01617047012935765,0.0109105107263925,0.00265444006776429,0.04941854678591134
0.919772934313162,0.01022053646911867,MLES,MLES,402.79922703354407,0.01648914267811362,0.01101930567198148,0.0027517609323479,0.04893899292120775
0.9298013175240166,0.01022053646911867,MLES,MLES,407.1909903210177,0.01643376048429916,0.01098598057557473,0.00275935437073689,0.04893051794499589
0.9398297007348714,0.01022053646911867,MLES,MLES,411.5827536084913,0.01662472218820544,0.01101418380218844,0.00265425871693716,0.0487586942443726
0.949858083945726,0.01022053646911867,MLES,MLES,415.97451689596494,0.01673732280097866,0.01117251520286193,0.00280833204787901,0.04941870583936136
0.9598864671565808,0.01022053646911867,MLES,MLES,420.3662801834386,0.01718248504342767,0.01151693959041722,0.00292148054419117,0.05115605883819688
0.9699148503674356,0.01022053646911867,MLES,MLES,424.7580434709123,0.01723757352818249,0.01164641877073432,0.0027347800426753,0.05072126477712938
0.9799432335782904,0.01022053646911867,MLES,MLES,429.149806758386,0.01722795222127733,0.01143090906620447,0.00279204679185418,0.0519725783970904
0.9899716167891452,0.01022053646911867,MLES,MLES,433.54157004585966,0.01741150043934976,0.01137155879351604,0.00299437760387292,0.05094793940418304
1,0.01022053646911867,MLES,MLES,437.93333333333334,0.01772063269180457,0.01156923177864749,0.00295792611537773,0.05144394605824737
0.00719006212537868,0.01022053646911867,STCK,STCK,3.148767873440837,0.00147758686091914,0.00208213895029122,1.5930337766127125e-6,0.01787589187907692
0.01721844533623344,0.01022053646911867,STCK,STCK,7.540531160914497,0.00151193932773754,0.00210819959287208,1.6609726865358223e-6,0.01776335914201455
0.02724682854708821,0.01022053646911867,STCK,STCK,11.932294448388163,0.00156104910344559,0.00219252130690935,1.5544210462131184e-6,0.017560563563603922
0.03727521175794297,0.01022053646911867,STCK,STCK,16.324057735861825,0.00151767631435214,0.0021265991469483,1.761125252451232e-6,0.01901091907427974
0.04730359496879773,0.01022053646911867,STCK,STCK,20.715821023335486,0.00155115428965182,0.00216101773184345,2.0687219422605333e-6,0.01783678146859121
0.05733197817965248,0.01022053646911867,STCK,STCK,25.10758431080914,0.00160683023808991,0.00221638616546031,2.421650914103355e-6,0.01935206518007509
0.06736036139050726,0.01022053646911867,STCK,STCK,29.499347598282814,0.00165521716902403,0.00230576672639233,2.119885518435539e-6,0.01878903968691709
0.07738874460136201,0.01022053646911867,STCK,STCK,33.89111088575647,0.00154432200856724,0.00213125339591936,2.23110479312505e-6,0.01868652614492547
0.08741712781221678,0.01022053646911867,STCK,STCK,38.282874173230134,0.00167944638956935,0.00231061130830518,2.4330705145666697e-6,0.01861858002635699
0.09744551102307154,0.01022053646911867,STCK,STCK,42.6746374607038,0.00166145996244731,0.00227226817469288,2.851548565647214e-6,0.0189882024652519
0.1074738942339263,0.01022053646911867,STCK,STCK,47.06640074817746,0.0016324376929734,0.00226382553812907,2.7481678026368613e-6,0.01931704504198957
0.11750227744478106,0.01022053646911867,STCK,STCK,51.45816403565112,0.00170423676358356,0.00232136907566853,3.0500299522877805e-6,0.01839433112963494
0.1275306606556358,0.01022053646911867,STCK,STCK,55.84992732312478,0.0017348829738823,0.00236046881514446,3.95308021227509e-6,0.01878768609309211
0.13755904386649057,0.01022053646911867,STCK,STCK,60.24169061059843,0.00177109211516241,0.00242301822383499,3.300253112389356e-6,0.01899644887906384
0.14758742707734532,0.01022053646911867,STCK,STCK,64.63345389807209,0.00182642330838726,0.0024923784232867,3.908141154892482e-6,0.01938816021003746
0.1576158102882001,0.01022053646911867,STCK,STCK,69.02521718554577,0.00184966449192866,0.00252160696180462,4.178079231181332e-6,0.01942074643298708
0.16764419349905485,0.01022053646911867,STCK,STCK,73.41698047301942,0.00190912320773661,0.00258473668982902,3.910475450271001e-6,0.01951536417082425
0.1776725767099096,0.01022053646911867,STCK,STCK,77.80874376049307,0.00190217415142075,0.00255888255286848,4.53395019953538e-6,0.01956831584249891
0.1877009599207644,0.01022053646911867,STCK,STCK,82.20050704796677,0.00188875041260171,0.0025608691914051,4.127228846920642e-6,0.01967536431994134
0.1977293431316191,0.01022053646911867,STCK,STCK,86.59227033544039,0.00208226722449264,0.00277306110238945,4.979773809160039e-6,0.01980131682923991
0.2077577263424739,0.01022053646911867,STCK,STCK,90.98403362291407,0.00202699910062278,0.0027357300991947002,5.362392702167031e-6,0.01992595253284396
0.21778610955332867,0.01022053646911867,STCK,STCK,95.37579691038773,0.00202952110443893,0.00271876889820833,6.757471161543249e-6,0.01921872332502973
0.22781449276418345,0.01022053646911867,STCK,STCK,99.7675601978614,0.00204123677995544,0.00271503631025943,6.338213364436535e-6,0.02010320219410166
0.23784287597503817,0.01022053646911867,STCK,STCK,104.15932348533505,0.00208858666909166,0.00277934744063691,5.417811565480294e-6,0.01928914285335248
0.24787125918589295,0.01022053646911867,STCK,STCK,108.55108677280872,0.00215712466215663,0.00285731756863825,6.612444257358218e-6,0.01940928277454262
0.25789964239674773,0.01022053646911867,STCK,STCK,112.9428500602824,0.00211788985352386,0.00282095669536264,7.327622747086381e-6,0.02011746111574653
0.2679280256076025,0.01022053646911867,STCK,STCK,117.33461334775605,0.00221252126688466,0.00286793289499489,7.538101895191867e-6,0.02035870040222047
0.27795640881845723,0.01022053646911867,STCK,STCK,121.72637663522971,0.00223576875252597,0.00294630454395114,8.471851624660527e-6,0.02113247820220394
0.287984792029312,0.01022053646911867,STCK,STCK,126.11813992270336,0.0022680654115593,0.00296676467982306,8.470478846676807e-6,0.02025561923106373
0.2980131752401668,0.01022053646911867,STCK,STCK,130.50990321017704,0.00219616157079643,0.00290929265042558,7.698477957481764e-6,0.02022285794213361
0.30804155845102155,0.01022053646911867,STCK,STCK,134.9016664976507,0.00239277591017205,0.00312797585531649,9.000301303268946e-6,0.02128027787627026
0.3180699416618763,0.01022053646911867,STCK,STCK,139.29342978512437,0.00236876768467178,0.00308053625378734,8.952155548672164e-6,0.02074842603839205
0.32809832487273105,0.01022053646911867,STCK,STCK,143.68519307259803,0.00242857731987002,0.00312458398346026,1.247965287419391e-5,0.02058961029728767
0.3381267080835858,0.01022053646911867,STCK,STCK,148.07695636007168,0.00247473419011436,0.00317032520167157,1.3132981554530208e-5,0.02101678717215045
0.34815509129444056,0.01022053646911867,STCK,STCK,152.46871964754533,0.00243337004384159,0.00311861217136756,1.3200965630325706e-5,0.0209513576525253
0.3581834745052953,0.01022053646911867,STCK,STCK,156.86048293501898,0.00247871419636413,0.00313862807599469,1.1312654146504513e-5,0.02014702140782338
0.3682118577161501,0.01022053646911867,STCK,STCK,161.2522462224927,0.00245552804365466,0.00315153643741714,1.4878923593631297e-5,0.02029699145007778
0.37824024092700487,0.01022053646911867,STCK,STCK,165.64400950996634,0.00254561445683804,0.00325077301832565,1.161751020208436e-5,0.02131259261846343
0.3882686241378596,0.01022053646911867,STCK,STCK,170.03577279744,0.00260458352560731,0.00334735099702742,1.2695754863638277e-5,0.02277260312184175
0.3982970073487144,0.01022053646911867,STCK,STCK,174.42753608491367,0.00271175120980289,0.00343190089290155,1.5304352845675805e-5,0.02088517439412734
0.4083253905595691,0.01022053646911867,STCK,STCK,178.81929937238732,0.00267278759866911,0.00344477842937718,1.351281497434665e-5,0.02182967240525009
0.4183537737704239,0.01022053646911867,STCK,STCK,183.21106265986097,0.00274763205074869,0.00345596076112143,1.5903610191932183e-5,0.02155133886280813
0.4283821569812787,0.01022053646911867,STCK,STCK,187.60282594733465,0.00270900193585883,0.00346602061514107,1.5168504791485289e-5,0.02193233088262718
0.43841054019213344,0.01022053646911867,STCK,STCK,191.9945892348083,0.00279802720389673,0.003512023003769,1.7890825710580933e-5,0.02188597387305634
0.4484389234029882,0.01022053646911867,STCK,STCK,196.38635252228195,0.0027998478513553,0.00347884946041397,1.9750482581508055e-5,0.02213828601272965
0.45846730661384294,0.01022053646911867,STCK,STCK,200.77811580975563,0.00280390417685783,0.00349129955279295,2.241623524422694e-5,0.02251562163819339
0.4684956898246977,0.01022053646911867,STCK,STCK,205.16987909722928,0.00283372700954441,0.00351496173709186,2.324070438147848e-5,0.02161053632201153
0.4785240730355525,0.01022053646911867,STCK,STCK,209.56164238470296,0.00296276278619748,0.00372351647244665,2.0227050335902433e-5,0.02279326726695104
0.4885524562464073,0.01022053646911867,STCK,STCK,213.95340567217664,0.00294010291014367,0.00358884928542281,2.470706340971259e-5,0.02263592198612338
0.498580839457262,0.01022053646911867,STCK,STCK,218.34516895965027,0.0030934794420337,0.00382815046862451,2.529090631912127e-5,0.02266749935794653
0.5086092226681167,0.01022053646911867,STCK,STCK,222.73693224712392,0.0030120701150494,0.00368916301715654,2.486366699818549e-5,0.02214816905270758
0.5186376058789715,0.01022053646911867,STCK,STCK,227.12869553459757,0.00304211214017624,0.0037519328802518,2.4339986608631176e-5,0.02264191044663179
0.5286659890898262,0.01022053646911867,STCK,STCK,231.52045882207122,0.00318882677425713,0.00386964394509201,2.580589039092753e-5,0.02347721035213843
0.538694372300681,0.01022053646911867,STCK,STCK,235.91222210954487,0.00321038023266748,0.00389412774955357,2.8885518981268803e-5,0.02319319453780511
0.5487227555115357,0.01022053646911867,STCK,STCK,240.30398539701855,0.00321307189689924,0.00389374358246409,3.2204295506135294e-5,0.02365830455507277
0.5587511387223905,0.01022053646911867,STCK,STCK,244.6957486844922,0.00325194013070497,0.00397819487954025,2.6815411311238388e-5,0.0241465150412285
0.5687795219332452,0.01022053646911867,STCK,STCK,249.08751197196585,0.00337802764316505,0.00403763543787992,2.8713187526758076e-5,0.0241279295713688
0.5788079051441,0.01022053646911867,STCK,STCK,253.4792752594395,0.00338946223617652,0.00408657216065168,3.202892642060563e-5,0.02414259216930947
0.5888362883549548,0.01022053646911867,STCK,STCK,257.8710385469132,0.00333662768757648,0.00399788043799342,3.627638689314009e-5,0.024286615692779
0.5988646715658096,0.01022053646911867,STCK,STCK,262.2628018343869,0.00345210529687827,0.00410127087381804,3.610638522404973e-5,0.02318894270142105
0.6088930547766643,0.01022053646911867,STCK,STCK,266.6545651218605,0.00349119087993086,0.00413230770715919,3.774028361162769e-5,0.02464049057275163
0.6189214379875191,0.01022053646911867,STCK,STCK,271.0463284093342,0.00354372340620994,0.00417885739131743,3.937278944122483e-5,0.02398524622218485
0.6289498211983738,0.01022053646911867,STCK,STCK,275.4380916968079,0.00363391779616192,0.00431406837607718,3.753513611002093e-5,0.02490907006135362
0.6389782044092286,0.01022053646911867,STCK,STCK,279.8298549842815,0.00364657655399781,0.00428246184826563,3.600399054383151e-5,0.02430911129465788
0.6490065876200833,0.01022053646911867,STCK,STCK,284.2216182717552,0.00371060422422637,0.00433145114002062,4.640348737930155e-5,0.02470904633623255
0.6590349708309381,0.01022053646911867,STCK,STCK,288.6133815592288,0.00371560786776716,0.00436836567529382,4.124341627336013e-5,0.02471992101535206
0.6690633540417928,0.01022053646911867,STCK,STCK,293.0051448467025,0.00372801872523081,0.00436373706238044,4.891888445633726e-5,0.02547366073734412
0.6790917372526476,0.01022053646911867,STCK,STCK,297.39690813417616,0.00383524238820893,0.00444151341573711,4.1460718727946475e-5,0.02547627904075364
0.6891201204635024,0.01022053646911867,STCK,STCK,301.7886714216498,0.00376480511803676,0.00447594788495499,4.633998360170008e-5,0.02505510311307797
0.6991485036743571,0.01022053646911867,STCK,STCK,306.18043470912346,0.00384699498695751,0.0044723033054493,4.856857824924012e-5,0.02505469363271322
0.7091768868852119,0.01022053646911867,STCK,STCK,310.57219799659714,0.00399831023116463,0.00459575419095972,4.538322409227991e-5,0.02573581189199132
0.7192052700960667,0.01022053646911867,STCK,STCK,314.9639612840708,0.00402194372729793,0.0046756178839623,4.8195236044047584e-5,0.02514014986633261
0.7292336533069215,0.01022053646911867,STCK,STCK,319.3557245715445,0.0041662054742864,0.00477138314802574,4.896224662677952e-5,0.02533527391959279
0.7392620365177762,0.01022053646911867,STCK,STCK,323.7474878590181,0.00406445911183919,0.0047218976144967,5.2294196898865306e-5,0.02675282802636296
0.749290419728631,0.01022053646911867,STCK,STCK,328.1392511464918,0.00410651211277195,0.0046857104162546,6.351572982238599e-5,0.02561275998553263
0.7593188029394857,0.01022053646911867,STCK,STCK,332.5310144339654,0.00439426917403674,0.00502321361102526,5.743217129475173e-5,0.02590332130914606
0.7693471861503405,0.01022053646911867,STCK,STCK,336.9227777214391,0.00439851254562879,0.00490985221311468,6.64194469405268e-5,0.02672613327638192
0.7793755693611952,0.01022053646911867,STCK,STCK,341.3145410089128,0.00426457768115245,0.0048365089592421,7.179195514697202e-5,0.02693126834806568
0.78940395257205,0.01022053646911867,STCK,STCK,345.7063042963864,0.00446985534973471,0.00503681620067963,6.219510686428082e-5,0.02744052441578164
0.7994323357829047,0.01022053646911867,STCK,STCK,350.0980675838601,0.00453923757604538,0.00506234219181235,7.212585941665151e-5,0.02649782658406489
0.8094607189937595,0.01022053646911867,STCK,STCK,354.48983087133377,0.00456874714323615,0.00512828355391554,6.60132852499868e-5,0.02722213924329897
0.8194891022046142,0.01022053646911867,STCK,STCK,358.8815941588074,0.00453523114804682,0.00510187692403868,6.741329339890208e-5,0.02768049690556941
0.829517485415469,0.01022053646911867,STCK,STCK,363.27335744628107,0.00469951665104706,0.00527178408088612,7.91066445652062e-5,0.02764454268016689
0.8395458686263237,0.01022053646911867,STCK,STCK,367.6651207337547,0.00468339866060919,0.00524320024629531,8.238071831025875e-5,0.02714239825643753
0.8495742518371786,0.01022053646911867,STCK,STCK,372.0568840212284,0.00465309982859014,0.0051610734264395,8.639888784921202e-5,0.02761752475044027
0.8596026350480334,0.01022053646911867,STCK,STCK,376.4486473087021,0.00471773549197517,0.00520995154580696,8.455435405583684e-5,0.02712897824366506
0.8696310182588881,0.01022053646911867,STCK,STCK,380.84041059617573,0.00499626460007769,0.00541470519083662,9.634528557294868e-5,0.02805039971340298
0.8796594014697429,0.01022053646911867,STCK,STCK,385.2321738836494,0.00502399031369367,0.00552565147039925,8.601297675955571e-5,0.02849467256610502
0.8896877846805976,0.01022053646911867,STCK,STCK,389.62393717112303,0.00495817560620384,0.00546809403977819,8.905141711269588e-5,0.02827749746988913
0.8997161678914524,0.01022053646911867,STCK,STCK,394.0157004585967,0.004990868736131,0.00547226833646506,8.757325831645763e-5,0.02927774953326914
0.9097445511023072,0.01022053646911867,STCK,STCK,398.4074637460704,0.00506797055579773,0.00551749971993054,7.635583353630267e-5,0.02777829651389446
0.919772934313162,0.01022053646911867,STCK,STCK,402.79922703354407,0.00506927511218411,0.00555346768235901,9.42688611305564e-5,0.02929451880535287
0.9298013175240166,0.01022053646911867,STCK,STCK,407.1909903210177,0.00523886874869117,0.00561382839943112,1.0002540777781324e-4,0.02810168619140514
0.9398297007348714,0.01022053646911867,STCK,STCK,411.5827536084913,0.00526216966749233,0.0056473019909701,1.107043732946742e-4,0.02979519008266449
0.949858083945726,0.01022053646911867,STCK,STCK,415.97451689596494,0.00534785433358163,0.00569691371845362,1.3010536184044613e-4,0.02892370134978473
0.9598864671565808,0.01022053646911867,STCK,STCK,420.3662801834386,0.00540649222769124,0.00577478563928035,1.0607735284777042e-4,0.02949868624752634
0.9699148503674356,0.01022053646911867,STCK,STCK,424.7580434709123,0.0055991794201986,0.00604104776337896,1.055220006874742e-4,0.03081699204677102
0.9799432335782904,0.01022053646911867,STCK,STCK,429.149806758386,0.00563289112625572,0.00604531340665562,1.1485804783502288e-4,0.0299207881469027
0.9899716167891452,0.01022053646911867,STCK,STCK,433.54157004585966,0.00554197252843145,0.00600576117371775,1.2032423387834111e-4,0.0296329984324913
1,0.01022053646911867,STCK,STCK,437.93333333333334,0.00557716014966379,0.00608630405094286,1.139635356333752e-4,0.03004600649603347
